#VRML V1.0 ascii

#Generated from PARTsolutions, CADENAS GmbH.
#Date of Generation: Fr Apr 12 2024
Header_Info
{
fields [SFString vendor, SFString product, SFString datatype, SFString version]
vendor   "CADENAS GmbH"
product  "PARTsolutions"
datatype "PARTsolutionsVRML"
version  "1.0"
}

# Breite: 62.76, Höhe: 14.48
PerspectiveCamera
{
  position    -0.18 -2.24 94.26
  orientation 0 0 1 0
}

DEF _ET60S-24-R1_sign Group
{
Shape 
{
  Node_info
  {
    fields [SFString node_type, SFString node_name]
    node_type "Poly_Geom_Data"
    node_name ""
  }

    Material
    {
      ambientColor [0.50 0.50 0.50]
      diffuseColor [0.50 0.50 0.50]
      specularColor [0.8 0.8 0.8]
      shininess [0.5]
      transparency [0.00]
    }

  Coordinate3
  {
    point
    [
      2.73 19.64 0.77, 6.89 19.64 -1.77, 
      -2.35 19.64 1.77, 5.27 19.64 -3.31, 
      0.19 19.64 -0.77, -0.73 19.64 3.31, 
      4.35 19.64 0.77, 4.35 19.64 -3.31, 
      5.27 19.64 -1.77, -0.73 19.64 -0.77, 
      0.19 19.64 3.31, -0.73 19.64 1.77, 
      5.27 19.64 0.77, 4.35 19.64 -1.77, 
      0.19 19.64 1.77, 2.73 19.64 -3.31, 
      -2.35 19.64 -0.77, 1.81 19.64 3.31, 
      6.89 19.64 0.77, 10.53 0.25 -4.1, 
      1.81 19.64 -3.31, 2.73 19.64 -1.77, 
      -3.27 19.64 -0.77, 2.73 19.64 3.31, 
      1.81 19.64 1.77, 11.45 4.16642 2.53, 
      7.81 19.64 0.77, 9.46 0.25 -4.1, 
      1.81 19.64 -1.77, 9.43 24.42 -0.77, 
      11.95 4.16642 2.53, 2.73 19.64 1.77, 
      0.19 19.64 -3.31, -4.89 19.64 -0.77, 
      4.35 19.64 3.31, 11.45 15.26 3.50056, 
      9.43 19.64 0.77, 7.96 0.25 -4.1, 
      -0.73 19.64 -3.31, 0.19 19.64 -1.77, 
      11.95 15.26 3.50056, 7.81 24.42 -0.77, 
      -5.81 19.64 -0.77, 5.27 19.64 3.31, 
      4.35 19.64 1.77, 6.92 0.25 -4.1, 
      -0.73 19.64 -1.77, 6.89 24.42 -0.77, 
      5.27 19.64 1.77, -2.35 19.64 -3.31, 
      -7.43 19.64 -0.77, 6.89 19.64 3.31, 
      5.42 0.25 -4.1, -3.27 19.64 -3.31, 
      -2.35 19.64 -1.77, 5.27 24.42 -0.77, 
      -8.35 19.64 -0.77, 7.81 19.64 3.31, 
      6.89 19.64 1.77, 9.43 24.42 -3.31, 
      4.38 0.25 -4.1, -3.27 19.64 -1.77, 
      -12.31 0 4, 4.35 24.42 -0.77, 
      7.81 19.64 1.77, -10.445 15.26 -3.495, 
      -4.89 19.64 -3.31, -11.71 0 4, 
      9.43 24.42 -1.77, -9.97 19.64 -0.77, 
      9.43 19.64 3.31, 7.81 24.42 -3.31, 
      2.88 0.25 -4.1, -5.81 19.64 -3.31, 
      -4.89 19.64 -1.77, 2.73 24.42 -0.77, 
      9.43 19.64 1.77, 6.89 24.42 -3.31, 
      7.81 24.42 -1.77, 1.84 0.25 -4.1, 
      -5.81 19.64 -1.77, 1.81 24.42 -0.77, 
      -7.43 19.64 -3.31, 10.95 15.26 2.74766, 
      6.89 24.42 -1.77, 11.45 15.26 2.74766, 
      -9.945 15.26 3.995, 5.27 24.42 -3.31, 
      0.34 0.25 -4.1, -8.35 19.64 -3.31, 
      -7.43 19.64 -1.77, 0.19 24.42 -0.77, 
      4.35 24.42 -3.31, 5.27 24.42 -1.77, 
      -0.7 0.25 -4.1, -8.35 19.64 -1.77, 
      -0.73 24.42 -0.77, -9.97 19.64 -3.31, 
      -11.31 15.01 -3.52571, -12.31 0 5, 
      4.35 24.42 -1.77, -11.81 15.01 -3.52571, 
      2.73 24.42 -3.31, -2.2 0.25 -4.1, 
      -9.97 19.64 -1.77, -2.35 24.42 -0.77, 
      10.95 0 -5, 1.81 24.42 -3.31, 
      2.73 24.42 -1.77, -3.24 0.25 -4.1, 
      -10.53 0 5, -3.27 24.42 -0.77, 
      1.81 24.42 -1.77, 0.19 24.42 -3.31, 
      -4.74 0.25 -4.1, 10.015 15.26 3.92801, 
      -4.89 24.42 -0.77, -0.73 24.42 -3.31, 
      0.19 24.42 -1.77, -5.78 0.25 -4.1, 
      -5.81 24.42 -0.77, -0.73 24.42 -1.77, 
      -2.35 24.42 -3.31, -7.28 0.25 -4.1, 
      -7.43 24.42 -0.77, -3.27 24.42 -3.31, 
      -2.35 24.42 -1.77, -8.32 0.25 -4.1, 
      -8.35 24.42 -0.77, -3.27 24.42 -1.77, 
      -11.81 15.01 -2.77281, -4.89 24.42 -3.31, 
      -9.82 0.25 -4.1, -12.31 15.01 -2.77281, 
      -9.97 24.42 -0.77, -10.53 0.25 -4.1, 
      -5.81 24.42 -3.31, -4.89 24.42 -1.77, 
      10.95 4.52699 1.59462, -11.31 15.193 -3.70873, 
      -10.445 24.42 3.495, 11.45 4.52699 1.59462, 
      -11.81 15.193 -3.70873, -5.81 24.42 -1.77, 
      -7.43 24.42 -3.31, -8.35 24.42 -3.31, 
      -7.43 24.42 -1.77, -11.81 3.71 2.49007, 
      -11.31 3.71 2.49007, -8.35 24.42 -1.77, 
      10.53 0 -4.1, -9.97 24.42 -3.31, 
      -11.81 14.8036 3.46063, -11.31 14.8036 3.46063, 
      9.46 0 -4.1, -9.97 24.42 -1.77, 
      7.96 0 -4.1, 10.198 15.26 -3.745, 
      6.92 0 -4.1, -11.81 15.193 -2.95583, 
      9.765 15.26 3.995, 5.42 0 -4.1, 
      -12.31 15.193 -2.95583, -11.71 0 -4, 
      -12.31 0 -4, 4.38 0 -4.1, 
      2.88 0 -4.1, -12.31 14.8036 2.70773, 
      -11.81 14.8036 2.70773, 1.84 0 -4.1, 
      10.53 0 5, 0.34 0 -4.1, 
      10.95 0 5, 11.45 4.46 -1, 
      10.95 4.46 -1, -0.7 0 -4.1, 
      -9.97 15.26 0.77, -12.31 0 -5, 
      -11.31 14.8036 -3.46063, -11.81 14.8036 -3.46063, 
      -2.2 0 -4.1, -8.35 15.26 0.77, 
      -3.24 0 -4.1, -10.53 0.25 5, 
      -7.43 15.26 0.77, 11.95 15.26 -3.50056, 
      -4.74 0 -4.1, 11.45 15.26 -3.50056, 
      -5.81 15.26 0.77, 11.45 4.46 -1.34462, 
      -5.78 0 -4.1, -9.97 15.26 3.31, 
      10.95 4.46 -1.34462, -4.89 15.26 0.77, 
      -11.81 15.01 3.52571, -11.31 15.01 3.52571, 
      10.265 24.42 3.495, -9.97 15.26 1.77, 
      -7.28 0 -4.1, -8.35 15.26 3.31, 
      -3.27 15.26 0.77, -8.32 0 -4.1, 
      -7.43 15.26 3.31, -8.35 15.26 1.77, 
      -2.35 15.26 0.77, -7.43 15.26 1.77, 
      -11.81 14.8036 -2.70773, -9.82 0 -4.1, 
      -5.81 15.26 3.31, -12.31 14.8036 -2.70773, 
      -0.73 15.26 0.77, -10.53 0 -4.1, 
      -4.89 15.26 3.31, -5.81 15.26 1.77, 
      0.19 15.26 0.77, -9.52 24.42 0.45, 
      -4.89 15.26 1.77, -8.62 24.42 0.45, 
      11.45 15.26 -2.74766, -3.27 15.26 3.31, 
      1.81 15.26 0.77, 10.95 15.26 -2.74766, 
      -12.31 15.01 2.77281, -2.35 15.26 3.31, 
      -10.378 15.26 -3.745, -3.27 15.26 1.77, 
      2.73 15.26 0.77, -6.98 24.42 0.45, 
      -11.81 15.01 2.77281, -2.35 15.26 1.77, 
      -6.08 24.42 0.45, -0.73 15.26 3.31, 
      4.35 15.26 0.77, 0.19 15.26 3.31, 
      -0.73 15.26 1.77, -9.52 24.42 2.99, 
      5.27 15.26 0.77, -4.44 24.42 0.45, 
      9.46 0.25 -4.4, -8.62 24.42 2.99, 
      0.19 15.26 1.77, -3.54 24.42 0.45, 
      10.265 24.42 -3.495, 1.81 15.26 3.31, 
      11.45 3.71 2.0319, 6.89 15.26 0.77, 
      7.96 0.25 -4.4, 11.95 3.71 2.0319, 
      2.73 15.26 3.31, 1.81 15.26 1.77, 
      -6.98 24.42 2.99, 7.81 15.26 0.77, 
      -1.9 24.42 0.45, 6.92 0.25 -4.4, 
      -6.08 24.42 2.99, 2.73 15.26 1.77, 
      -1 24.42 0.45, 4.35 15.26 3.31, 
      9.43 15.26 0.77, 5.42 0.25 -4.4, 
      11.45 3.71 1, 10.015 15.26 -3.92801, 
      5.27 15.26 3.31, 11.95 3.71 1, 
      4.35 15.26 1.77, -4.44 24.42 2.99, 
      0.64 24.42 0.45, 4.38 0.25 -4.4, 
      -11.31 15.26 -3.95873, -3.54 24.42 2.99, 
      5.27 15.26 1.77, -11.81 15.26 -3.95873, 
      1.54 24.42 0.45, 6.89 15.26 3.31, 
      -11.81 4.46 -1.80278, 2.88 0.25 -4.4, 
      -12.31 4.46 -1.80278, 7.81 15.26 3.31, 
      6.89 15.26 1.77, -1.9 24.42 2.99, 
      3.18 24.42 0.45, 1.84 0.25 -4.4, 
      10.53 0.25 5, -1 24.42 2.99, 
      7.81 15.26 1.77, -9.52 19.64 0.45, 
      4.08 24.42 0.45, 9.43 15.26 3.31, 
      11.45 4.91642 -1.84271, 0.34 0.25 -4.4, 
      -8.62 19.64 0.45, 10.95 4.91642 -1.84271, 
      9.43 15.26 1.77, 0.64 24.42 2.99, 
      5.72 24.42 0.45, -0.7 0.25 -4.4, 
      1.54 24.42 2.99, -9.52 24.42 2.09, 
      -6.98 19.64 0.45, 6.62 24.42 0.45, 
      -12.31 15.26 5, -10.53 14.26 4.42, 
      -2.2 0.25 -4.4, -8.62 24.42 2.09, 
      -6.08 19.64 0.45, 10.95 15.26 1, 
      -10.378 24.42 3.745, 11.45 15.26 1, 
      3.18 24.42 2.99, 8.26 24.42 0.45, 
      -3.24 0.25 -4.4, 11.95 15.26 1, 
      9.16 19.64 -0.45, -9.52 19.64 2.99, 
      4.08 24.42 2.99, -6.98 24.42 2.09, 
      -4.44 19.64 0.45, -11.81 15.26 -3.20583, 
      9.16 24.42 0.45, 8.26 19.64 -0.45, 
      -12.31 15.26 -3.20583, -8.62 19.64 2.99, 
      -4.74 0.25 -4.4, -6.08 24.42 2.09, 
      -3.54 19.64 0.45, 5.72 24.42 2.99, 
      -5.78 0.25 -4.4, 6.62 19.64 -0.45, 
      10.95 4.71 1.77763, -6.98 19.64 2.99, 
      6.62 24.42 2.99, -4.44 24.42 2.09, 
      -1.9 19.64 0.45, 11.45 4.71 1.77763, 
      5.72 19.64 -0.45, -6.08 19.64 2.99, 
      -7.28 0.25 -4.4, -3.54 24.42 2.09, 
      -1 19.64 0.45, 8.26 24.42 2.99, 
      9.16 19.64 -2.99, -8.32 0.25 -4.4, 
      4.08 19.64 -0.45, -4.44 19.64 2.99, 
      9.16 24.42 2.99, -1.9 24.42 2.09, 
      0.64 19.64 0.45, 8.26 19.64 -2.99, 
      3.18 19.64 -0.45, -3.54 19.64 2.99, 
      9.765 15.26 -3.995, -9.82 0.25 -4.4, 
      -1 24.42 2.09, 1.54 19.64 0.45, 
      6.62 19.64 -2.99, 1.54 19.64 -0.45, 
      -1.9 19.64 2.99, 0.64 24.42 2.09, 
      3.18 19.64 0.45, 5.72 19.64 -2.99, 
      0.64 19.64 -0.45, -1 19.64 2.99, 
      -10.445 24.42 -3.495, 1.54 24.42 2.09, 
      4.08 19.64 0.45, 4.08 19.64 -2.99, 
      -1 19.64 -0.45, 0.64 19.64 2.99, 
      3.18 24.42 2.09, 5.72 19.64 0.45, 
      3.18 19.64 -2.99, -1.9 19.64 -0.45, 
      1.54 19.64 2.99, -9.52 19.64 2.09, 
      4.08 24.42 2.09, 6.62 19.64 0.45, 
      11.45 4.52699 -1.59462, -10.195 15.26 -3.92801, 
      9.46 0 -4.4, 10.95 4.52699 -1.59462, 
      -8.62 19.64 2.09, 1.54 19.64 -2.99, 
      -3.54 19.64 -0.45, 3.18 19.64 2.99, 
      5.72 24.42 2.09, 8.26 19.64 0.45, 
      0.64 19.64 -2.99, 9.16 24.42 -0.45, 
      -4.44 19.64 -0.45, 7.96 0 -4.4, 
      4.08 19.64 2.99, -6.98 19.64 2.09, 
      6.62 24.42 2.09, 9.16 19.64 0.45, 
      8.26 24.42 -0.45, 6.92 0 -4.4, 
      -6.08 19.64 2.09, -1 19.64 -2.99, 
      -6.08 19.64 -0.45, 5.72 19.64 2.99, 
      8.26 24.42 2.09, -1.9 19.64 -2.99, 
      9.16 19.64 -2.09, 6.62 24.42 -0.45, 
      -6.98 19.64 -0.45, 5.42 0 -4.4, 
      6.62 19.64 2.99, -4.44 19.64 2.09, 
      9.16 24.42 2.09, 8.26 19.64 -2.09, 
      5.72 24.42 -0.45, 4.38 0 -4.4, 
      -3.54 19.64 2.09, -3.54 19.64 -2.99, 
      -8.62 19.64 -0.45, 8.26 19.64 2.99, 
      9.16 24.42 -2.99, -4.44 19.64 -2.99, 
      6.62 19.64 -2.09, 4.08 24.42 -0.45, 
      -9.52 19.64 -0.45, 2.88 0 -4.4, 
      10.95 4.91642 1.84271, 9.16 19.64 2.99, 
      -1.9 19.64 2.09, 8.26 24.42 -2.99, 
      11.45 4.91642 1.84271, 5.72 19.64 -2.09, 
      3.18 24.42 -0.45, 10.53 14.26 4.42, 
      1.84 0 -4.4, 10.198 24.42 3.745, 
      -1 19.64 2.09, -6.08 19.64 -2.99, 
      6.62 24.42 -2.99, -6.98 19.64 -2.99, 
      4.08 19.64 -2.09, 1.54 24.42 -0.45, 
      0.34 0 -4.4, 11.45 4.71 -1.77763, 
      0.64 19.64 2.09, 5.72 24.42 -2.99, 
      10.95 4.71 -1.77763, 10.95 15.26 5, 
      3.18 19.64 -2.09, 0.64 24.42 -0.45, 
      -0.7 0 -4.4, 1.54 19.64 2.09, 
      -8.62 19.64 -2.99, -11.81 15.193 3.70873, 
      4.08 24.42 -2.99, -9.52 19.64 -2.99, 
      -11.31 15.193 3.70873, 1.54 19.64 -2.09, 
      -1 24.42 -0.45, -10.445 15.26 3.495, 
      -2.2 0 -4.4, 3.18 19.64 2.09, 
      3.18 24.42 -2.99, 0.64 19.64 -2.09, 
      -1.9 24.42 -0.45, -3.24 0 -4.4, 
      4.08 19.64 2.09, 1.54 24.42 -2.99, 
      -9.945 15.26 -3.995, -1 19.64 -2.09, 
      -3.54 24.42 -0.45, -4.74 0 -4.4, 
      5.72 19.64 2.09, 0.64 24.42 -2.99, 
      -1.9 19.64 -2.09, -4.44 24.42 -0.45, 
      -10.195 24.42 3.92801, -5.78 0 -4.4, 
      6.62 19.64 2.09, -1 24.42 -2.99, 
      -3.54 19.64 -2.09, -6.08 24.42 -0.45, 
      -7.28 0 -4.4, 8.26 19.64 2.09, 
      -1.9 24.42 -2.99, 9.16 24.42 -2.09, 
      -4.44 19.64 -2.09, -6.98 24.42 -0.45, 
      -8.32 0 -4.4, 9.16 19.64 2.09, 
      -12.31 15.193 2.95583, 8.26 24.42 -2.09, 
      10.198 24.42 -3.745, -11.81 15.193 2.95583, 
      -3.54 24.42 -2.99, -6.08 19.64 -2.09, 
      -8.62 24.42 -0.45, -9.82 0 -4.4, 
      -4.44 24.42 -2.99, 6.62 24.42 -2.09, 
      -6.98 19.64 -2.09, -9.52 24.42 -0.45, 
      5.72 24.42 -2.09, -11.71 2.6 -4, 
      9.43 15.26 -0.77, -6.08 24.42 -2.99, 
      -8.62 19.64 -2.09, -12.31 2.6 -4, 
      -6.98 24.42 -2.99, 4.08 24.42 -2.09, 
      -9.52 19.64 -2.09, 7.81 15.26 -0.77, 
      3.18 24.42 -2.09, 6.89 15.26 -0.77, 
      -8.62 24.42 -2.99, 11.95 15.26 -1, 
      -9.52 24.42 -2.99, 1.54 24.42 -2.09, 
      5.27 15.26 -0.77, 11.45 15.26 -1, 
      11.45 3.77699 2.2819, -12.31 2.6 4, 
      10.95 15.26 -1, 11.95 3.77699 2.2819, 
      0.64 24.42 -2.09, 9.43 15.26 -3.31, 
      -11.71 2.6 4, 4.35 15.26 -0.77, 
      9.43 15.26 -1.77, 7.81 15.26 -3.31, 
      -1 24.42 -2.09, 2.73 15.26 -0.77, 
      -1.9 24.42 -2.09, 6.89 15.26 -3.31, 
      7.81 15.26 -1.77, 1.81 15.26 -0.77, 
      6.89 15.26 -1.77, -9.945 24.42 3.995, 
      11.95 3.71 -2.0319, -12.31 4.46 1.80278, 
      5.27 15.26 -3.31, -3.54 24.42 -2.09, 
      0.19 15.26 -0.77, 11.45 3.71 -2.0319, 
      -11.81 4.46 1.80278, -4.44 24.42 -2.09, 
      4.35 15.26 -3.31, 5.27 15.26 -1.77, 
      -0.73 15.26 -0.77, 4.35 15.26 -1.77, 
      10.265 15.26 3.495, 2.73 15.26 -3.31, 
      -6.08 24.42 -2.09, -2.35 15.26 -0.77, 
      11.95 3.71 -1, 11.45 3.71 -1, 
      -6.98 24.42 -2.09, 1.81 15.26 -3.31, 
      2.73 15.26 -1.77, -3.27 15.26 -0.77, 
      1.81 15.26 -1.77, 0.19 15.26 -3.31, 
      -8.62 24.42 -2.09, 10.015 24.42 3.92801, 
      -4.89 15.26 -0.77, -9.52 24.42 -2.09, 
      -0.73 15.26 -3.31, 0.19 15.26 -1.77, 
      -5.81 15.26 -0.77, -0.73 15.26 -1.77, 
      -2.35 15.26 -3.31, -7.43 15.26 -0.77, 
      -3.27 15.26 -3.31, -2.35 15.26 -1.77, 
      -8.35 15.26 -0.77, -10.378 24.42 -3.745, 
      -3.27 15.26 -1.77, -4.89 15.26 -3.31, 
      -9.97 15.26 -0.77, -5.81 15.26 -3.31, 
      -4.89 15.26 -1.77, -5.81 15.26 -1.77, 
      -7.43 15.26 -3.31, -8.35 15.26 -3.31, 
      -7.43 15.26 -1.77, -8.35 15.26 -1.77, 
      -9.97 15.26 -3.31, -9.97 15.26 -1.77, 
      10.015 24.42 -3.92801, -11.31 3.71 -2.49007, 
      -11.81 3.71 -2.49007, 10.95 15.26 -5, 
      9.765 24.42 3.995, 11.95 4.16642 -2.53, 
      11.45 4.16642 -2.53, -10.53 14.26 5, 
      10.95 4.46 1, 11.45 4.46 1, 
      -10.378 15.26 3.745, -9.97 24.42 0.77, 
      -8.35 24.42 0.77, -7.43 24.42 0.77, 
      10.95 4.46 1.34462, 11.45 4.46 1.34462, 
      -11.81 15.26 3.95873, -10.53 0.25 4.42, 
      -5.81 24.42 0.77, -11.31 15.26 3.95873, 
      -9.97 24.42 3.31, 9.765 24.42 -3.995, 
      -4.89 24.42 0.77, -9.97 24.42 1.77, 
      -8.35 24.42 3.31, -3.27 24.42 0.77, 
      -7.43 24.42 3.31, -8.35 24.42 1.77, 
      -2.35 24.42 0.77, -7.43 24.42 1.77, 
      -5.81 24.42 3.31, -0.73 24.42 0.77, 
      11.95 3.77699 -2.2819, 11.45 3.77699 -2.2819, 
      -4.89 24.42 3.31, -5.81 24.42 1.77, 
      0.19 24.42 0.77, -10.195 24.42 -3.92801, 
      -12.31 15.26 3.20583, -4.89 24.42 1.77, 
      -11.81 15.26 3.20583, -3.27 24.42 3.31, 
      1.81 24.42 0.77, -2.35 24.42 3.31, 
      -3.27 24.42 1.77, 2.73 24.42 0.77, 
      -2.35 24.42 1.77, -9.97 19.64 0.77, 
      -0.73 24.42 3.31, 4.35 24.42 0.77, 
      0.19 24.42 3.31, -0.73 24.42 1.77, 
      11.45 3.96 2.46491, -8.35 19.64 0.77, 
      5.27 24.42 0.77, 11.95 3.96 2.46491, 
      -12.31 15.26 -5, 0.19 24.42 1.77, 
      -7.43 19.64 0.77, 10.265 15.26 -3.495, 
      1.81 24.42 3.31, 10.53 14.26 5, 
      6.89 24.42 0.77, 2.73 24.42 3.31, 
      1.81 24.42 1.77, -5.81 19.64 0.77, 
      7.81 24.42 0.77, 9.43 19.64 -0.77, 
      -9.97 19.64 3.31, 10.198 15.26 3.745, 
      2.73 24.42 1.77, -4.89 19.64 0.77, 
      11.95 3.96 -2.46491, 4.35 24.42 3.31, 
      -9.97 19.64 1.77, 9.43 24.42 0.77, 
      11.45 3.96 -2.46491, 7.81 19.64 -0.77, 
      -8.35 19.64 3.31, 5.27 24.42 3.31, 
      4.35 24.42 1.77, -3.27 19.64 0.77, 
      6.89 19.64 -0.77, -7.43 19.64 3.31, 
      -8.35 19.64 1.77, 5.27 24.42 1.77, 
      -2.35 19.64 0.77, 6.89 24.42 3.31, 
      -7.43 19.64 1.77, 5.27 19.64 -0.77, 
      -5.81 19.64 3.31, 7.81 24.42 3.31, 
      6.89 24.42 1.77, -0.73 19.64 0.77, 
      9.43 19.64 -3.31, 4.35 19.64 -0.77, 
      -4.89 19.64 3.31, -5.81 19.64 1.77, 
      7.81 24.42 1.77, 0.19 19.64 0.77, 
      9.43 19.64 -1.77, 9.43 24.42 3.31, 
      -4.89 19.64 1.77, 7.81 19.64 -3.31, 
      -9.945 24.42 -3.995, 10.53 0.25 4.42, 
      2.73 19.64 -0.77, -3.27 19.64 3.31, 
      9.43 24.42 1.77, 1.81 19.64 0.77, 
      6.89 19.64 -3.31, 7.81 19.64 -1.77, 
      -10.195 15.26 3.92801, 1.81 19.64 -0.77, 
      -2.35 19.64 3.31, -3.27 19.64 1.77
    ]
  }

  Normal
  {
    vector
    [
      1.0000 0.0000 0.0000,-1.0000 0.0000 0.0000,
      0.0000 -0.3007 0.9537,0.0000 0.3007 -0.9537,
      0.0000 0.0000 -1.0000,0.0000 0.0000 1.0000,
      0.4830 0.0000 -0.8365,-0.4830 0.0000 0.8365,
      0.4830 0.0000 0.8365,-0.4830 0.0000 -0.8365,
      0.0000 -0.9659 0.2588,0.0000 0.9659 -0.2588,
      0.0000 -0.5039 0.8304,0.0000 0.5039 -0.8304,
      0.0000 -0.9659 -0.2588,0.0000 0.9659 0.2588,
      0.0000 -0.3007 -0.9537,0.0000 0.3007 0.9537,
      0.8365 0.0000 -0.4830,-0.8365 0.0000 0.4830,
      0.8365 0.0000 0.4830,-0.8365 0.0000 -0.4830,
      0.0000 1.0000 0.0000,0.0000 -1.0000 0.0000,
      0.0000 -0.0872 0.9962,0.0000 0.0872 -0.9962,
      0.9659 0.0000 -0.2588,-0.9659 0.0000 0.2588,
      0.9659 0.0000 0.2588,-0.9659 0.0000 -0.2588,
      0.0000 -0.0872 -0.9962,0.0000 0.0872 0.9962,
      0.2588 0.0000 -0.9659,-0.2588 0.0000 0.9659,
      0.2588 0.0000 0.9659,-0.2588 0.0000 -0.9659,
      0.0000 -0.8365 0.4830,0.0000 0.8365 -0.4830,
      0.0000 -0.8365 -0.4830,0.0000 0.8365 0.4830,
      0.0000 -0.5039 -0.8304,0.0000 0.5039 0.8304
    ]
  }

    Node_Info
    {
      fields [SFString node_type, SFString node_name]
      node_type "Poly_Surface"
      node_name ""
    }
    NormalBinding { value PER_VERTEX_INDEXED }
    Separator
    {
      MatrixTransform
      {
      matrix 1.0000 0.0000 0.0000 0.0000
             0.0000 0.0000 1.0000 0.0000
             0.0000 -1.0000 0.0000 0.0000
             0.0000 0.0000 0.0000 1.0000
      }
      IndexedFaceSet
      {
      coordIndex
      [
        62, 67, 110, -1,
        110, 67, 163, -1,
        110, 163, 211, -1,
        211, 163, 164, -1,
        211, 164, 493, -1,
        493, 164, 177, -1,
        493, 177, 484, -1,
        484, 177, 478, -1,
        484, 478, 198, -1,
        177, 106, 378, -1,
        177, 378, 389, -1,
        177, 389, 395, -1,
        177, 395, 405, -1,
        177, 405, 411, -1,
        177, 411, 421, -1,
        177, 421, 430, -1,
        177, 430, 438, -1,
        177, 438, 446, -1,
        177, 446, 456, -1,
        177, 456, 461, -1,
        177, 461, 467, -1,
        177, 467, 473, -1,
        177, 473, 478, -1,
        473, 467, 186, -1,
        473, 186, 190, -1,
        461, 456, 180, -1,
        461, 180, 182, -1,
        446, 438, 171, -1,
        446, 171, 175, -1,
        430, 421, 166, -1,
        430, 166, 169, -1,
        411, 405, 161, -1,
        411, 161, 165, -1,
        395, 389, 156, -1,
        395, 156, 158, -1,
        150, 154, 378, -1,
        150, 378, 106, -1,
        150, 106, 172, -1,
        150, 172, 170, -1,
        484, 198, 201, -1,
        62, 110, 99, -1,
        211, 493, 207, -1,
        218, 221, 518, -1,
        218, 518, 515, -1,
        218, 515, 511, -1,
        218, 511, 185, -1,
        218, 185, 187, -1,
        35, 40, 85, -1,
        85, 40, 311, -1,
        85, 311, 83, -1,
        83, 311, 546, -1,
        83, 546, 443, -1,
        443, 546, 653, -1,
        443, 653, 115, -1,
        603, 600, 300, -1,
        603, 300, 86, -1,
        603, 86, 696, -1,
        603, 696, 594, -1,
        603, 594, 455, -1,
        603, 455, 65, -1,
        603, 65, 268, -1,
        268, 65, 224, -1,
        268, 224, 377, -1,
        268, 377, 464, -1,
        268, 464, 271, -1,
        160, 86, 300, -1,
        160, 300, 443, -1,
        160, 443, 115, -1,
        546, 311, 307, -1,
        546, 307, 305, -1,
        546, 305, 518, -1,
        546, 518, 221, -1,
        546, 221, 643, -1,
        350, 261, 587, -1,
        587, 261, 157, -1,
        587, 157, 221, -1,
        221, 157, 643, -1,
        587, 640, 271, -1,
        587, 271, 464, -1,
        587, 464, 350, -1,
        624, 622, 300, -1,
        624, 300, 600, -1,
        271, 640, 320, -1,
        271, 320, 317, -1,
        573, 576, 572, -1,
        573, 572, 568, -1,
        560, 193, 200, -1,
        560, 200, 555, -1,
        225, 216, 212, -1,
        225, 212, 219, -1,
        566, 569, 565, -1,
        566, 565, 562, -1,
        549, 204, 210, -1,
        549, 210, 544, -1,
        229, 223, 231, -1,
        229, 231, 234, -1,
        578, 580, 577, -1,
        578, 577, 575, -1,
        567, 184, 188, -1,
        567, 188, 564, -1,
        213, 205, 202, -1,
        213, 202, 208, -1,
        582, 583, 581, -1,
        582, 581, 579, -1,
        574, 176, 181, -1,
        574, 181, 570, -1,
        197, 191, 199, -1,
        197, 199, 203, -1,
        557, 563, 556, -1,
        557, 556, 553, -1,
        538, 214, 220, -1,
        538, 220, 531, -1,
        249, 240, 233, -1,
        249, 233, 243, -1,
        547, 554, 545, -1,
        547, 545, 542, -1,
        527, 226, 232, -1,
        527, 232, 523, -1,
        255, 248, 257, -1,
        255, 257, 264, -1,
        536, 543, 532, -1,
        536, 532, 529, -1,
        514, 236, 245, -1,
        514, 245, 509, -1,
        270, 262, 273, -1,
        270, 273, 278, -1,
        525, 530, 524, -1,
        525, 524, 521, -1,
        500, 507, 251, -1,
        500, 251, 258, -1,
        284, 277, 287, -1,
        284, 287, 292, -1,
        110, 183, 300, -1,
        300, 183, 591, -1,
        300, 591, 443, -1,
        443, 591, 645, -1,
        443, 645, 172, -1,
        172, 645, 282, -1,
        172, 282, 170, -1,
        110, 300, 99, -1,
        640, 177, 503, -1,
        640, 503, 276, -1,
        640, 276, 209, -1,
        640, 209, 133, -1,
        640, 133, 162, -1,
        640, 162, 320, -1,
        276, 503, 535, -1,
        535, 503, 517, -1,
        535, 517, 300, -1,
        300, 517, 62, -1,
        300, 62, 99, -1,
        300, 622, 486, -1,
        300, 486, 222, -1,
        300, 222, 167, -1,
        300, 167, 535, -1,
        503, 177, 164, -1,
        106, 177, 640, -1,
        106, 640, 587, -1,
        689, 601, 135, -1,
        689, 135, 132, -1,
        689, 132, 127, -1,
        689, 127, 123, -1,
        689, 123, 119, -1,
        689, 119, 114, -1,
        689, 114, 109, -1,
        689, 109, 103, -1,
        689, 103, 94, -1,
        689, 94, 88, -1,
        689, 88, 79, -1,
        689, 79, 72, -1,
        689, 72, 60, -1,
        689, 60, 52, -1,
        689, 52, 45, -1,
        689, 45, 37, -1,
        689, 37, 27, -1,
        689, 27, 19, -1,
        27, 37, 246, -1,
        27, 246, 238, -1,
        45, 52, 259, -1,
        45, 259, 253, -1,
        60, 72, 275, -1,
        60, 275, 267, -1,
        79, 88, 289, -1,
        79, 289, 281, -1,
        127, 132, 351, -1,
        127, 351, 341, -1,
        119, 123, 336, -1,
        119, 336, 326, -1,
        94, 103, 302, -1,
        94, 302, 295, -1,
        109, 114, 322, -1,
        109, 322, 310, -1,
        645, 591, 301, -1,
        645, 301, 429, -1,
        138, 328, 172, -1,
        172, 328, 422, -1,
        172, 422, 443, -1,
        443, 422, 83, -1,
        172, 106, 379, -1,
        172, 379, 192, -1,
        172, 192, 174, -1,
        172, 174, 592, -1,
        172, 592, 598, -1,
        172, 598, 138, -1,
        592, 174, 518, -1,
        592, 518, 305, -1,
        291, 442, 106, -1,
        291, 106, 587, -1,
        291, 587, 221, -1,
        379, 106, 442, -1,
        585, 153, 178, -1,
        178, 153, 195, -1,
        178, 195, 98, -1,
        98, 195, 452, -1,
        98, 452, 139, -1,
        139, 452, 603, -1,
        139, 603, 268, -1,
        153, 585, 148, -1,
        271, 142, 139, -1,
        271, 139, 268, -1,
        179, 586, 585, -1,
        179, 585, 178, -1,
        142, 101, 98, -1,
        142, 98, 139, -1,
        101, 179, 178, -1,
        101, 178, 98, -1,
        449, 600, 603, -1,
        449, 603, 452, -1,
        152, 194, 195, -1,
        152, 195, 153, -1,
        194, 449, 452, -1,
        194, 452, 195, -1,
        486, 622, 624, -1,
        486, 624, 489, -1,
        168, 540, 535, -1,
        168, 535, 167, -1,
        228, 168, 167, -1,
        228, 167, 222, -1,
        222, 486, 489, -1,
        222, 489, 228, -1,
        320, 162, 159, -1,
        320, 159, 317, -1,
        162, 133, 130, -1,
        162, 130, 159, -1,
        206, 130, 133, -1,
        206, 133, 209, -1,
        25, 35, 85, -1,
        25, 85, 426, -1,
        25, 426, 333, -1,
        25, 333, 141, -1,
        25, 141, 599, -1,
        25, 599, 593, -1,
        25, 593, 260, -1,
        25, 260, 244, -1,
        25, 244, 516, -1,
        25, 516, 636, -1,
        376, 439, 590, -1,
        590, 439, 288, -1,
        590, 288, 187, -1,
        187, 288, 218, -1,
        590, 660, 173, -1,
        590, 173, 189, -1,
        590, 189, 376, -1,
        173, 660, 617, -1,
        173, 617, 539, -1,
        173, 539, 551, -1,
        511, 550, 534, -1,
        511, 534, 616, -1,
        511, 616, 656, -1,
        511, 656, 589, -1,
        511, 589, 185, -1,
        40, 30, 639, -1,
        40, 639, 519, -1,
        40, 519, 247, -1,
        40, 247, 263, -1,
        40, 263, 311, -1,
        550, 511, 515, -1,
        550, 515, 173, -1,
        550, 173, 551, -1,
        590, 187, 185, -1,
        590, 185, 589, -1,
        30, 40, 35, -1,
        30, 35, 25, -1,
        311, 263, 260, -1,
        311, 260, 593, -1,
        311, 593, 307, -1,
        307, 593, 592, -1,
        307, 592, 305, -1,
        426, 85, 83, -1,
        426, 83, 422, -1,
        291, 221, 218, -1,
        291, 218, 288, -1,
        518, 174, 173, -1,
        518, 173, 515, -1,
        429, 689, 282, -1,
        429, 282, 645, -1,
        617, 660, 656, -1,
        617, 656, 616, -1,
        539, 617, 616, -1,
        539, 616, 534, -1,
        660, 590, 589, -1,
        660, 589, 656, -1,
        551, 539, 534, -1,
        551, 534, 550, -1,
        636, 516, 519, -1,
        636, 519, 639, -1,
        25, 636, 639, -1,
        25, 639, 30, -1,
        516, 244, 247, -1,
        516, 247, 519, -1,
        244, 260, 263, -1,
        244, 263, 247, -1,
        422, 328, 333, -1,
        422, 333, 426, -1,
        328, 138, 141, -1,
        328, 141, 333, -1,
        138, 598, 599, -1,
        138, 599, 141, -1,
        598, 592, 593, -1,
        598, 593, 599, -1,
        379, 442, 439, -1,
        379, 439, 376, -1,
        192, 379, 376, -1,
        192, 376, 189, -1,
        442, 291, 288, -1,
        442, 288, 439, -1,
        174, 192, 189, -1,
        174, 189, 173, -1,
        591, 183, 601, -1,
        591, 601, 301, -1,
        540, 168, 152, -1,
        152, 168, 228, -1,
        152, 228, 194, -1,
        194, 228, 489, -1,
        194, 489, 449, -1,
        449, 489, 624, -1,
        449, 624, 600, -1,
        274, 540, 147, -1,
        274, 147, 586, -1,
        274, 586, 179, -1,
        274, 179, 206, -1,
        206, 101, 130, -1,
        130, 101, 142, -1,
        130, 142, 159, -1,
        159, 142, 271, -1,
        159, 271, 317, -1,
        206, 179, 101, -1,
        147, 540, 152, -1,
        517, 503, 499, -1,
        517, 499, 522, -1,
        499, 163, 67, -1,
        499, 67, 522, -1,
        503, 164, 163, -1,
        503, 163, 499, -1,
        586, 147, 148, -1,
        586, 148, 585, -1,
        62, 517, 522, -1,
        62, 522, 67, -1,
        153, 148, 147, -1,
        153, 147, 152, -1,
        209, 276, 274, -1,
        209, 274, 206, -1,
        276, 535, 540, -1,
        276, 540, 274, -1,
        301, 601, 689, -1,
        301, 689, 429, -1,
        150, 170, 282, -1,
        150, 282, 689, -1,
        150, 689, 19, -1,
        110, 211, 135, -1,
        110, 135, 601, -1,
        110, 601, 183, -1,
        19, 27, 154, -1,
        19, 154, 150, -1,
        37, 45, 158, -1,
        37, 158, 156, -1,
        52, 60, 165, -1,
        52, 165, 161, -1,
        72, 79, 169, -1,
        72, 169, 166, -1,
        132, 135, 211, -1,
        132, 211, 207, -1,
        123, 127, 201, -1,
        123, 201, 198, -1,
        88, 94, 175, -1,
        88, 175, 171, -1,
        103, 109, 182, -1,
        103, 182, 180, -1,
        114, 119, 190, -1,
        114, 190, 186, -1,
        171, 438, 289, -1,
        171, 289, 88, -1,
        473, 190, 119, -1,
        473, 119, 326, -1,
        180, 456, 302, -1,
        180, 302, 103, -1,
        186, 467, 322, -1,
        186, 322, 114, -1,
        310, 322, 467, -1,
        310, 467, 461, -1,
        461, 182, 109, -1,
        461, 109, 310, -1,
        295, 302, 456, -1,
        295, 456, 446, -1,
        446, 175, 94, -1,
        446, 94, 295, -1,
        484, 201, 127, -1,
        484, 127, 341, -1,
        198, 478, 336, -1,
        198, 336, 123, -1,
        326, 336, 478, -1,
        326, 478, 473, -1,
        207, 493, 351, -1,
        207, 351, 132, -1,
        341, 351, 493, -1,
        341, 493, 484, -1,
        161, 405, 259, -1,
        161, 259, 52, -1,
        166, 421, 275, -1,
        166, 275, 72, -1,
        281, 289, 438, -1,
        281, 438, 430, -1,
        430, 169, 79, -1,
        430, 79, 281, -1,
        267, 275, 421, -1,
        267, 421, 411, -1,
        411, 165, 60, -1,
        411, 60, 267, -1,
        156, 389, 246, -1,
        156, 246, 37, -1,
        253, 259, 405, -1,
        253, 405, 395, -1,
        395, 158, 45, -1,
        395, 45, 253, -1,
        238, 246, 389, -1,
        238, 389, 378, -1,
        378, 154, 27, -1,
        378, 27, 238, -1,
        362, 151, 242, -1,
        242, 151, 145, -1,
        242, 145, 144, -1,
        144, 145, 149, -1,
        144, 149, 146, -1,
        146, 149, 134, -1,
        146, 134, 143, -1,
        143, 134, 137, -1,
        143, 137, 131, -1,
        118, 121, 134, -1,
        134, 121, 126, -1,
        134, 126, 129, -1,
        129, 126, 122, -1,
        129, 122, 125, -1,
        125, 122, 242, -1,
        125, 242, 131, -1,
        131, 242, 136, -1,
        131, 136, 143, -1,
        113, 107, 242, -1,
        113, 242, 117, -1,
        113, 117, 121, -1,
        113, 121, 118, -1,
        242, 107, 102, -1,
        102, 107, 112, -1,
        102, 112, 108, -1,
        108, 112, 134, -1,
        108, 134, 100, -1,
        100, 134, 93, -1,
        100, 93, 87, -1,
        606, 602, 607, -1,
        607, 602, 597, -1,
        607, 597, 596, -1,
        596, 597, 124, -1,
        596, 124, 128, -1,
        128, 124, 68, -1,
        128, 68, 134, -1,
        134, 68, 78, -1,
        134, 78, 84, -1,
        84, 78, 71, -1,
        84, 71, 77, -1,
        77, 71, 242, -1,
        77, 242, 87, -1,
        87, 242, 92, -1,
        87, 92, 100, -1,
        116, 111, 68, -1,
        116, 68, 120, -1,
        116, 120, 602, -1,
        116, 602, 606, -1,
        68, 111, 105, -1,
        105, 111, 609, -1,
        105, 609, 612, -1,
        612, 609, 607, -1,
        612, 607, 615, -1,
        615, 607, 620, -1,
        615, 620, 91, -1,
        638, 633, 607, -1,
        607, 633, 629, -1,
        607, 629, 626, -1,
        626, 629, 75, -1,
        626, 75, 81, -1,
        81, 75, 68, -1,
        81, 68, 91, -1,
        91, 68, 96, -1,
        91, 96, 615, -1,
        55, 47, 68, -1,
        55, 68, 63, -1,
        55, 63, 633, -1,
        55, 633, 638, -1,
        68, 47, 41, -1,
        41, 47, 646, -1,
        41, 646, 650, -1,
        650, 646, 607, -1,
        650, 607, 659, -1,
        659, 607, 611, -1,
        659, 611, 613, -1,
        613, 611, 608, -1,
        613, 608, 610, -1,
        610, 608, 140, -1,
        610, 140, 614, -1,
        614, 140, 618, -1,
        614, 618, 623, -1,
        634, 632, 140, -1,
        140, 632, 627, -1,
        140, 627, 625, -1,
        625, 627, 630, -1,
        625, 630, 628, -1,
        628, 630, 659, -1,
        628, 659, 623, -1,
        623, 659, 619, -1,
        623, 619, 614, -1,
        641, 648, 659, -1,
        641, 659, 635, -1,
        641, 635, 632, -1,
        641, 632, 634, -1,
        659, 648, 654, -1,
        654, 648, 644, -1,
        654, 644, 647, -1,
        647, 644, 140, -1,
        647, 140, 657, -1,
        657, 140, 663, -1,
        657, 663, 669, -1,
        659, 692, 196, -1,
        196, 692, 685, -1,
        196, 685, 140, -1,
        140, 685, 675, -1,
        140, 675, 671, -1,
        671, 675, 682, -1,
        671, 682, 676, -1,
        676, 682, 659, -1,
        676, 659, 669, -1,
        669, 659, 664, -1,
        669, 664, 657, -1,
        196, 306, 431, -1,
        431, 306, 472, -1,
        431, 472, 559, -1,
        559, 472, 533, -1,
        559, 533, 588, -1,
        196, 242, 59, -1,
        196, 59, 68, -1,
        196, 68, 29, -1,
        196, 29, 659, -1,
        140, 608, 604, -1,
        140, 604, 607, -1,
        140, 607, 595, -1,
        140, 595, 134, -1,
        140, 134, 155, -1,
        140, 155, 151, -1,
        140, 151, 362, -1,
        605, 621, 584, -1,
        584, 621, 571, -1,
        584, 571, 488, -1,
        488, 571, 362, -1,
        488, 362, 242, -1,
        621, 605, 688, -1,
        155, 134, 149, -1,
        137, 134, 129, -1,
        118, 134, 112, -1,
        93, 134, 84, -1,
        595, 607, 596, -1,
        606, 607, 609, -1,
        620, 607, 626, -1,
        638, 607, 646, -1,
        618, 140, 625, -1,
        634, 140, 644, -1,
        663, 140, 671, -1,
        59, 242, 71, -1,
        92, 242, 102, -1,
        117, 242, 122, -1,
        136, 242, 144, -1,
        29, 68, 41, -1,
        63, 68, 75, -1,
        96, 68, 105, -1,
        120, 68, 124, -1,
        692, 659, 682, -1,
        664, 659, 654, -1,
        635, 659, 630, -1,
        619, 659, 613, -1,
        196, 140, 306, -1,
        641, 357, 648, -1,
        648, 357, 363, -1,
        648, 363, 644, -1,
        644, 363, 296, -1,
        644, 296, 634, -1,
        634, 296, 293, -1,
        634, 293, 357, -1,
        357, 641, 634, -1,
        630, 345, 635, -1,
        635, 345, 352, -1,
        635, 352, 632, -1,
        632, 352, 283, -1,
        632, 283, 627, -1,
        627, 283, 279, -1,
        627, 279, 345, -1,
        345, 630, 627, -1,
        623, 331, 628, -1,
        628, 331, 337, -1,
        628, 337, 625, -1,
        625, 337, 269, -1,
        625, 269, 618, -1,
        618, 269, 265, -1,
        618, 265, 331, -1,
        331, 623, 618, -1,
        91, 445, 81, -1,
        81, 445, 437, -1,
        81, 437, 626, -1,
        626, 437, 272, -1,
        626, 272, 620, -1,
        620, 272, 266, -1,
        620, 266, 445, -1,
        445, 91, 620, -1,
        105, 460, 96, -1,
        96, 460, 454, -1,
        96, 454, 615, -1,
        615, 454, 256, -1,
        615, 256, 612, -1,
        612, 256, 252, -1,
        612, 252, 460, -1,
        460, 105, 612, -1,
        116, 471, 111, -1,
        111, 471, 466, -1,
        111, 466, 609, -1,
        609, 466, 241, -1,
        609, 241, 606, -1,
        606, 241, 237, -1,
        606, 237, 471, -1,
        471, 116, 606, -1,
        113, 469, 107, -1,
        107, 469, 463, -1,
        107, 463, 112, -1,
        112, 463, 513, -1,
        112, 513, 118, -1,
        118, 513, 520, -1,
        118, 520, 469, -1,
        469, 113, 118, -1,
        122, 480, 117, -1,
        117, 480, 475, -1,
        117, 475, 121, -1,
        121, 475, 526, -1,
        121, 526, 126, -1,
        126, 526, 528, -1,
        126, 528, 480, -1,
        480, 122, 126, -1,
        131, 494, 125, -1,
        125, 494, 490, -1,
        125, 490, 129, -1,
        129, 490, 537, -1,
        129, 537, 137, -1,
        137, 537, 541, -1,
        137, 541, 494, -1,
        494, 131, 137, -1,
        613, 315, 619, -1,
        619, 315, 323, -1,
        619, 323, 614, -1,
        614, 323, 254, -1,
        614, 254, 610, -1,
        610, 254, 250, -1,
        610, 250, 315, -1,
        315, 613, 610, -1,
        124, 483, 120, -1,
        120, 483, 477, -1,
        120, 477, 602, -1,
        602, 477, 230, -1,
        602, 230, 597, -1,
        597, 230, 227, -1,
        597, 227, 483, -1,
        483, 124, 597, -1,
        144, 504, 136, -1,
        136, 504, 501, -1,
        136, 501, 143, -1,
        143, 501, 548, -1,
        143, 548, 146, -1,
        146, 548, 552, -1,
        146, 552, 504, -1,
        504, 144, 146, -1,
        607, 297, 611, -1,
        611, 297, 303, -1,
        611, 303, 608, -1,
        608, 303, 239, -1,
        608, 239, 604, -1,
        604, 239, 235, -1,
        604, 235, 297, -1,
        297, 607, 604, -1,
        134, 497, 128, -1,
        128, 497, 492, -1,
        128, 492, 596, -1,
        596, 492, 217, -1,
        596, 217, 595, -1,
        595, 217, 215, -1,
        595, 215, 497, -1,
        497, 134, 595, -1,
        151, 512, 145, -1,
        145, 512, 510, -1,
        145, 510, 149, -1,
        149, 510, 558, -1,
        149, 558, 155, -1,
        155, 558, 561, -1,
        155, 561, 512, -1,
        512, 151, 155, -1,
        654, 368, 664, -1,
        664, 368, 374, -1,
        664, 374, 657, -1,
        657, 374, 314, -1,
        657, 314, 647, -1,
        647, 314, 308, -1,
        647, 308, 368, -1,
        368, 654, 647, -1,
        75, 428, 63, -1,
        63, 428, 419, -1,
        63, 419, 633, -1,
        633, 419, 286, -1,
        633, 286, 629, -1,
        629, 286, 280, -1,
        629, 280, 428, -1,
        428, 75, 629, -1,
        102, 458, 92, -1,
        92, 458, 450, -1,
        92, 450, 100, -1,
        100, 450, 505, -1,
        100, 505, 108, -1,
        108, 505, 508, -1,
        108, 508, 458, -1,
        458, 102, 108, -1,
        669, 384, 676, -1,
        676, 384, 392, -1,
        676, 392, 671, -1,
        671, 392, 330, -1,
        671, 330, 663, -1,
        663, 330, 325, -1,
        663, 325, 384, -1,
        384, 669, 663, -1,
        55, 410, 47, -1,
        47, 410, 403, -1,
        47, 403, 646, -1,
        646, 403, 299, -1,
        646, 299, 638, -1,
        638, 299, 294, -1,
        638, 294, 410, -1,
        410, 55, 638, -1,
        87, 441, 77, -1,
        77, 441, 434, -1,
        77, 434, 84, -1,
        84, 434, 495, -1,
        84, 495, 93, -1,
        93, 495, 498, -1,
        93, 498, 441, -1,
        441, 87, 93, -1,
        682, 400, 692, -1,
        692, 400, 408, -1,
        692, 408, 685, -1,
        685, 408, 344, -1,
        685, 344, 675, -1,
        675, 344, 339, -1,
        675, 339, 400, -1,
        400, 682, 675, -1,
        41, 394, 29, -1,
        29, 394, 387, -1,
        29, 387, 659, -1,
        659, 387, 318, -1,
        659, 318, 650, -1,
        650, 318, 309, -1,
        650, 309, 394, -1,
        394, 41, 650, -1,
        71, 425, 59, -1,
        59, 425, 416, -1,
        59, 416, 68, -1,
        68, 416, 481, -1,
        68, 481, 78, -1,
        78, 481, 487, -1,
        78, 487, 425, -1,
        425, 71, 78, -1,
        563, 557, 32, -1,
        563, 32, 39, -1,
        214, 538, 4, -1,
        214, 4, 683, -1,
        233, 240, 14, -1,
        233, 14, 10, -1,
        575, 577, 80, -1,
        575, 80, 73, -1,
        564, 188, 649, -1,
        564, 649, 42, -1,
        213, 208, 674, -1,
        213, 674, 681, -1,
        569, 566, 49, -1,
        569, 49, 54, -1,
        204, 549, 16, -1,
        204, 16, 670, -1,
        223, 229, 2, -1,
        223, 2, 698, -1,
        22, 33, 560, -1,
        22, 560, 555, -1,
        53, 66, 573, -1,
        53, 573, 568, -1,
        350, 464, 688, -1,
        350, 688, 605, -1,
        568, 572, 61, -1,
        568, 61, 53, -1,
        576, 573, 66, -1,
        576, 66, 74, -1,
        576, 74, 61, -1,
        576, 61, 572, -1,
        53, 413, 66, -1,
        66, 413, 417, -1,
        66, 417, 74, -1,
        74, 417, 482, -1,
        74, 482, 61, -1,
        61, 482, 476, -1,
        61, 476, 413, -1,
        413, 53, 61, -1,
        413, 476, 537, -1,
        413, 537, 490, -1,
        476, 482, 541, -1,
        476, 541, 537, -1,
        490, 494, 417, -1,
        490, 417, 413, -1,
        482, 417, 494, -1,
        482, 494, 541, -1,
        699, 686, 216, -1,
        699, 216, 225, -1,
        555, 200, 665, -1,
        555, 665, 22, -1,
        193, 560, 33, -1,
        193, 33, 655, -1,
        193, 655, 665, -1,
        193, 665, 200, -1,
        22, 382, 33, -1,
        33, 382, 388, -1,
        33, 388, 655, -1,
        655, 388, 316, -1,
        655, 316, 665, -1,
        665, 316, 324, -1,
        665, 324, 382, -1,
        382, 22, 665, -1,
        382, 324, 241, -1,
        382, 241, 466, -1,
        324, 316, 237, -1,
        324, 237, 241, -1,
        466, 471, 388, -1,
        466, 388, 382, -1,
        316, 388, 471, -1,
        316, 471, 237, -1,
        212, 680, 691, -1,
        212, 691, 219, -1,
        86, 160, 588, -1,
        86, 588, 533, -1,
        225, 219, 691, -1,
        225, 691, 699, -1,
        212, 216, 686, -1,
        212, 686, 680, -1,
        699, 412, 686, -1,
        686, 412, 407, -1,
        686, 407, 680, -1,
        680, 407, 343, -1,
        680, 343, 691, -1,
        691, 343, 349, -1,
        691, 349, 412, -1,
        412, 699, 691, -1,
        412, 349, 269, -1,
        412, 269, 337, -1,
        349, 343, 265, -1,
        349, 265, 269, -1,
        337, 331, 407, -1,
        337, 407, 412, -1,
        343, 407, 331, -1,
        343, 331, 265, -1,
        9, 16, 549, -1,
        9, 549, 544, -1,
        38, 49, 566, -1,
        38, 566, 562, -1,
        562, 565, 46, -1,
        562, 46, 38, -1,
        569, 54, 46, -1,
        569, 46, 565, -1,
        38, 397, 49, -1,
        49, 397, 401, -1,
        49, 401, 54, -1,
        54, 401, 470, -1,
        54, 470, 46, -1,
        46, 470, 465, -1,
        46, 465, 397, -1,
        397, 38, 46, -1,
        465, 470, 528, -1,
        465, 528, 526, -1,
        475, 480, 401, -1,
        475, 401, 397, -1,
        397, 465, 526, -1,
        397, 526, 475, -1,
        470, 401, 480, -1,
        470, 480, 528, -1,
        11, 2, 229, -1,
        11, 229, 234, -1,
        544, 210, 677, -1,
        544, 677, 9, -1,
        204, 670, 677, -1,
        204, 677, 210, -1,
        9, 366, 16, -1,
        16, 366, 371, -1,
        16, 371, 670, -1,
        670, 371, 332, -1,
        670, 332, 677, -1,
        677, 332, 338, -1,
        677, 338, 366, -1,
        366, 9, 677, -1,
        338, 332, 252, -1,
        338, 252, 256, -1,
        366, 338, 256, -1,
        366, 256, 454, -1,
        454, 460, 371, -1,
        454, 371, 366, -1,
        332, 371, 460, -1,
        332, 460, 252, -1,
        223, 698, 5, -1,
        223, 5, 231, -1,
        234, 231, 5, -1,
        234, 5, 11, -1,
        11, 432, 2, -1,
        2, 432, 424, -1,
        2, 424, 698, -1,
        698, 424, 356, -1,
        698, 356, 5, -1,
        5, 356, 361, -1,
        5, 361, 432, -1,
        432, 11, 5, -1,
        361, 356, 279, -1,
        361, 279, 283, -1,
        432, 361, 283, -1,
        432, 283, 352, -1,
        352, 345, 424, -1,
        352, 424, 432, -1,
        356, 424, 345, -1,
        356, 345, 279, -1,
        579, 581, 95, -1,
        579, 95, 89, -1,
        570, 181, 637, -1,
        570, 637, 56, -1,
        203, 199, 662, -1,
        203, 662, 668, -1,
        42, 50, 567, -1,
        42, 567, 564, -1,
        73, 82, 578, -1,
        73, 578, 575, -1,
        580, 578, 82, -1,
        580, 82, 90, -1,
        580, 90, 80, -1,
        580, 80, 577, -1,
        73, 433, 82, -1,
        82, 433, 435, -1,
        82, 435, 90, -1,
        90, 435, 496, -1,
        90, 496, 80, -1,
        80, 496, 491, -1,
        80, 491, 433, -1,
        433, 73, 80, -1,
        433, 491, 548, -1,
        433, 548, 501, -1,
        491, 496, 552, -1,
        491, 552, 548, -1,
        501, 504, 435, -1,
        501, 435, 433, -1,
        496, 435, 504, -1,
        496, 504, 552, -1,
        681, 672, 205, -1,
        681, 205, 213, -1,
        184, 567, 50, -1,
        184, 50, 642, -1,
        184, 642, 649, -1,
        184, 649, 188, -1,
        42, 398, 50, -1,
        50, 398, 404, -1,
        50, 404, 642, -1,
        642, 404, 298, -1,
        642, 298, 649, -1,
        649, 298, 304, -1,
        649, 304, 398, -1,
        398, 42, 649, -1,
        398, 304, 230, -1,
        398, 230, 477, -1,
        304, 298, 227, -1,
        304, 227, 230, -1,
        477, 483, 404, -1,
        477, 404, 398, -1,
        298, 404, 483, -1,
        298, 483, 227, -1,
        202, 667, 674, -1,
        202, 674, 208, -1,
        202, 205, 672, -1,
        202, 672, 667, -1,
        681, 396, 672, -1,
        672, 396, 391, -1,
        672, 391, 667, -1,
        667, 391, 329, -1,
        667, 329, 674, -1,
        674, 329, 335, -1,
        674, 335, 396, -1,
        396, 681, 674, -1,
        396, 335, 254, -1,
        396, 254, 323, -1,
        335, 329, 250, -1,
        335, 250, 254, -1,
        323, 315, 391, -1,
        323, 391, 396, -1,
        329, 391, 315, -1,
        329, 315, 250, -1,
        56, 69, 574, -1,
        56, 574, 570, -1,
        89, 97, 582, -1,
        89, 582, 579, -1,
        140, 362, 65, -1,
        140, 65, 455, -1,
        377, 224, 571, -1,
        377, 571, 621, -1,
        224, 65, 362, -1,
        224, 362, 571, -1,
        464, 377, 621, -1,
        464, 621, 688, -1,
        583, 582, 97, -1,
        583, 97, 104, -1,
        583, 104, 95, -1,
        583, 95, 581, -1,
        89, 448, 97, -1,
        97, 448, 451, -1,
        97, 451, 104, -1,
        104, 451, 506, -1,
        104, 506, 95, -1,
        95, 506, 502, -1,
        95, 502, 448, -1,
        448, 89, 95, -1,
        448, 502, 558, -1,
        448, 558, 510, -1,
        502, 506, 561, -1,
        502, 561, 558, -1,
        510, 512, 451, -1,
        510, 451, 448, -1,
        506, 451, 512, -1,
        506, 512, 561, -1,
        668, 658, 197, -1,
        668, 197, 203, -1,
        176, 574, 69, -1,
        176, 69, 631, -1,
        176, 631, 637, -1,
        176, 637, 181, -1,
        56, 414, 69, -1,
        69, 414, 420, -1,
        69, 420, 631, -1,
        631, 420, 285, -1,
        631, 285, 637, -1,
        637, 285, 290, -1,
        637, 290, 414, -1,
        414, 56, 637, -1,
        414, 290, 217, -1,
        414, 217, 492, -1,
        290, 285, 215, -1,
        290, 215, 217, -1,
        285, 420, 497, -1,
        285, 497, 215, -1,
        492, 497, 420, -1,
        492, 420, 414, -1,
        191, 197, 658, -1,
        191, 658, 652, -1,
        594, 696, 472, -1,
        594, 472, 306, -1,
        696, 86, 533, -1,
        696, 533, 472, -1,
        455, 594, 306, -1,
        455, 306, 140, -1,
        191, 652, 662, -1,
        191, 662, 199, -1,
        668, 380, 658, -1,
        658, 380, 373, -1,
        658, 373, 652, -1,
        652, 373, 313, -1,
        652, 313, 662, -1,
        662, 313, 321, -1,
        662, 321, 380, -1,
        380, 668, 662, -1,
        380, 321, 239, -1,
        380, 239, 303, -1,
        313, 373, 297, -1,
        313, 297, 235, -1,
        303, 297, 373, -1,
        303, 373, 380, -1,
        321, 313, 235, -1,
        321, 235, 239, -1,
        543, 536, 3, -1,
        543, 3, 8, -1,
        236, 514, 673, -1,
        236, 673, 12, -1,
        262, 270, 48, -1,
        262, 48, 43, -1,
        554, 547, 15, -1,
        554, 15, 21, -1,
        226, 527, 690, -1,
        226, 690, 0, -1,
        248, 255, 31, -1,
        248, 31, 23, -1,
        697, 4, 538, -1,
        697, 538, 531, -1,
        20, 32, 557, -1,
        20, 557, 553, -1,
        553, 556, 28, -1,
        553, 28, 20, -1,
        563, 39, 28, -1,
        563, 28, 556, -1,
        20, 381, 32, -1,
        32, 381, 386, -1,
        32, 386, 39, -1,
        39, 386, 459, -1,
        39, 459, 28, -1,
        28, 459, 453, -1,
        28, 453, 381, -1,
        381, 20, 28, -1,
        459, 386, 469, -1,
        459, 469, 520, -1,
        453, 459, 520, -1,
        453, 520, 513, -1,
        463, 469, 386, -1,
        463, 386, 381, -1,
        381, 453, 513, -1,
        381, 513, 463, -1,
        24, 14, 240, -1,
        24, 240, 249, -1,
        531, 220, 693, -1,
        531, 693, 697, -1,
        214, 683, 693, -1,
        214, 693, 220, -1,
        697, 355, 4, -1,
        4, 355, 360, -1,
        4, 360, 683, -1,
        683, 360, 346, -1,
        683, 346, 693, -1,
        693, 346, 353, -1,
        693, 353, 355, -1,
        355, 697, 693, -1,
        346, 360, 445, -1,
        346, 445, 266, -1,
        353, 346, 266, -1,
        353, 266, 272, -1,
        355, 353, 272, -1,
        355, 272, 437, -1,
        437, 445, 360, -1,
        437, 360, 355, -1,
        233, 10, 17, -1,
        233, 17, 243, -1,
        249, 243, 17, -1,
        249, 17, 24, -1,
        24, 447, 14, -1,
        14, 447, 440, -1,
        14, 440, 10, -1,
        10, 440, 367, -1,
        10, 367, 17, -1,
        17, 367, 372, -1,
        17, 372, 447, -1,
        447, 24, 17, -1,
        367, 440, 357, -1,
        367, 357, 293, -1,
        372, 367, 293, -1,
        372, 293, 296, -1,
        447, 372, 296, -1,
        447, 296, 363, -1,
        363, 357, 440, -1,
        363, 440, 447, -1,
        679, 690, 527, -1,
        679, 527, 523, -1,
        7, 15, 547, -1,
        7, 547, 542, -1,
        542, 545, 13, -1,
        542, 13, 7, -1,
        554, 21, 13, -1,
        554, 13, 545, -1,
        7, 365, 15, -1,
        15, 365, 370, -1,
        15, 370, 21, -1,
        21, 370, 444, -1,
        21, 444, 13, -1,
        13, 444, 436, -1,
        13, 436, 365, -1,
        365, 7, 13, -1,
        444, 370, 458, -1,
        444, 458, 508, -1,
        436, 444, 508, -1,
        436, 508, 505, -1,
        450, 458, 370, -1,
        450, 370, 365, -1,
        365, 436, 505, -1,
        365, 505, 450, -1,
        44, 31, 255, -1,
        44, 255, 264, -1,
        523, 232, 6, -1,
        523, 6, 679, -1,
        226, 0, 6, -1,
        226, 6, 232, -1,
        679, 342, 690, -1,
        690, 342, 348, -1,
        690, 348, 0, -1,
        0, 348, 358, -1,
        0, 358, 6, -1,
        6, 358, 364, -1,
        6, 364, 342, -1,
        342, 679, 6, -1,
        358, 348, 428, -1,
        358, 428, 280, -1,
        364, 358, 280, -1,
        364, 280, 286, -1,
        342, 364, 286, -1,
        342, 286, 419, -1,
        419, 428, 348, -1,
        419, 348, 342, -1,
        248, 23, 34, -1,
        248, 34, 257, -1,
        264, 257, 34, -1,
        264, 34, 44, -1,
        44, 462, 31, -1,
        31, 462, 457, -1,
        31, 457, 23, -1,
        23, 457, 383, -1,
        23, 383, 34, -1,
        34, 383, 390, -1,
        34, 390, 462, -1,
        462, 44, 34, -1,
        383, 457, 368, -1,
        383, 368, 308, -1,
        390, 383, 308, -1,
        390, 308, 314, -1,
        462, 390, 314, -1,
        462, 314, 374, -1,
        374, 368, 457, -1,
        374, 457, 462, -1,
        530, 525, 687, -1,
        530, 687, 695, -1,
        251, 507, 661, -1,
        251, 661, 26, -1,
        277, 284, 64, -1,
        277, 64, 57, -1,
        666, 673, 514, -1,
        666, 514, 509, -1,
        694, 3, 536, -1,
        694, 536, 529, -1,
        529, 532, 1, -1,
        529, 1, 694, -1,
        543, 8, 1, -1,
        543, 1, 532, -1,
        694, 354, 3, -1,
        3, 354, 359, -1,
        3, 359, 8, -1,
        8, 359, 427, -1,
        8, 427, 1, -1,
        1, 427, 418, -1,
        1, 418, 354, -1,
        354, 694, 1, -1,
        427, 359, 441, -1,
        427, 441, 498, -1,
        418, 427, 498, -1,
        418, 498, 495, -1,
        434, 441, 359, -1,
        434, 359, 354, -1,
        354, 418, 495, -1,
        354, 495, 434, -1,
        58, 48, 270, -1,
        58, 270, 278, -1,
        509, 245, 18, -1,
        509, 18, 666, -1,
        236, 12, 18, -1,
        236, 18, 245, -1,
        666, 327, 673, -1,
        673, 327, 334, -1,
        673, 334, 12, -1,
        12, 334, 369, -1,
        12, 369, 18, -1,
        18, 369, 375, -1,
        18, 375, 327, -1,
        327, 666, 18, -1,
        369, 334, 410, -1,
        369, 410, 294, -1,
        375, 369, 294, -1,
        375, 294, 299, -1,
        327, 375, 299, -1,
        327, 299, 403, -1,
        403, 410, 334, -1,
        403, 334, 327, -1,
        262, 43, 51, -1,
        262, 51, 273, -1,
        278, 273, 51, -1,
        278, 51, 58, -1,
        58, 474, 48, -1,
        48, 474, 468, -1,
        48, 468, 43, -1,
        43, 468, 399, -1,
        43, 399, 51, -1,
        51, 399, 406, -1,
        51, 406, 474, -1,
        474, 58, 51, -1,
        399, 468, 384, -1,
        399, 384, 325, -1,
        406, 399, 325, -1,
        406, 325, 330, -1,
        474, 406, 330, -1,
        474, 330, 392, -1,
        392, 384, 468, -1,
        392, 468, 474, -1,
        651, 661, 507, -1,
        651, 507, 500, -1,
        678, 687, 525, -1,
        678, 525, 521, -1,
        261, 350, 605, -1,
        261, 605, 584, -1,
        643, 157, 488, -1,
        643, 488, 242, -1,
        157, 261, 584, -1,
        157, 584, 488, -1,
        521, 524, 684, -1,
        521, 684, 678, -1,
        530, 695, 684, -1,
        530, 684, 524, -1,
        678, 340, 687, -1,
        687, 340, 347, -1,
        687, 347, 695, -1,
        695, 347, 409, -1,
        695, 409, 684, -1,
        684, 409, 402, -1,
        684, 402, 340, -1,
        340, 678, 684, -1,
        409, 347, 425, -1,
        409, 425, 487, -1,
        402, 409, 487, -1,
        402, 487, 481, -1,
        416, 425, 347, -1,
        416, 347, 340, -1,
        340, 402, 481, -1,
        340, 481, 416, -1,
        76, 64, 284, -1,
        76, 284, 292, -1,
        500, 258, 36, -1,
        500, 36, 651, -1,
        251, 26, 36, -1,
        251, 36, 258, -1,
        651, 312, 661, -1,
        661, 312, 319, -1,
        661, 319, 26, -1,
        26, 319, 385, -1,
        26, 385, 36, -1,
        36, 385, 393, -1,
        36, 393, 312, -1,
        312, 651, 36, -1,
        385, 319, 394, -1,
        385, 394, 309, -1,
        393, 385, 309, -1,
        393, 309, 318, -1,
        312, 393, 318, -1,
        312, 318, 387, -1,
        387, 394, 319, -1,
        387, 319, 312, -1,
        277, 57, 70, -1,
        277, 70, 287, -1,
        242, 196, 546, -1,
        242, 546, 643, -1,
        160, 115, 559, -1,
        160, 559, 588, -1,
        115, 653, 431, -1,
        115, 431, 559, -1,
        653, 546, 196, -1,
        653, 196, 431, -1,
        292, 287, 70, -1,
        292, 70, 76, -1,
        76, 485, 64, -1,
        64, 485, 479, -1,
        64, 479, 57, -1,
        57, 479, 415, -1,
        57, 415, 70, -1,
        70, 415, 423, -1,
        70, 423, 485, -1,
        485, 76, 70, -1,
        415, 479, 400, -1,
        415, 400, 339, -1,
        423, 415, 339, -1,
        423, 339, 344, -1,
        485, 423, 344, -1,
        485, 344, 408, -1,
        408, 400, 479, -1,
        408, 479, 485, -1
          ]
      normalIndex
      [
23, 23, 23, -1,
        23, 23, 23, -1,
        23, 23, 23, -1,
        23, 23, 23, -1,
        23, 23, 23, -1,
        23, 23, 23, -1,
        23, 23, 23, -1,
        23, 23, 23, -1,
        23, 23, 23, -1,
        23, 23, 23, -1,
        23, 23, 23, -1,
        23, 23, 23, -1,
        23, 23, 23, -1,
        23, 23, 23, -1,
        23, 23, 23, -1,
        23, 23, 23, -1,
        23, 23, 23, -1,
        23, 23, 23, -1,
        23, 23, 23, -1,
        23, 23, 23, -1,
        23, 23, 23, -1,
        23, 23, 23, -1,
        23, 23, 23, -1,
        23, 23, 23, -1,
        23, 23, 23, -1,
        23, 23, 23, -1,
        23, 23, 23, -1,
        23, 23, 23, -1,
        23, 23, 23, -1,
        23, 23, 23, -1,
        23, 23, 23, -1,
        23, 23, 23, -1,
        23, 23, 23, -1,
        23, 23, 23, -1,
        23, 23, 23, -1,
        23, 23, 23, -1,
        23, 23, 23, -1,
        23, 23, 23, -1,
        23, 23, 23, -1,
        23, 23, 23, -1,
        23, 23, 23, -1,
        23, 23, 23, -1,
        22, 22, 22, -1,
        22, 22, 22, -1,
        22, 22, 22, -1,
        22, 22, 22, -1,
        22, 22, 22, -1,
        22, 22, 22, -1,
        22, 22, 22, -1,
        22, 22, 22, -1,
        22, 22, 22, -1,
        22, 22, 22, -1,
        22, 22, 22, -1,
        22, 22, 22, -1,
        22, 22, 22, -1,
        22, 22, 22, -1,
        22, 22, 22, -1,
        22, 22, 22, -1,
        22, 22, 22, -1,
        22, 22, 22, -1,
        22, 22, 22, -1,
        22, 22, 22, -1,
        22, 22, 22, -1,
        22, 22, 22, -1,
        22, 22, 22, -1,
        22, 22, 22, -1,
        22, 22, 22, -1,
        22, 22, 22, -1,
        22, 22, 22, -1,
        22, 22, 22, -1,
        22, 22, 22, -1,
        22, 22, 22, -1,
        22, 22, 22, -1,
        22, 22, 22, -1,
        22, 22, 22, -1,
        22, 22, 22, -1,
        22, 22, 22, -1,
        22, 22, 22, -1,
        22, 22, 22, -1,
        22, 22, 22, -1,
        22, 22, 22, -1,
        22, 22, 22, -1,
        22, 22, 22, -1,
        22, 22, 22, -1,
        22, 22, 22, -1,
        22, 22, 22, -1,
        22, 22, 22, -1,
        22, 22, 22, -1,
        22, 22, 22, -1,
        22, 22, 22, -1,
        22, 22, 22, -1,
        22, 22, 22, -1,
        22, 22, 22, -1,
        22, 22, 22, -1,
        22, 22, 22, -1,
        22, 22, 22, -1,
        22, 22, 22, -1,
        22, 22, 22, -1,
        22, 22, 22, -1,
        22, 22, 22, -1,
        22, 22, 22, -1,
        22, 22, 22, -1,
        22, 22, 22, -1,
        22, 22, 22, -1,
        22, 22, 22, -1,
        22, 22, 22, -1,
        22, 22, 22, -1,
        22, 22, 22, -1,
        22, 22, 22, -1,
        22, 22, 22, -1,
        22, 22, 22, -1,
        22, 22, 22, -1,
        22, 22, 22, -1,
        22, 22, 22, -1,
        22, 22, 22, -1,
        22, 22, 22, -1,
        22, 22, 22, -1,
        22, 22, 22, -1,
        22, 22, 22, -1,
        22, 22, 22, -1,
        22, 22, 22, -1,
        22, 22, 22, -1,
        22, 22, 22, -1,
        22, 22, 22, -1,
        22, 22, 22, -1,
        22, 22, 22, -1,
        22, 22, 22, -1,
        22, 22, 22, -1,
        22, 22, 22, -1,
        22, 22, 22, -1,
        22, 22, 22, -1,
        22, 22, 22, -1,
        5, 5, 5, -1,
        5, 5, 5, -1,
        5, 5, 5, -1,
        5, 5, 5, -1,
        5, 5, 5, -1,
        5, 5, 5, -1,
        5, 5, 5, -1,
        5, 5, 5, -1,
        1, 1, 1, -1,
        1, 1, 1, -1,
        1, 1, 1, -1,
        1, 1, 1, -1,
        1, 1, 1, -1,
        1, 1, 1, -1,
        1, 1, 1, -1,
        1, 1, 1, -1,
        1, 1, 1, -1,
        1, 1, 1, -1,
        1, 1, 1, -1,
        1, 1, 1, -1,
        1, 1, 1, -1,
        1, 1, 1, -1,
        1, 1, 1, -1,
        1, 1, 1, -1,
        4, 4, 4, -1,
        4, 4, 4, -1,
        23, 23, 23, -1,
        23, 23, 23, -1,
        23, 23, 23, -1,
        23, 23, 23, -1,
        23, 23, 23, -1,
        23, 23, 23, -1,
        23, 23, 23, -1,
        23, 23, 23, -1,
        23, 23, 23, -1,
        23, 23, 23, -1,
        23, 23, 23, -1,
        23, 23, 23, -1,
        23, 23, 23, -1,
        23, 23, 23, -1,
        23, 23, 23, -1,
        23, 23, 23, -1,
        23, 23, 23, -1,
        23, 23, 23, -1,
        23, 23, 23, -1,
        23, 23, 23, -1,
        23, 23, 23, -1,
        23, 23, 23, -1,
        23, 23, 23, -1,
        23, 23, 23, -1,
        23, 23, 23, -1,
        23, 23, 23, -1,
        23, 23, 23, -1,
        23, 23, 23, -1,
        23, 23, 23, -1,
        23, 23, 23, -1,
        23, 23, 23, -1,
        23, 23, 23, -1,
        23, 23, 23, -1,
        23, 23, 23, -1,
        23, 23, 23, -1,
        23, 23, 23, -1,
        0, 0, 0, -1,
        0, 0, 0, -1,
        0, 0, 0, -1,
        0, 0, 0, -1,
        0, 0, 0, -1,
        0, 0, 0, -1,
        0, 0, 0, -1,
        0, 0, 0, -1,
        0, 0, 0, -1,
        0, 0, 0, -1,
        0, 0, 0, -1,
        0, 0, 0, -1,
        0, 0, 0, -1,
        0, 0, 0, -1,
        0, 0, 0, -1,
        0, 0, 0, -1,
        1, 1, 1, -1,
        1, 1, 1, -1,
        1, 1, 1, -1,
        1, 1, 1, -1,
        1, 1, 1, -1,
        1, 1, 1, -1,
        1, 1, 1, -1,
        1, 1, 1, -1,
        15, 39, 39, -1,
        15, 39, 15, -1,
        31, 31, 31, -1,
        31, 31, 31, -1,
        39, 41, 41, -1,
        39, 41, 39, -1,
        41, 17, 17, -1,
        41, 17, 41, -1,
        37, 11, 11, -1,
        37, 11, 37, -1,
        3, 13, 13, -1,
        3, 13, 3, -1,
        13, 37, 37, -1,
        13, 37, 13, -1,
        37, 11, 11, -1,
        37, 11, 37, -1,
        25, 25, 25, -1,
        25, 25, 25, -1,
        13, 3, 3, -1,
        13, 3, 13, -1,
        13, 37, 37, -1,
        13, 37, 13, -1,
        15, 39, 39, -1,
        15, 39, 15, -1,
        39, 41, 41, -1,
        39, 41, 39, -1,
        17, 41, 41, -1,
        17, 41, 17, -1,
        1, 1, 1, -1,
        1, 1, 1, -1,
        1, 1, 1, -1,
        1, 1, 1, -1,
        1, 1, 1, -1,
        1, 1, 1, -1,
        1, 1, 1, -1,
        1, 1, 1, -1,
        1, 1, 1, -1,
        1, 1, 1, -1,
        1, 1, 1, -1,
        1, 1, 1, -1,
        1, 1, 1, -1,
        1, 1, 1, -1,
        1, 1, 1, -1,
        1, 1, 1, -1,
        1, 1, 1, -1,
        1, 1, 1, -1,
        1, 1, 1, -1,
        1, 1, 1, -1,
        0, 0, 0, -1,
        0, 0, 0, -1,
        0, 0, 0, -1,
        0, 0, 0, -1,
        0, 0, 0, -1,
        0, 0, 0, -1,
        0, 0, 0, -1,
        0, 0, 0, -1,
        0, 0, 0, -1,
        0, 0, 0, -1,
        5, 5, 5, -1,
        5, 5, 5, -1,
        5, 5, 5, -1,
        30, 30, 30, -1,
        30, 30, 30, -1,
        24, 24, 24, -1,
        24, 24, 24, -1,
        4, 4, 4, -1,
        4, 4, 4, -1,
        4, 4, 4, -1,
        4, 4, 4, -1,
        4, 4, 4, -1,
        24, 24, 24, -1,
        24, 24, 24, -1,
        30, 30, 30, -1,
        30, 30, 30, -1,
        5, 5, 5, -1,
        5, 5, 5, -1,
        1, 1, 1, -1,
        1, 1, 1, -1,
        38, 40, 40, -1,
        38, 40, 38, -1,
        14, 38, 38, -1,
        14, 38, 14, -1,
        40, 16, 16, -1,
        40, 16, 40, -1,
        23, 23, 23, -1,
        23, 23, 23, -1,
        12, 36, 36, -1,
        12, 36, 12, -1,
        2, 12, 12, -1,
        2, 12, 2, -1,
        36, 10, 10, -1,
        36, 10, 36, -1,
        23, 23, 23, -1,
        23, 23, 23, -1,
        2, 12, 12, -1,
        2, 12, 2, -1,
        12, 36, 36, -1,
        12, 36, 12, -1,
        36, 10, 10, -1,
        36, 10, 36, -1,
        23, 23, 23, -1,
        23, 23, 23, -1,
        38, 40, 40, -1,
        38, 40, 38, -1,
        14, 38, 38, -1,
        14, 38, 14, -1,
        40, 16, 16, -1,
        40, 16, 40, -1,
        23, 23, 23, -1,
        23, 23, 23, -1,
        0, 0, 0, -1,
        0, 0, 0, -1,
        0, 0, 0, -1,
        0, 0, 0, -1,
        0, 0, 0, -1,
        0, 0, 0, -1,
        0, 0, 0, -1,
        0, 0, 0, -1,
        0, 0, 0, -1,
        0, 0, 0, -1,
        0, 0, 0, -1,
        0, 0, 0, -1,
        0, 0, 0, -1,
        0, 0, 0, -1,
        0, 0, 0, -1,
        0, 0, 0, -1,
        0, 0, 0, -1,
        0, 0, 0, -1,
        0, 0, 0, -1,
        0, 0, 0, -1,
        23, 23, 23, -1,
        23, 23, 23, -1,
        1, 1, 1, -1,
        1, 1, 1, -1,
        5, 5, 5, -1,
        5, 5, 5, -1,
        22, 22, 22, -1,
        22, 22, 22, -1,
        4, 4, 4, -1,
        4, 4, 4, -1,
        25, 25, 25, -1,
        25, 25, 25, -1,
        31, 31, 31, -1,
        31, 31, 31, -1,
        22, 22, 22, -1,
        22, 22, 22, -1,
        5, 5, 5, -1,
        5, 5, 5, -1,
        1, 1, 1, -1,
        1, 1, 1, -1,
        1, 1, 1, -1,
        0, 0, 0, -1,
        0, 0, 0, -1,
        0, 0, 0, -1,
        5, 5, 5, -1,
        5, 5, 5, -1,
        5, 5, 5, -1,
        5, 5, 5, -1,
        5, 5, 5, -1,
        5, 5, 5, -1,
        5, 5, 5, -1,
        5, 5, 5, -1,
        5, 5, 5, -1,
        5, 5, 5, -1,
        5, 5, 5, -1,
        5, 5, 5, -1,
        5, 5, 5, -1,
        5, 5, 5, -1,
        5, 5, 5, -1,
        5, 5, 5, -1,
        5, 5, 5, -1,
        5, 5, 5, -1,
        0, 0, 0, -1,
        0, 0, 0, -1,
        1, 1, 1, -1,
        1, 1, 1, -1,
        0, 0, 0, -1,
        0, 0, 0, -1,
        0, 0, 0, -1,
        0, 0, 0, -1,
        5, 5, 5, -1,
        5, 5, 5, -1,
        1, 1, 1, -1,
        1, 1, 1, -1,
        5, 5, 5, -1,
        5, 5, 5, -1,
        1, 1, 1, -1,
        1, 1, 1, -1,
        1, 1, 1, -1,
        1, 1, 1, -1,
        0, 0, 0, -1,
        0, 0, 0, -1,
        5, 5, 5, -1,
        5, 5, 5, -1,
        0, 0, 0, -1,
        0, 0, 0, -1,
        5, 5, 5, -1,
        5, 5, 5, -1,
        0, 0, 0, -1,
        0, 0, 0, -1,
        0, 0, 0, -1,
        0, 0, 0, -1,
        5, 5, 5, -1,
        5, 5, 5, -1,
        1, 1, 1, -1,
        1, 1, 1, -1,
        5, 5, 5, -1,
        5, 5, 5, -1,
        1, 1, 1, -1,
        1, 1, 1, -1,
        0, 0, 0, -1,
        0, 0, 0, -1,
        5, 5, 5, -1,
        5, 5, 5, -1,
        1, 1, 1, -1,
        1, 1, 1, -1,
        5, 5, 5, -1,
        5, 5, 5, -1,
        1, 1, 1, -1,
        1, 1, 1, -1,
        22, 22, 22, -1,
        22, 22, 22, -1,
        22, 22, 22, -1,
        22, 22, 22, -1,
        22, 22, 22, -1,
        22, 22, 22, -1,
        22, 22, 22, -1,
        22, 22, 22, -1,
        22, 22, 22, -1,
        22, 22, 22, -1,
        22, 22, 22, -1,
        22, 22, 22, -1,
        22, 22, 22, -1,
        22, 22, 22, -1,
        22, 22, 22, -1,
        22, 22, 22, -1,
        22, 22, 22, -1,
        22, 22, 22, -1,
        22, 22, 22, -1,
        22, 22, 22, -1,
        22, 22, 22, -1,
        22, 22, 22, -1,
        22, 22, 22, -1,
        22, 22, 22, -1,
        22, 22, 22, -1,
        22, 22, 22, -1,
        22, 22, 22, -1,
        22, 22, 22, -1,
        22, 22, 22, -1,
        22, 22, 22, -1,
        22, 22, 22, -1,
        22, 22, 22, -1,
        22, 22, 22, -1,
        22, 22, 22, -1,
        22, 22, 22, -1,
        22, 22, 22, -1,
        22, 22, 22, -1,
        22, 22, 22, -1,
        22, 22, 22, -1,
        22, 22, 22, -1,
        22, 22, 22, -1,
        22, 22, 22, -1,
        22, 22, 22, -1,
        22, 22, 22, -1,
        22, 22, 22, -1,
        22, 22, 22, -1,
        22, 22, 22, -1,
        22, 22, 22, -1,
        22, 22, 22, -1,
        22, 22, 22, -1,
        22, 22, 22, -1,
        22, 22, 22, -1,
        22, 22, 22, -1,
        22, 22, 22, -1,
        22, 22, 22, -1,
        22, 22, 22, -1,
        22, 22, 22, -1,
        22, 22, 22, -1,
        22, 22, 22, -1,
        22, 22, 22, -1,
        22, 22, 22, -1,
        22, 22, 22, -1,
        22, 22, 22, -1,
        22, 22, 22, -1,
        22, 22, 22, -1,
        22, 22, 22, -1,
        22, 22, 22, -1,
        22, 22, 22, -1,
        22, 22, 22, -1,
        22, 22, 22, -1,
        22, 22, 22, -1,
        22, 22, 22, -1,
        22, 22, 22, -1,
        22, 22, 22, -1,
        22, 22, 22, -1,
        22, 22, 22, -1,
        22, 22, 22, -1,
        22, 22, 22, -1,
        22, 22, 22, -1,
        22, 22, 22, -1,
        22, 22, 22, -1,
        22, 22, 22, -1,
        22, 22, 22, -1,
        22, 22, 22, -1,
        22, 22, 22, -1,
        22, 22, 22, -1,
        22, 22, 22, -1,
        22, 22, 22, -1,
        22, 22, 22, -1,
        22, 22, 22, -1,
        22, 22, 22, -1,
        22, 22, 22, -1,
        22, 22, 22, -1,
        22, 22, 22, -1,
        22, 22, 22, -1,
        22, 22, 22, -1,
        22, 22, 22, -1,
        22, 22, 22, -1,
        22, 22, 22, -1,
        22, 22, 22, -1,
        22, 22, 22, -1,
        22, 22, 22, -1,
        22, 22, 22, -1,
        22, 22, 22, -1,
        22, 22, 22, -1,
        22, 22, 22, -1,
        22, 22, 22, -1,
        22, 22, 22, -1,
        22, 22, 22, -1,
        22, 22, 22, -1,
        22, 22, 22, -1,
        22, 22, 22, -1,
        22, 22, 22, -1,
        22, 22, 22, -1,
        22, 22, 22, -1,
        22, 22, 22, -1,
        22, 22, 22, -1,
        22, 22, 22, -1,
        22, 22, 22, -1,
        22, 22, 22, -1,
        22, 22, 22, -1,
        22, 22, 22, -1,
        22, 22, 22, -1,
        22, 22, 22, -1,
        22, 22, 22, -1,
        22, 22, 22, -1,
        22, 22, 22, -1,
        22, 22, 22, -1,
        22, 22, 22, -1,
        22, 22, 22, -1,
        22, 22, 22, -1,
        22, 22, 22, -1,
        22, 22, 22, -1,
        22, 22, 22, -1,
        22, 22, 22, -1,
        22, 22, 22, -1,
        22, 22, 22, -1,
        22, 22, 22, -1,
        22, 22, 22, -1,
        22, 22, 22, -1,
        22, 22, 22, -1,
        22, 22, 22, -1,
        22, 22, 22, -1,
        22, 22, 22, -1,
        22, 22, 22, -1,
        22, 22, 22, -1,
        22, 22, 22, -1,
        22, 22, 22, -1,
        22, 22, 22, -1,
        22, 22, 22, -1,
        22, 22, 22, -1,
        22, 22, 22, -1,
        22, 22, 22, -1,
        22, 22, 22, -1,
        22, 22, 22, -1,
        22, 22, 22, -1,
        22, 22, 22, -1,
        22, 22, 22, -1,
        22, 22, 22, -1,
        22, 22, 22, -1,
        22, 22, 22, -1,
        22, 22, 22, -1,
        22, 22, 22, -1,
        22, 22, 22, -1,
        22, 22, 22, -1,
        22, 22, 22, -1,
        22, 22, 22, -1,
        22, 22, 22, -1,
        22, 22, 22, -1,
        22, 22, 22, -1,
        22, 22, 22, -1,
        22, 22, 22, -1,
        22, 22, 22, -1,
        22, 22, 22, -1,
        22, 22, 22, -1,
        22, 22, 22, -1,
        22, 22, 22, -1,
        22, 22, 22, -1,
        22, 22, 22, -1,
        22, 22, 22, -1,
        22, 22, 22, -1,
        22, 22, 22, -1,
        22, 22, 22, -1,
        22, 22, 22, -1,
        22, 22, 22, -1,
        22, 22, 22, -1,
        22, 22, 22, -1,
        22, 22, 22, -1,
        22, 22, 22, -1,
        22, 22, 22, -1,
        22, 22, 22, -1,
        22, 22, 22, -1,
        22, 22, 22, -1,
        22, 22, 22, -1,
        22, 22, 22, -1,
        22, 22, 22, -1,
        22, 22, 22, -1,
        22, 22, 22, -1,
        22, 22, 22, -1,
        22, 22, 22, -1,
        22, 22, 22, -1,
        22, 22, 22, -1,
        22, 22, 22, -1,
        22, 22, 22, -1,
        22, 22, 22, -1,
        22, 22, 22, -1,
        22, 22, 22, -1,
        22, 22, 22, -1,
        22, 22, 22, -1,
        22, 22, 22, -1,
        22, 22, 22, -1,
        22, 22, 22, -1,
        22, 22, 22, -1,
        22, 22, 22, -1,
        22, 22, 22, -1,
        22, 22, 22, -1,
        22, 22, 22, -1,
        22, 22, 22, -1,
        22, 22, 22, -1,
        22, 22, 22, -1,
        22, 22, 22, -1,
        22, 22, 22, -1,
        22, 22, 22, -1,
        22, 22, 22, -1,
        22, 22, 22, -1,
        22, 22, 22, -1,
        22, 22, 22, -1,
        22, 22, 22, -1,
        22, 22, 22, -1,
        22, 22, 22, -1,
        22, 22, 22, -1,
        22, 22, 22, -1,
        22, 22, 22, -1,
        22, 22, 22, -1,
        22, 22, 22, -1,
        22, 22, 22, -1,
        22, 22, 22, -1,
        22, 22, 22, -1,
        22, 22, 22, -1,
        22, 22, 22, -1,
        22, 22, 22, -1,
        22, 22, 22, -1,
        22, 22, 22, -1,
        22, 22, 22, -1,
        22, 22, 22, -1,
        22, 22, 22, -1,
        22, 22, 22, -1,
        22, 22, 22, -1,
        22, 22, 22, -1,
        22, 22, 22, -1,
        22, 22, 22, -1,
        22, 22, 22, -1,
        22, 22, 22, -1,
        22, 22, 22, -1,
        22, 22, 22, -1,
        22, 22, 22, -1,
        22, 22, 22, -1,
        22, 22, 22, -1,
        22, 22, 22, -1,
        22, 22, 22, -1,
        22, 22, 22, -1,
        22, 22, 22, -1,
        22, 22, 22, -1,
        22, 22, 22, -1,
        22, 22, 22, -1,
        22, 22, 22, -1,
        22, 22, 22, -1,
        22, 22, 22, -1,
        22, 22, 22, -1,
        22, 22, 22, -1,
        22, 22, 22, -1,
        22, 22, 22, -1,
        22, 22, 22, -1,
        22, 22, 22, -1,
        22, 22, 22, -1,
        22, 22, 22, -1,
        22, 22, 22, -1,
        22, 22, 22, -1,
        22, 22, 22, -1,
        22, 22, 22, -1,
        22, 22, 22, -1,
        22, 22, 22, -1,
        22, 22, 22, -1,
        22, 22, 22, -1,
        22, 22, 22, -1,
        22, 22, 22, -1,
        22, 22, 22, -1,
        22, 22, 22, -1,
        22, 22, 22, -1,
        22, 22, 22, -1,
        22, 22, 22, -1,
        22, 22, 22, -1,
        22, 22, 22, -1,
        22, 22, 22, -1,
        22, 22, 22, -1,
        22, 22, 22, -1,
        22, 22, 22, -1,
        22, 22, 22, -1,
        22, 22, 22, -1,
        22, 22, 22, -1,
        22, 22, 22, -1,
        22, 22, 22, -1,
        22, 22, 22, -1,
        22, 22, 22, -1,
        22, 22, 22, -1,
        22, 22, 22, -1,
        22, 22, 22, -1,
        22, 22, 22, -1,
        22, 22, 22, -1,
        22, 22, 22, -1,
        22, 22, 22, -1,
        22, 22, 22, -1,
        22, 22, 22, -1,
        22, 22, 22, -1,
        22, 22, 22, -1,
        22, 22, 22, -1,
        22, 22, 22, -1,
        22, 22, 22, -1,
        22, 22, 22, -1,
        22, 22, 22, -1,
        22, 22, 22, -1,
        22, 22, 22, -1,
        22, 22, 22, -1,
        22, 22, 22, -1,
        22, 22, 22, -1,
        22, 22, 22, -1,
        22, 22, 22, -1,
        22, 22, 22, -1,
        22, 22, 22, -1,
        22, 22, 22, -1,
        22, 22, 22, -1,
        22, 22, 22, -1,
        22, 22, 22, -1,
        22, 22, 22, -1,
        22, 22, 22, -1,
        22, 22, 22, -1,
        22, 22, 22, -1,
        22, 22, 22, -1,
        22, 22, 22, -1,
        22, 22, 22, -1,
        22, 22, 22, -1,
        22, 22, 22, -1,
        22, 22, 22, -1,
        22, 22, 22, -1,
        22, 22, 22, -1,
        22, 22, 22, -1,
        22, 22, 22, -1,
        22, 22, 22, -1,
        22, 22, 22, -1,
        22, 22, 22, -1,
        0, 0, 0, -1,
        0, 0, 0, -1,
        0, 0, 0, -1,
        0, 0, 0, -1,
        0, 0, 0, -1,
        0, 0, 0, -1,
        1, 1, 1, -1,
        1, 1, 1, -1,
        1, 1, 1, -1,
        1, 1, 1, -1,
        1, 1, 1, -1,
        1, 1, 1, -1,
        0, 0, 0, -1,
        0, 0, 0, -1,
        0, 0, 0, -1,
        0, 0, 0, -1,
        0, 0, 0, -1,
        0, 0, 0, -1,
        5, 5, 5, -1,
        5, 5, 5, -1,
        5, 5, 5, -1,
        5, 5, 5, -1,
        4, 4, 4, -1,
        4, 4, 4, -1,
        1, 1, 1, -1,
        1, 1, 1, -1,
        0, 0, 0, -1,
        0, 0, 0, -1,
        4, 4, 4, -1,
        4, 4, 4, -1,
        23, 23, 23, -1,
        23, 23, 23, -1,
        23, 23, 23, -1,
        23, 23, 23, -1,
        23, 23, 23, -1,
        23, 23, 23, -1,
        23, 23, 23, -1,
        23, 23, 23, -1,
        1, 1, 1, -1,
        1, 1, 1, -1,
        4, 4, 4, -1,
        4, 4, 4, -1,
        5, 5, 5, -1,
        5, 5, 5, -1,
        0, 0, 0, -1,
        0, 0, 0, -1,
        5, 5, 5, -1,
        5, 5, 5, -1,
        1, 1, 1, -1,
        1, 1, 1, -1,
        0, 0, 0, -1,
        0, 0, 0, -1,
        4, 4, 4, -1,
        4, 4, 4, -1,
        23, 23, 23, -1,
        23, 23, 23, -1,
        23, 23, 23, -1,
        23, 23, 23, -1,
        23, 23, 23, -1,
        23, 23, 23, -1,
        23, 23, 23, -1,
        23, 23, 23, -1,
        1, 1, 1, -1,
        1, 1, 1, -1,
        4, 4, 4, -1,
        4, 4, 4, -1,
        5, 5, 5, -1,
        5, 5, 5, -1,
        0, 0, 0, -1,
        0, 0, 0, -1,
        4, 4, 4, -1,
        4, 4, 4, -1,
        5, 5, 5, -1,
        5, 5, 5, -1,
        1, 1, 1, -1,
        1, 1, 1, -1,
        0, 0, 0, -1,
        0, 0, 0, -1,
        23, 23, 23, -1,
        23, 23, 23, -1,
        23, 23, 23, -1,
        23, 23, 23, -1,
        23, 23, 23, -1,
        23, 23, 23, -1,
        23, 23, 23, -1,
        23, 23, 23, -1,
        1, 1, 1, -1,
        1, 1, 1, -1,
        4, 4, 4, -1,
        4, 4, 4, -1,
        5, 5, 5, -1,
        5, 5, 5, -1,
        0, 0, 0, -1,
        0, 0, 0, -1,
        5, 5, 5, -1,
        5, 5, 5, -1,
        5, 5, 5, -1,
        5, 5, 5, -1,
        1, 1, 1, -1,
        1, 1, 1, -1,
        4, 4, 4, -1,
        4, 4, 4, -1,
        23, 23, 23, -1,
        23, 23, 23, -1,
        23, 23, 23, -1,
        23, 23, 23, -1,
        23, 23, 23, -1,
        23, 23, 23, -1,
        23, 23, 23, -1,
        23, 23, 23, -1,
        4, 4, 4, -1,
        4, 4, 4, -1,
        5, 5, 5, -1,
        5, 5, 5, -1,
        1, 1, 1, -1,
        1, 1, 1, -1,
        0, 0, 0, -1,
        0, 0, 0, -1,
        5, 5, 5, -1,
        5, 5, 5, -1,
        1, 1, 1, -1,
        1, 1, 1, -1,
        4, 4, 4, -1,
        4, 4, 4, -1,
        23, 23, 23, -1,
        23, 23, 23, -1,
        23, 23, 23, -1,
        23, 23, 23, -1,
        23, 23, 23, -1,
        23, 23, 23, -1,
        23, 23, 23, -1,
        23, 23, 23, -1,
        4, 4, 4, -1,
        4, 4, 4, -1,
        1, 1, 1, -1,
        1, 1, 1, -1,
        5, 5, 5, -1,
        5, 5, 5, -1,
        0, 0, 0, -1,
        0, 0, 0, -1,
        4, 4, 4, -1,
        4, 4, 4, -1,
        1, 1, 1, -1,
        1, 1, 1, -1,
        23, 23, 23, -1,
        23, 23, 23, -1,
        23, 23, 23, -1,
        23, 23, 23, -1,
        23, 23, 23, -1,
        23, 23, 23, -1,
        23, 23, 23, -1,
        23, 23, 23, -1,
        4, 4, 4, -1,
        4, 4, 4, -1,
        1, 1, 1, -1,
        1, 1, 1, -1,
        5, 5, 5, -1,
        5, 5, 5, -1,
        0, 0, 0, -1,
        0, 0, 0, -1,
        1, 1, 1, -1,
        1, 1, 1, -1,
        1, 1, 1, -1,
        1, 1, 1, -1,
        1, 1, 1, -1,
        1, 1, 1, -1,
        5, 5, 5, -1,
        5, 5, 5, -1,
        5, 5, 5, -1,
        5, 5, 5, -1,
        0, 0, 0, -1,
        0, 0, 0, -1,
        4, 4, 4, -1,
        4, 4, 4, -1,
        23, 23, 23, -1,
        23, 23, 23, -1,
        23, 23, 23, -1,
        23, 23, 23, -1,
        23, 23, 23, -1,
        23, 23, 23, -1,
        23, 23, 23, -1,
        23, 23, 23, -1,
        1, 1, 1, -1,
        1, 1, 1, -1,
        4, 4, 4, -1,
        4, 4, 4, -1,
        5, 5, 5, -1,
        5, 5, 5, -1,
        0, 0, 0, -1,
        0, 0, 0, -1,
        5, 5, 5, -1,
        5, 5, 5, -1,
        0, 0, 0, -1,
        0, 0, 0, -1,
        4, 4, 4, -1,
        4, 4, 4, -1,
        23, 23, 23, -1,
        23, 23, 23, -1,
        23, 23, 23, -1,
        23, 23, 23, -1,
        23, 23, 23, -1,
        23, 23, 23, -1,
        23, 23, 23, -1,
        23, 23, 23, -1,
        1, 1, 1, -1,
        1, 1, 1, -1,
        4, 4, 4, -1,
        4, 4, 4, -1,
        5, 5, 5, -1,
        5, 5, 5, -1,
        0, 0, 0, -1,
        0, 0, 0, -1,
        4, 4, 4, -1,
        4, 4, 4, -1,
        0, 0, 0, -1,
        0, 0, 0, -1,
        23, 23, 23, -1,
        23, 23, 23, -1,
        23, 23, 23, -1,
        23, 23, 23, -1,
        23, 23, 23, -1,
        23, 23, 23, -1,
        23, 23, 23, -1,
        23, 23, 23, -1,
        1, 1, 1, -1,
        1, 1, 1, -1,
        4, 4, 4, -1,
        4, 4, 4, -1,
        5, 5, 5, -1,
        5, 5, 5, -1,
        0, 0, 0, -1,
        0, 0, 0, -1,
        5, 5, 5, -1,
        5, 5, 5, -1,
        5, 5, 5, -1,
        5, 5, 5, -1,
        1, 1, 1, -1,
        1, 1, 1, -1,
        9, 21, 21, -1,
        9, 21, 9, -1,
        21, 29, 29, -1,
        21, 29, 21, -1,
        35, 9, 9, -1,
        35, 9, 35, -1,
        0, 0, 0, -1,
        0, 0, 0, -1,
        4, 4, 4, -1,
        4, 4, 4, -1,
        23, 23, 23, -1,
        23, 23, 23, -1,
        23, 23, 23, -1,
        23, 23, 23, -1,
        23, 23, 23, -1,
        23, 23, 23, -1,
        23, 23, 23, -1,
        23, 23, 23, -1,
        1, 1, 1, -1,
        1, 1, 1, -1,
        4, 4, 4, -1,
        4, 4, 4, -1,
        5, 5, 5, -1,
        5, 5, 5, -1,
        0, 0, 0, -1,
        0, 0, 0, -1,
        5, 5, 5, -1,
        5, 5, 5, -1,
        0, 0, 0, -1,
        0, 0, 0, -1,
        4, 4, 4, -1,
        4, 4, 4, -1,
        23, 23, 23, -1,
        23, 23, 23, -1,
        23, 23, 23, -1,
        23, 23, 23, -1,
        23, 23, 23, -1,
        23, 23, 23, -1,
        23, 23, 23, -1,
        23, 23, 23, -1,
        1, 1, 1, -1,
        1, 1, 1, -1,
        4, 4, 4, -1,
        4, 4, 4, -1,
        0, 0, 0, -1,
        0, 0, 0, -1,
        5, 5, 5, -1,
        5, 5, 5, -1,
        0, 0, 0, -1,
        0, 0, 0, -1,
        19, 7, 7, -1,
        19, 7, 19, -1,
        7, 33, 33, -1,
        7, 33, 7, -1,
        27, 19, 19, -1,
        27, 19, 27, -1,
        4, 4, 4, -1,
        4, 4, 4, -1,
        23, 23, 23, -1,
        23, 23, 23, -1,
        23, 23, 23, -1,
        23, 23, 23, -1,
        23, 23, 23, -1,
        23, 23, 23, -1,
        23, 23, 23, -1,
        23, 23, 23, -1,
        1, 1, 1, -1,
        1, 1, 1, -1,
        0, 0, 0, -1,
        0, 0, 0, -1,
        5, 5, 5, -1,
        5, 5, 5, -1,
        4, 4, 4, -1,
        4, 4, 4, -1,
        0, 0, 0, -1,
        0, 0, 0, -1,
        0, 0, 0, -1,
        0, 0, 0, -1,
        0, 0, 0, -1,
        0, 0, 0, -1,
        0, 0, 0, -1,
        0, 0, 0, -1,
        0, 0, 0, -1,
        0, 0, 0, -1,
        0, 0, 0, -1,
        0, 0, 0, -1,
        5, 5, 5, -1,
        5, 5, 5, -1,
        5, 5, 5, -1,
        5, 5, 5, -1,
        1, 1, 1, -1,
        1, 1, 1, -1,
        4, 4, 4, -1,
        4, 4, 4, -1,
        23, 23, 23, -1,
        23, 23, 23, -1,
        23, 23, 23, -1,
        23, 23, 23, -1,
        23, 23, 23, -1,
        23, 23, 23, -1,
        23, 23, 23, -1,
        23, 23, 23, -1,
        0, 0, 0, -1,
        0, 0, 0, -1,
        4, 4, 4, -1,
        4, 4, 4, -1,
        5, 5, 5, -1,
        5, 5, 5, -1,
        1, 1, 1, -1,
        1, 1, 1, -1,
        5, 5, 5, -1,
        5, 5, 5, -1,
        1, 1, 1, -1,
        1, 1, 1, -1,
        4, 4, 4, -1,
        4, 4, 4, -1,
        23, 23, 23, -1,
        23, 23, 23, -1,
        23, 23, 23, -1,
        23, 23, 23, -1,
        23, 23, 23, -1,
        23, 23, 23, -1,
        23, 23, 23, -1,
        23, 23, 23, -1,
        0, 0, 0, -1,
        0, 0, 0, -1,
        4, 4, 4, -1,
        4, 4, 4, -1,
        1, 1, 1, -1,
        1, 1, 1, -1,
        5, 5, 5, -1,
        5, 5, 5, -1,
        4, 4, 4, -1,
        4, 4, 4, -1,
        1, 1, 1, -1,
        1, 1, 1, -1,
        23, 23, 23, -1,
        23, 23, 23, -1,
        23, 23, 23, -1,
        23, 23, 23, -1,
        23, 23, 23, -1,
        23, 23, 23, -1,
        23, 23, 23, -1,
        23, 23, 23, -1,
        0, 0, 0, -1,
        0, 0, 0, -1,
        4, 4, 4, -1,
        4, 4, 4, -1,
        1, 1, 1, -1,
        1, 1, 1, -1,
        5, 5, 5, -1,
        5, 5, 5, -1,
        5, 5, 5, -1,
        5, 5, 5, -1,
        5, 5, 5, -1,
        5, 5, 5, -1,
        1, 1, 1, -1,
        1, 1, 1, -1,
        4, 4, 4, -1,
        4, 4, 4, -1,
        23, 23, 23, -1,
        23, 23, 23, -1,
        23, 23, 23, -1,
        23, 23, 23, -1,
        23, 23, 23, -1,
        23, 23, 23, -1,
        23, 23, 23, -1,
        23, 23, 23, -1,
        0, 0, 0, -1,
        0, 0, 0, -1,
        4, 4, 4, -1,
        4, 4, 4, -1,
        5, 5, 5, -1,
        5, 5, 5, -1,
        1, 1, 1, -1,
        1, 1, 1, -1,
        5, 5, 5, -1,
        5, 5, 5, -1,
        1, 1, 1, -1,
        1, 1, 1, -1,
        4, 4, 4, -1,
        4, 4, 4, -1,
        23, 23, 23, -1,
        23, 23, 23, -1,
        23, 23, 23, -1,
        23, 23, 23, -1,
        23, 23, 23, -1,
        23, 23, 23, -1,
        23, 23, 23, -1,
        23, 23, 23, -1,
        0, 0, 0, -1,
        0, 0, 0, -1,
        4, 4, 4, -1,
        4, 4, 4, -1,
        1, 1, 1, -1,
        1, 1, 1, -1,
        5, 5, 5, -1,
        5, 5, 5, -1,
        4, 4, 4, -1,
        4, 4, 4, -1,
        1, 1, 1, -1,
        1, 1, 1, -1,
        23, 23, 23, -1,
        23, 23, 23, -1,
        23, 23, 23, -1,
        23, 23, 23, -1,
        23, 23, 23, -1,
        23, 23, 23, -1,
        23, 23, 23, -1,
        23, 23, 23, -1,
        0, 0, 0, -1,
        0, 0, 0, -1,
        4, 4, 4, -1,
        4, 4, 4, -1,
        1, 1, 1, -1,
        1, 1, 1, -1,
        5, 5, 5, -1,
        5, 5, 5, -1,
        0, 0, 0, -1,
        0, 0, 0, -1,
        0, 0, 0, -1,
        0, 0, 0, -1,
        0, 0, 0, -1,
        0, 0, 0, -1,
        5, 5, 5, -1,
        5, 5, 5, -1,
        5, 5, 5, -1,
        5, 5, 5, -1,
        1, 1, 1, -1,
        1, 1, 1, -1,
        4, 4, 4, -1,
        4, 4, 4, -1,
        23, 23, 23, -1,
        23, 23, 23, -1,
        23, 23, 23, -1,
        23, 23, 23, -1,
        23, 23, 23, -1,
        23, 23, 23, -1,
        23, 23, 23, -1,
        23, 23, 23, -1,
        0, 0, 0, -1,
        0, 0, 0, -1,
        4, 4, 4, -1,
        4, 4, 4, -1,
        5, 5, 5, -1,
        5, 5, 5, -1,
        1, 1, 1, -1,
        1, 1, 1, -1,
        5, 5, 5, -1,
        5, 5, 5, -1,
        1, 1, 1, -1,
        1, 1, 1, -1,
        4, 4, 4, -1,
        4, 4, 4, -1,
        23, 23, 23, -1,
        23, 23, 23, -1,
        23, 23, 23, -1,
        23, 23, 23, -1,
        23, 23, 23, -1,
        23, 23, 23, -1,
        23, 23, 23, -1,
        23, 23, 23, -1,
        0, 0, 0, -1,
        0, 0, 0, -1,
        4, 4, 4, -1,
        4, 4, 4, -1,
        1, 1, 1, -1,
        1, 1, 1, -1,
        5, 5, 5, -1,
        5, 5, 5, -1,
        4, 4, 4, -1,
        4, 4, 4, -1,
        1, 1, 1, -1,
        1, 1, 1, -1,
        23, 23, 23, -1,
        23, 23, 23, -1,
        23, 23, 23, -1,
        23, 23, 23, -1,
        23, 23, 23, -1,
        23, 23, 23, -1,
        23, 23, 23, -1,
        23, 23, 23, -1,
        0, 0, 0, -1,
        0, 0, 0, -1,
        4, 4, 4, -1,
        4, 4, 4, -1,
        1, 1, 1, -1,
        1, 1, 1, -1,
        5, 5, 5, -1,
        5, 5, 5, -1,
        5, 5, 5, -1,
        5, 5, 5, -1,
        5, 5, 5, -1,
        5, 5, 5, -1,
        6, 32, 32, -1,
        6, 32, 6, -1,
        26, 18, 18, -1,
        26, 18, 26, -1,
        18, 6, 6, -1,
        18, 6, 18, -1,
        1, 1, 1, -1,
        1, 1, 1, -1,
        4, 4, 4, -1,
        4, 4, 4, -1,
        23, 23, 23, -1,
        23, 23, 23, -1,
        23, 23, 23, -1,
        23, 23, 23, -1,
        23, 23, 23, -1,
        23, 23, 23, -1,
        23, 23, 23, -1,
        23, 23, 23, -1,
        0, 0, 0, -1,
        0, 0, 0, -1,
        4, 4, 4, -1,
        4, 4, 4, -1,
        5, 5, 5, -1,
        5, 5, 5, -1,
        1, 1, 1, -1,
        1, 1, 1, -1,
        5, 5, 5, -1,
        5, 5, 5, -1,
        1, 1, 1, -1,
        1, 1, 1, -1,
        4, 4, 4, -1,
        4, 4, 4, -1,
        23, 23, 23, -1,
        23, 23, 23, -1,
        23, 23, 23, -1,
        23, 23, 23, -1,
        23, 23, 23, -1,
        23, 23, 23, -1,
        23, 23, 23, -1,
        23, 23, 23, -1,
        0, 0, 0, -1,
        0, 0, 0, -1,
        4, 4, 4, -1,
        4, 4, 4, -1,
        1, 1, 1, -1,
        1, 1, 1, -1,
        5, 5, 5, -1,
        5, 5, 5, -1,
        4, 4, 4, -1,
        4, 4, 4, -1,
        0, 0, 0, -1,
        0, 0, 0, -1,
        34, 8, 8, -1,
        34, 8, 34, -1,
        8, 20, 20, -1,
        8, 20, 8, -1,
        20, 28, 28, -1,
        20, 28, 20, -1,
        1, 1, 1, -1,
        1, 1, 1, -1,
        23, 23, 23, -1,
        23, 23, 23, -1,
        23, 23, 23, -1,
        23, 23, 23, -1,
        23, 23, 23, -1,
        23, 23, 23, -1,
        23, 23, 23, -1,
        23, 23, 23, -1,
        0, 0, 0, -1,
        0, 0, 0, -1,
        4, 4, 4, -1,
        4, 4, 4, -1,
        1, 1, 1, -1,
        1, 1, 1, -1,
        5, 5, 5, -1,
        5, 5, 5, -1
              ]
      }
    }
  }
}
DEF _ET60S-D02-R1_pow Group
{
Shape 
{
  Node_info
  {
    fields [SFString node_type, SFString node_name]
    node_type "Poly_Geom_Data"
    node_name ""
  }

    Material
    {
      ambientColor [0.50 0.50 0.50]
      diffuseColor [0.50 0.50 0.50]
      specularColor [0.8 0.8 0.8]
      shininess [0.5]
      transparency [0.00]
    }

  Coordinate3
  {
    point
    [
      6.32 4.16642 2.53, 6.82 4.16642 2.53, 
      -4.6675 11.42 3.54, -4.5675 11.42 3.54, 
      6.32 15.26 3.50056, -3.9275 11.42 3.54, 
      6.82 15.26 3.50056, -1.5725 11.42 3.54, 
      -0.9325 11.42 3.54, -5 0 3.54, 
      -4.6675 0 3.54, 0.9325 11.42 3.54, 
      1.5725 11.42 3.54, 5.82 15.26 2.74766, 
      6.32 15.26 2.74766, 3.9275 11.42 3.54, 
      -0.9325 0 3.54, -0.5 0 3.54, 
      4.5675 11.42 3.54, 4.6675 11.42 3.54, 
      0.5 0 3.54, -6.18 15.01 -3.52571, 
      0.9325 0 3.54, -6.68 15.01 -3.52571, 
      4.6675 0 3.54, 5 0 3.54, 
      -7 0 4, -6.4 0 4, 
      -5 11.42 5, -6.68 15.01 -2.77281, 
      -7.18 15.01 -2.77281, 3.56 25.22 -3.515, 
      5.82 4.52699 1.59462, -6.18 15.193 -3.70873, 
      6.32 4.52699 1.59462, -6.68 15.193 -3.70873, 
      -7.18 0 5, 1.94 25.22 -3.515, 
      -6.18 0 5, 5.82 0 -5, 
      -0.5 11.42 5, -5.16 0 5, 
      -5 0 5, 0.5 11.42 5, 
      -1.94 25.22 -3.515, -3.56 25.22 -3.515, 
      -0.5 0 5, 4.8 11.42 5, 
      5 11.42 5, -6.68 15.193 -2.95583, 
      0.5 0 5, -6.4 0 -4, 
      -7.18 15.193 -2.95583, -7 0 -4, 
      -6.68 3.71 2.49007, 5 0 5, 
      -6.18 3.71 2.49007, 5.82 0 5, 
      -6.68 14.8036 3.46063, 4.5675 13.88 -3.01, 
      -6.18 14.8036 3.46063, -7.18 0 -5, 
      3.9275 13.88 -3.01, -6.18 14.8036 -3.46063, 
      -6.68 14.8036 -3.46063, -3.56 13.42 3.54, 
      1.5725 13.88 -3.01, 0.9325 13.88 -3.01, 
      -1.94 13.42 3.54, -0.9325 13.88 -3.01, 
      -1.5725 13.88 -3.01, -7.18 14.8036 2.70773, 
      -6.68 14.8036 2.70773, 1.94 13.42 3.54, 
      -3.9275 13.88 -3.01, -4.5675 13.88 -3.01, 
      -6.68 14.8036 -2.70773, 6.32 4.46 -1, 
      -7.18 14.8036 -2.70773, 3.56 13.42 3.54, 
      5.82 4.46 -1, -5 11.42 4.2, 
      -4.6675 11.42 4.2, -4.5675 11.42 4.2, 
      -3.9275 11.42 4.2, 6.82 15.26 -3.50056, 
      6.32 15.26 -3.50056, 6.32 4.46 -1.34462, 
      -1.5725 11.42 4.2, 5.82 4.46 -1.34462, 
      -0.9325 11.42 4.2, -6.68 15.01 3.52571, 
      -0.5 11.42 4.2, -6.18 15.01 3.52571, 
      -5 0 4.2, -4.6675 0 4.2, 
      6.32 3.71 2.0319, 0.5 11.42 4.2, 
      6.82 3.71 2.0319, 0.9325 11.42 4.2, 
      3.56 13.42 -3.515, 1.5725 11.42 4.2, 
      1.94 13.42 -3.515, 6.32 3.71 1, 
      6.82 3.71 1, 3.9275 11.42 4.2, 
      -0.9325 0 4.2, -0.5 0 4.2, 
      -6.18 15.26 -3.95873, 4.5675 11.42 4.2, 
      4.6675 11.42 4.2, -6.68 15.26 -3.95873, 
      5 11.42 4.2, 0.5 0 4.2, 
      6.32 15.26 -2.74766, -6.68 4.46 -1.80278, 
      0.9325 0 4.2, 5.82 15.26 -2.74766, 
      -7.18 4.46 -1.80278, -7.18 15.01 2.77281, 
      -1.94 13.42 -3.515, -6.68 15.01 2.77281, 
      -3.56 13.42 -3.515, 4.5675 0 -4.25, 
      3.9275 0 -4.25, 4.6675 0 4.2, 
      5 0 4.2, 5.82 15.26 1, 
      6.32 15.26 1, 1.5725 0 -4.25, 
      6.82 15.26 1, 0.9325 0 -4.25, 
      -6.68 15.26 -3.20583, -7.18 15.26 -3.20583, 
      -0.9325 0 -4.25, 5.82 4.71 1.77763, 
      -1.5725 0 -4.25, 6.32 4.71 1.77763, 
      -3.9275 0 -4.25, -4.5675 0 -4.25, 
      6.32 4.91642 -1.84271, 5.82 4.91642 -1.84271, 
      -7.18 15.26 5, -6.18 15.26 5, 
      -5.16 15.26 5, -6.18 15.26 6, 
      -5.16 15.26 6, 3.56 13.42 -3.01, 
      5.82 4.91642 1.84271, -4.5675 13.88 3.54, 
      6.32 4.91642 1.84271, -3.9275 13.88 3.54, 
      1.94 13.42 -3.01, 4.8 15.26 5, 
      5.82 15.26 5, 6.32 4.52699 -1.59462, 
      -1.5725 13.88 3.54, 5.82 4.52699 -1.59462, 
      -0.9325 13.88 3.54, -6.18 25.22 5, 
      -1.94 13.42 -3.01, -5.16 25.22 5, 
      0.9325 13.88 3.54, 1.5725 13.88 3.54, 
      -3.56 13.42 -3.01, 4.8 15.26 6, 
      3.9275 13.88 3.54, 5.82 15.26 6, 
      4.5675 13.88 3.54, -6.18 25.22 6, 
      -5.16 25.22 6, 6.32 4.71 -1.77763, 
      -6.4 2.61 -4, 5.82 4.71 -1.77763, 
      -7 2.61 -4, -6.68 15.193 3.70873, 
      -6.18 15.193 3.70873, 4.8 25.22 5, 
      5.82 25.22 5, 6.32 3.77699 2.2819, 
      6.82 3.77699 2.2819, 4.8 25.22 6, 
      -7.18 15.193 2.95583, 5.82 25.22 6, 
      -6.68 15.193 2.95583, -3.56 13.42 4.235, 
      -1.94 13.42 4.235, 6.82 15.26 -1, 
      6.32 15.26 -1, 5 0 -3.01, 
      5.82 15.26 -1, 1.94 13.42 4.235, 
      4.5675 0 -3.01, -7 2.61 4, 
      3.9275 0 -3.01, -6.4 2.61 4, 
      3.56 13.42 4.235, 1.5725 0 -3.01, 
      0.9325 0 -3.01, 6.82 3.71 -2.0319, 
      -7.18 4.46 1.80278, 0.5 0 -3.01, 
      6.32 3.71 -2.0319, -6.68 4.46 1.80278, 
      -0.5 0 -3.01, -0.9325 0 -3.01, 
      -1.5725 0 -3.01, 6.82 3.71 -1, 
      6.32 3.71 -1, -3.9275 0 -3.01, 
      -4.5675 0 -3.01, -5 0 -3.01, 
      5.82 25.22 -5, -6.18 3.71 -2.49007, 
      -6.68 3.71 -2.49007, -4.5675 13.88 4.2, 
      5.82 4.46 1, -3.9275 13.88 4.2, 
      6.32 4.46 1, -1.5725 13.88 4.2, 
      -0.9325 13.88 4.2, -5 24.22 3.54, 
      -6.18 25.22 -5, 0.9325 13.88 4.2, 
      -3.56 24.22 3.54, 5.82 4.46 1.34462, 
      1.5725 13.88 4.2, 6.32 4.46 1.34462, 
      6.82 4.16642 -2.53, -1.94 24.22 3.54, 
      6.32 4.16642 -2.53, 3.9275 13.88 4.2, 
      -0.5 24.22 3.54, 4.5675 13.88 4.2, 
      0.5 24.22 3.54, -3.56 25.22 4.235, 
      1.94 24.22 3.54, -1.94 25.22 4.235, 
      3.56 24.22 3.54, 5 24.22 3.54, 
      1.94 25.22 4.235, -6.68 15.26 3.95873, 
      -6.18 15.26 3.95873, 3.56 25.22 4.235, 
      -6.18 15.26 -5, 4.5675 13.88 -4.25, 
      6.32 3.96 2.46491, 5 24.22 -3.01, 
      3.9275 13.88 -4.25, 6.82 3.96 2.46491, 
      -7.18 15.26 -5, 3.56 24.22 -3.01, 
      1.5725 13.88 -4.25, 1.94 24.22 -3.01, 
      0.9325 13.88 -4.25, 6.82 3.77699 -2.2819, 
      0.5 24.22 -3.01, 6.32 3.77699 -2.2819, 
      -0.9325 13.88 -4.25, -0.5 24.22 -3.01, 
      -1.5725 13.88 -4.25, -7.18 15.26 3.20583, 
      -6.68 15.26 3.20583, -1.94 24.22 -3.01, 
      -3.9275 13.88 -4.25, -3.56 24.22 -3.01, 
      -4.5675 13.88 -4.25, -5 24.22 -3.01, 
      6.82 3.96 -2.46491, 6.32 3.96 -2.46491
    ]
  }

  Normal
  {
    vector
    [
      -1.0000 0.0000 0.0000,1.0000 0.0000 0.0000,
      0.0000 -0.3007 0.9537,0.0000 0.3007 -0.9537,
      0.0000 0.0000 -1.0000,0.0000 0.0000 1.0000,
      0.0000 -0.9659 0.2588,0.0000 0.9659 -0.2588,
      0.0000 -0.5039 0.8304,0.0000 0.5039 -0.8304,
      0.0000 -0.9659 -0.2588,0.0000 0.9659 0.2588,
      0.0000 -0.3007 -0.9537,0.0000 0.3007 0.9537,
      0.0000 1.0000 0.0000,0.0000 -1.0000 0.0000,
      0.0000 -0.0872 0.9962,0.0000 0.0872 -0.9962,
      0.0000 -0.0872 -0.9962,0.0000 0.0872 0.9962,
      0.0000 -0.8365 0.4830,0.0000 0.8365 -0.4830,
      0.0000 -0.8365 -0.4830,0.0000 0.8365 0.4830,
      0.0000 -0.5039 -0.8304,0.0000 0.5039 0.8304
    ]
  }

    Node_Info
    {
      fields [SFString node_type, SFString node_name]
      node_type "Poly_Surface"
      node_name ""
    }
    NormalBinding { value PER_VERTEX_INDEXED }
    Separator
    {
      MatrixTransform
      {
      matrix 1.0000 0.0000 0.0000 0.0000
             0.0000 0.0000 1.0000 0.0000
             0.0000 -1.0000 0.0000 0.0000
             -18.1300 0.0000 0.0000 1.0000
      }
      IndexedFaceSet
      {
      coordIndex
      [
        38, 36, 94, -1,
        94, 36, 26, -1,
        94, 26, 95, -1,
        95, 26, 27, -1,
        95, 27, 9, -1,
        9, 27, 211, -1,
        51, 53, 139, -1,
        51, 139, 210, -1,
        51, 210, 211, -1,
        51, 211, 27, -1,
        41, 38, 94, -1,
        41, 94, 42, -1,
        138, 139, 61, -1,
        61, 139, 53, -1,
        61, 53, 36, -1,
        36, 53, 26, -1,
        24, 25, 57, -1,
        57, 25, 189, -1,
        57, 189, 39, -1,
        39, 189, 123, -1,
        39, 123, 61, -1,
        61, 123, 124, -1,
        61, 124, 129, -1,
        129, 124, 194, -1,
        129, 194, 197, -1,
        61, 129, 131, -1,
        61, 131, 134, -1,
        61, 134, 136, -1,
        61, 136, 138, -1,
        138, 136, 206, -1,
        138, 206, 209, -1,
        134, 131, 198, -1,
        134, 198, 201, -1,
        134, 201, 204, -1,
        134, 204, 205, -1,
        204, 20, 17, -1,
        17, 20, 116, -1,
        17, 116, 16, -1,
        16, 116, 113, -1,
        16, 113, 107, -1,
        107, 113, 50, -1,
        107, 50, 46, -1,
        126, 125, 24, -1,
        126, 24, 57, -1,
        126, 57, 55, -1,
        192, 123, 189, -1,
        116, 20, 22, -1,
        16, 107, 106, -1,
        20, 204, 201, -1,
        95, 9, 10, -1,
        222, 45, 212, -1,
        212, 45, 44, -1,
        212, 44, 37, -1,
        37, 44, 237, -1,
        37, 237, 240, -1,
        240, 237, 159, -1,
        240, 159, 243, -1,
        243, 159, 161, -1,
        243, 161, 177, -1,
        178, 212, 31, -1,
        178, 31, 243, -1,
        178, 243, 177, -1,
        178, 177, 181, -1,
        178, 181, 183, -1,
        161, 159, 169, -1,
        161, 169, 170, -1,
        159, 237, 235, -1,
        159, 235, 45, -1,
        159, 45, 222, -1,
        31, 212, 37, -1,
        48, 55, 57, -1,
        48, 57, 154, -1,
        48, 154, 153, -1,
        48, 153, 47, -1,
        41, 144, 143, -1,
        41, 143, 38, -1,
        43, 47, 153, -1,
        43, 153, 177, -1,
        43, 177, 40, -1,
        43, 40, 50, -1,
        40, 177, 28, -1,
        28, 177, 161, -1,
        28, 161, 42, -1,
        42, 161, 144, -1,
        42, 144, 41, -1,
        50, 40, 46, -1,
        36, 38, 143, -1,
        36, 143, 142, -1,
        244, 222, 212, -1,
        244, 212, 39, -1,
        244, 39, 61, -1,
        244, 61, 250, -1,
        98, 104, 130, -1,
        98, 130, 6, -1,
        98, 6, 1, -1,
        98, 1, 249, -1,
        98, 249, 180, -1,
        85, 187, 207, -1,
        85, 207, 199, -1,
        85, 199, 255, -1,
        85, 255, 268, -1,
        85, 268, 228, -1,
        250, 61, 118, -1,
        250, 118, 78, -1,
        250, 78, 30, -1,
        250, 30, 52, -1,
        250, 52, 133, -1,
        200, 118, 61, -1,
        200, 61, 36, -1,
        200, 36, 142, -1,
        200, 142, 71, -1,
        142, 261, 182, -1,
        142, 182, 119, -1,
        142, 119, 71, -1,
        31, 37, 102, -1,
        31, 102, 100, -1,
        45, 122, 120, -1,
        45, 120, 44, -1,
        248, 124, 123, -1,
        248, 123, 245, -1,
        254, 131, 129, -1,
        254, 129, 252, -1,
        260, 136, 134, -1,
        260, 134, 258, -1,
        266, 139, 138, -1,
        266, 138, 264, -1,
        254, 67, 198, -1,
        254, 198, 131, -1,
        260, 70, 206, -1,
        260, 206, 136, -1,
        74, 264, 138, -1,
        74, 138, 209, -1,
        266, 75, 210, -1,
        266, 210, 139, -1,
        75, 266, 264, -1,
        75, 264, 74, -1,
        70, 260, 258, -1,
        70, 258, 69, -1,
        69, 258, 134, -1,
        69, 134, 205, -1,
        248, 62, 194, -1,
        248, 194, 124, -1,
        67, 254, 252, -1,
        67, 252, 66, -1,
        66, 252, 129, -1,
        66, 129, 197, -1,
        62, 248, 245, -1,
        62, 245, 59, -1,
        59, 245, 123, -1,
        59, 123, 192, -1,
        250, 133, 132, -1,
        250, 132, 111, -1,
        250, 111, 108, -1,
        250, 108, 244, -1,
        193, 174, 172, -1,
        193, 172, 195, -1,
        26, 53, 174, -1,
        26, 174, 193, -1,
        172, 174, 53, -1,
        172, 53, 51, -1,
        111, 35, 33, -1,
        111, 33, 108, -1,
        35, 23, 21, -1,
        35, 21, 33, -1,
        23, 64, 63, -1,
        23, 63, 21, -1,
        195, 172, 51, -1,
        195, 51, 27, -1,
        191, 240, 243, -1,
        191, 243, 196, -1,
        185, 235, 237, -1,
        185, 237, 186, -1,
        32, 135, 57, -1,
        57, 135, 148, -1,
        57, 148, 154, -1,
        154, 148, 13, -1,
        154, 13, 212, -1,
        212, 13, 127, -1,
        212, 127, 190, -1,
        190, 127, 216, -1,
        190, 216, 80, -1,
        80, 216, 57, -1,
        80, 57, 89, -1,
        89, 57, 157, -1,
        225, 32, 57, -1,
        225, 57, 216, -1,
        190, 117, 212, -1,
        212, 117, 141, -1,
        212, 141, 39, -1,
        39, 141, 173, -1,
        39, 173, 157, -1,
        39, 157, 57, -1,
        154, 212, 178, -1,
        159, 222, 244, -1,
        159, 244, 108, -1,
        159, 108, 242, -1,
        159, 242, 143, -1,
        50, 113, 97, -1,
        50, 97, 43, -1,
        107, 46, 40, -1,
        107, 40, 92, -1,
        42, 94, 81, -1,
        42, 81, 28, -1,
        126, 55, 48, -1,
        126, 48, 112, -1,
        241, 262, 261, -1,
        241, 261, 142, -1,
        241, 142, 143, -1,
        241, 143, 242, -1,
        236, 253, 37, -1,
        236, 37, 240, -1,
        236, 240, 191, -1,
        236, 191, 73, -1,
        152, 102, 37, -1,
        152, 37, 253, -1,
        263, 229, 237, -1,
        263, 237, 44, -1,
        263, 44, 120, -1,
        263, 120, 160, -1,
        68, 186, 237, -1,
        68, 237, 229, -1,
        101, 99, 223, -1,
        101, 223, 226, -1,
        90, 88, 219, -1,
        90, 219, 220, -1,
        223, 99, 11, -1,
        223, 11, 162, -1,
        219, 88, 7, -1,
        219, 7, 156, -1,
        219, 156, 158, -1,
        219, 158, 220, -1,
        158, 8, 90, -1,
        158, 90, 220, -1,
        223, 162, 163, -1,
        223, 163, 226, -1,
        163, 12, 101, -1,
        163, 101, 226, -1,
        16, 106, 90, -1,
        16, 90, 8, -1,
        92, 90, 106, -1,
        92, 106, 107, -1,
        99, 97, 113, -1,
        99, 113, 116, -1,
        116, 22, 11, -1,
        116, 11, 99, -1,
        234, 20, 201, -1,
        234, 201, 256, -1,
        17, 232, 259, -1,
        17, 259, 204, -1,
        232, 229, 263, -1,
        232, 263, 259, -1,
        256, 253, 236, -1,
        256, 236, 234, -1,
        65, 185, 186, -1,
        65, 186, 68, -1,
        122, 164, 160, -1,
        122, 160, 120, -1,
        64, 214, 213, -1,
        64, 213, 63, -1,
        5, 88, 84, -1,
        84, 88, 40, -1,
        84, 40, 83, -1,
        83, 40, 82, -1,
        83, 82, 2, -1,
        81, 82, 40, -1,
        81, 40, 28, -1,
        90, 92, 40, -1,
        90, 40, 88, -1,
        83, 2, 3, -1,
        88, 5, 7, -1,
        217, 84, 83, -1,
        217, 83, 215, -1,
        84, 217, 151, -1,
        84, 151, 5, -1,
        215, 83, 3, -1,
        215, 3, 149, -1,
        82, 81, 94, -1,
        82, 94, 95, -1,
        95, 10, 2, -1,
        95, 2, 82, -1,
        27, 26, 193, -1,
        27, 193, 195, -1,
        221, 9, 211, -1,
        221, 211, 267, -1,
        214, 54, 56, -1,
        214, 56, 213, -1,
        60, 56, 54, -1,
        60, 54, 58, -1,
        72, 203, 200, -1,
        72, 200, 71, -1,
        78, 118, 115, -1,
        78, 115, 76, -1,
        118, 200, 203, -1,
        118, 203, 115, -1,
        224, 265, 45, -1,
        224, 45, 235, -1,
        224, 235, 185, -1,
        224, 185, 65, -1,
        164, 122, 45, -1,
        164, 45, 265, -1,
        263, 160, 206, -1,
        206, 160, 164, -1,
        206, 164, 74, -1,
        74, 164, 265, -1,
        74, 265, 75, -1,
        75, 265, 267, -1,
        75, 267, 210, -1,
        210, 267, 211, -1,
        205, 204, 69, -1,
        69, 204, 259, -1,
        69, 259, 70, -1,
        70, 259, 263, -1,
        70, 263, 206, -1,
        206, 74, 209, -1,
        133, 52, 49, -1,
        133, 49, 132, -1,
        5, 151, 224, -1,
        224, 151, 149, -1,
        224, 149, 221, -1,
        221, 149, 2, -1,
        221, 2, 9, -1,
        9, 2, 10, -1,
        8, 158, 232, -1,
        232, 158, 156, -1,
        232, 156, 68, -1,
        68, 156, 7, -1,
        68, 7, 65, -1,
        65, 7, 5, -1,
        65, 5, 224, -1,
        16, 8, 232, -1,
        16, 232, 17, -1,
        232, 68, 229, -1,
        3, 2, 149, -1,
        213, 60, 63, -1,
        63, 60, 93, -1,
        63, 93, 21, -1,
        21, 93, 176, -1,
        21, 176, 33, -1,
        33, 176, 242, -1,
        33, 242, 108, -1,
        60, 213, 56, -1,
        215, 149, 151, -1,
        215, 151, 217, -1,
        203, 72, 58, -1,
        58, 72, 121, -1,
        58, 121, 91, -1,
        91, 121, 184, -1,
        91, 184, 175, -1,
        175, 184, 262, -1,
        175, 262, 241, -1,
        115, 203, 54, -1,
        115, 54, 214, -1,
        115, 214, 64, -1,
        115, 64, 76, -1,
        76, 23, 29, -1,
        29, 23, 35, -1,
        29, 35, 49, -1,
        49, 35, 111, -1,
        49, 111, 132, -1,
        76, 64, 23, -1,
        54, 203, 58, -1,
        175, 241, 242, -1,
        175, 242, 176, -1,
        176, 93, 91, -1,
        176, 91, 175, -1,
        58, 91, 93, -1,
        58, 93, 60, -1,
        182, 261, 262, -1,
        182, 262, 184, -1,
        71, 119, 121, -1,
        71, 121, 72, -1,
        119, 182, 184, -1,
        119, 184, 121, -1,
        52, 30, 29, -1,
        52, 29, 49, -1,
        30, 78, 76, -1,
        30, 76, 29, -1,
        224, 221, 267, -1,
        224, 267, 265, -1,
        251, 238, 243, -1,
        251, 243, 31, -1,
        251, 31, 100, -1,
        251, 100, 147, -1,
        79, 196, 243, -1,
        79, 243, 238, -1,
        251, 147, 194, -1,
        194, 147, 152, -1,
        194, 152, 66, -1,
        66, 152, 253, -1,
        66, 253, 67, -1,
        67, 253, 256, -1,
        67, 256, 198, -1,
        198, 256, 201, -1,
        192, 189, 59, -1,
        59, 189, 247, -1,
        59, 247, 62, -1,
        62, 247, 251, -1,
        62, 251, 194, -1,
        194, 66, 197, -1,
        155, 171, 230, -1,
        230, 171, 140, -1,
        230, 140, 86, -1,
        86, 140, 114, -1,
        230, 269, 77, -1,
        230, 77, 87, -1,
        230, 87, 155, -1,
        77, 269, 257, -1,
        77, 257, 202, -1,
        77, 202, 208, -1,
        230, 86, 85, -1,
        230, 85, 228, -1,
        114, 188, 187, -1,
        114, 187, 85, -1,
        114, 85, 86, -1,
        162, 11, 20, -1,
        162, 20, 234, -1,
        162, 234, 236, -1,
        162, 236, 163, -1,
        18, 168, 239, -1,
        239, 168, 166, -1,
        239, 166, 79, -1,
        79, 166, 15, -1,
        79, 15, 73, -1,
        73, 15, 12, -1,
        73, 12, 236, -1,
        236, 12, 163, -1,
        239, 25, 24, -1,
        239, 24, 19, -1,
        239, 19, 18, -1,
        239, 79, 238, -1,
        20, 11, 22, -1,
        18, 110, 109, -1,
        109, 110, 48, -1,
        109, 48, 105, -1,
        105, 48, 101, -1,
        105, 101, 12, -1,
        97, 99, 48, -1,
        97, 48, 47, -1,
        97, 47, 43, -1,
        48, 110, 112, -1,
        101, 48, 99, -1,
        105, 12, 15, -1,
        110, 18, 19, -1,
        109, 105, 231, -1,
        109, 231, 233, -1,
        231, 105, 15, -1,
        231, 15, 166, -1,
        231, 166, 168, -1,
        231, 168, 233, -1,
        168, 18, 109, -1,
        168, 109, 233, -1,
        24, 125, 110, -1,
        24, 110, 19, -1,
        112, 110, 125, -1,
        112, 125, 126, -1,
        239, 238, 251, -1,
        239, 251, 247, -1,
        247, 189, 25, -1,
        247, 25, 239, -1,
        0, 4, 150, -1,
        0, 150, 137, -1,
        0, 137, 34, -1,
        0, 34, 227, -1,
        0, 227, 218, -1,
        0, 218, 246, -1,
        179, 246, 218, -1,
        179, 218, 103, -1,
        179, 103, 96, -1,
        150, 4, 14, -1,
        77, 208, 207, -1,
        77, 207, 187, -1,
        77, 187, 188, -1,
        257, 269, 268, -1,
        257, 268, 255, -1,
        202, 257, 255, -1,
        202, 255, 199, -1,
        269, 230, 228, -1,
        269, 228, 268, -1,
        208, 202, 199, -1,
        208, 199, 207, -1,
        4, 0, 1, -1,
        4, 1, 6, -1,
        246, 179, 180, -1,
        246, 180, 249, -1,
        14, 4, 6, -1,
        14, 6, 130, -1,
        14, 130, 128, -1,
        0, 246, 249, -1,
        0, 249, 1, -1,
        179, 96, 98, -1,
        179, 98, 180, -1,
        96, 103, 104, -1,
        96, 104, 98, -1,
        218, 128, 130, -1,
        218, 130, 104, -1,
        218, 104, 103, -1,
        216, 127, 128, -1,
        216, 128, 218, -1,
        13, 148, 150, -1,
        13, 150, 14, -1,
        148, 135, 137, -1,
        148, 137, 150, -1,
        127, 13, 14, -1,
        127, 14, 128, -1,
        135, 32, 34, -1,
        135, 34, 137, -1,
        32, 225, 227, -1,
        32, 227, 34, -1,
        225, 216, 218, -1,
        225, 218, 227, -1,
        141, 117, 114, -1,
        141, 114, 140, -1,
        157, 173, 171, -1,
        157, 171, 155, -1,
        117, 190, 188, -1,
        117, 188, 114, -1,
        89, 157, 155, -1,
        89, 155, 87, -1,
        173, 141, 140, -1,
        173, 140, 171, -1,
        190, 80, 77, -1,
        190, 77, 188, -1,
        80, 89, 87, -1,
        80, 87, 77, -1,
        73, 191, 196, -1,
        73, 196, 79, -1,
        102, 152, 147, -1,
        102, 147, 100, -1,
        177, 153, 165, -1,
        177, 165, 181, -1,
        183, 167, 154, -1,
        183, 154, 178, -1,
        181, 165, 167, -1,
        181, 167, 183, -1,
        167, 165, 153, -1,
        167, 153, 154, -1,
        170, 146, 144, -1,
        170, 144, 161, -1,
        170, 169, 145, -1,
        170, 145, 146, -1,
        159, 143, 145, -1,
        159, 145, 169, -1,
        146, 145, 143, -1,
        146, 143, 144, -1
          ]
      normalIndex
      [
15, 15, 15, -1,
        15, 15, 15, -1,
        15, 15, 15, -1,
        15, 15, 15, -1,
        15, 15, 15, -1,
        15, 15, 15, -1,
        15, 15, 15, -1,
        15, 15, 15, -1,
        15, 15, 15, -1,
        15, 15, 15, -1,
        15, 15, 15, -1,
        15, 15, 15, -1,
        15, 15, 15, -1,
        15, 15, 15, -1,
        15, 15, 15, -1,
        15, 15, 15, -1,
        15, 15, 15, -1,
        15, 15, 15, -1,
        15, 15, 15, -1,
        15, 15, 15, -1,
        15, 15, 15, -1,
        15, 15, 15, -1,
        15, 15, 15, -1,
        15, 15, 15, -1,
        15, 15, 15, -1,
        15, 15, 15, -1,
        15, 15, 15, -1,
        15, 15, 15, -1,
        15, 15, 15, -1,
        15, 15, 15, -1,
        15, 15, 15, -1,
        15, 15, 15, -1,
        15, 15, 15, -1,
        15, 15, 15, -1,
        15, 15, 15, -1,
        15, 15, 15, -1,
        15, 15, 15, -1,
        15, 15, 15, -1,
        15, 15, 15, -1,
        15, 15, 15, -1,
        15, 15, 15, -1,
        15, 15, 15, -1,
        15, 15, 15, -1,
        15, 15, 15, -1,
        15, 15, 15, -1,
        15, 15, 15, -1,
        15, 15, 15, -1,
        15, 15, 15, -1,
        15, 15, 15, -1,
        15, 15, 15, -1,
        14, 14, 14, -1,
        14, 14, 14, -1,
        14, 14, 14, -1,
        14, 14, 14, -1,
        14, 14, 14, -1,
        14, 14, 14, -1,
        14, 14, 14, -1,
        14, 14, 14, -1,
        14, 14, 14, -1,
        14, 14, 14, -1,
        14, 14, 14, -1,
        14, 14, 14, -1,
        14, 14, 14, -1,
        14, 14, 14, -1,
        14, 14, 14, -1,
        14, 14, 14, -1,
        14, 14, 14, -1,
        14, 14, 14, -1,
        14, 14, 14, -1,
        14, 14, 14, -1,
        5, 5, 5, -1,
        5, 5, 5, -1,
        5, 5, 5, -1,
        5, 5, 5, -1,
        5, 5, 5, -1,
        5, 5, 5, -1,
        5, 5, 5, -1,
        5, 5, 5, -1,
        5, 5, 5, -1,
        5, 5, 5, -1,
        5, 5, 5, -1,
        5, 5, 5, -1,
        5, 5, 5, -1,
        5, 5, 5, -1,
        5, 5, 5, -1,
        5, 5, 5, -1,
        5, 5, 5, -1,
        5, 5, 5, -1,
        4, 4, 4, -1,
        4, 4, 4, -1,
        4, 4, 4, -1,
        4, 4, 4, -1,
        1, 1, 1, -1,
        1, 1, 1, -1,
        1, 1, 1, -1,
        1, 1, 1, -1,
        1, 1, 1, -1,
        1, 1, 1, -1,
        1, 1, 1, -1,
        1, 1, 1, -1,
        1, 1, 1, -1,
        1, 1, 1, -1,
        0, 0, 0, -1,
        0, 0, 0, -1,
        0, 0, 0, -1,
        0, 0, 0, -1,
        0, 0, 0, -1,
        0, 0, 0, -1,
        0, 0, 0, -1,
        0, 0, 0, -1,
        0, 0, 0, -1,
        0, 0, 0, -1,
        0, 0, 0, -1,
        0, 0, 0, -1,
        5, 5, 5, -1,
        5, 5, 5, -1,
        5, 5, 5, -1,
        5, 5, 5, -1,
        5, 5, 5, -1,
        5, 5, 5, -1,
        5, 5, 5, -1,
        5, 5, 5, -1,
        5, 5, 5, -1,
        5, 5, 5, -1,
        5, 5, 5, -1,
        5, 5, 5, -1,
        1, 1, 1, -1,
        1, 1, 1, -1,
        1, 1, 1, -1,
        1, 1, 1, -1,
        0, 0, 0, -1,
        0, 0, 0, -1,
        1, 1, 1, -1,
        1, 1, 1, -1,
        15, 15, 15, -1,
        15, 15, 15, -1,
        15, 15, 15, -1,
        15, 15, 15, -1,
        0, 0, 0, -1,
        0, 0, 0, -1,
        1, 1, 1, -1,
        1, 1, 1, -1,
        15, 15, 15, -1,
        15, 15, 15, -1,
        0, 0, 0, -1,
        0, 0, 0, -1,
        15, 15, 15, -1,
        15, 15, 15, -1,
        0, 0, 0, -1,
        0, 0, 0, -1,
        14, 14, 14, -1,
        14, 14, 14, -1,
        14, 14, 14, -1,
        14, 14, 14, -1,
        15, 15, 15, -1,
        15, 15, 15, -1,
        1, 1, 1, -1,
        1, 1, 1, -1,
        5, 5, 5, -1,
        5, 5, 5, -1,
        11, 23, 23, -1,
        11, 23, 11, -1,
        23, 25, 25, -1,
        23, 25, 23, -1,
        25, 13, 13, -1,
        25, 13, 25, -1,
        0, 0, 0, -1,
        0, 0, 0, -1,
        4, 4, 4, -1,
        4, 4, 4, -1,
        4, 4, 4, -1,
        4, 4, 4, -1,
        1, 1, 1, -1,
        1, 1, 1, -1,
        1, 1, 1, -1,
        1, 1, 1, -1,
        1, 1, 1, -1,
        1, 1, 1, -1,
        1, 1, 1, -1,
        1, 1, 1, -1,
        1, 1, 1, -1,
        1, 1, 1, -1,
        1, 1, 1, -1,
        1, 1, 1, -1,
        1, 1, 1, -1,
        1, 1, 1, -1,
        1, 1, 1, -1,
        1, 1, 1, -1,
        1, 1, 1, -1,
        1, 1, 1, -1,
        1, 1, 1, -1,
        1, 1, 1, -1,
        1, 1, 1, -1,
        0, 0, 0, -1,
        0, 0, 0, -1,
        0, 0, 0, -1,
        0, 0, 0, -1,
        1, 1, 1, -1,
        1, 1, 1, -1,
        0, 0, 0, -1,
        0, 0, 0, -1,
        1, 1, 1, -1,
        1, 1, 1, -1,
        0, 0, 0, -1,
        0, 0, 0, -1,
        14, 14, 14, -1,
        14, 14, 14, -1,
        14, 14, 14, -1,
        14, 14, 14, -1,
        1, 1, 1, -1,
        1, 1, 1, -1,
        1, 1, 1, -1,
        1, 1, 1, -1,
        1, 1, 1, -1,
        1, 1, 1, -1,
        0, 0, 0, -1,
        0, 0, 0, -1,
        0, 0, 0, -1,
        0, 0, 0, -1,
        0, 0, 0, -1,
        0, 0, 0, -1,
        4, 4, 4, -1,
        4, 4, 4, -1,
        4, 4, 4, -1,
        4, 4, 4, -1,
        1, 1, 1, -1,
        1, 1, 1, -1,
        1, 1, 1, -1,
        1, 1, 1, -1,
        15, 15, 15, -1,
        15, 15, 15, -1,
        0, 0, 0, -1,
        0, 0, 0, -1,
        15, 15, 15, -1,
        15, 15, 15, -1,
        0, 0, 0, -1,
        0, 0, 0, -1,
        0, 0, 0, -1,
        0, 0, 0, -1,
        5, 5, 5, -1,
        5, 5, 5, -1,
        5, 5, 5, -1,
        5, 5, 5, -1,
        1, 1, 1, -1,
        1, 1, 1, -1,
        1, 1, 1, -1,
        1, 1, 1, -1,
        0, 0, 0, -1,
        0, 0, 0, -1,
        15, 15, 15, -1,
        15, 15, 15, -1,
        15, 15, 15, -1,
        15, 15, 15, -1,
        14, 14, 14, -1,
        14, 14, 14, -1,
        14, 14, 14, -1,
        14, 14, 14, -1,
        19, 19, 19, -1,
        19, 19, 19, -1,
        15, 15, 15, -1,
        15, 15, 15, -1,
        15, 15, 15, -1,
        15, 15, 15, -1,
        15, 15, 15, -1,
        15, 15, 15, -1,
        15, 15, 15, -1,
        15, 15, 15, -1,
        15, 15, 15, -1,
        15, 15, 15, -1,
        15, 15, 15, -1,
        4, 4, 4, -1,
        4, 4, 4, -1,
        0, 0, 0, -1,
        0, 0, 0, -1,
        1, 1, 1, -1,
        1, 1, 1, -1,
        5, 5, 5, -1,
        5, 5, 5, -1,
        1, 1, 1, -1,
        1, 1, 1, -1,
        4, 4, 4, -1,
        4, 4, 4, -1,
        1, 1, 1, -1,
        1, 1, 1, -1,
        14, 14, 14, -1,
        14, 14, 14, -1,
        17, 17, 17, -1,
        17, 17, 17, -1,
        17, 17, 17, -1,
        17, 17, 17, -1,
        19, 19, 19, -1,
        19, 19, 19, -1,
        14, 14, 14, -1,
        14, 14, 14, -1,
        1, 1, 1, -1,
        1, 1, 1, -1,
        1, 1, 1, -1,
        1, 1, 1, -1,
        1, 1, 1, -1,
        1, 1, 1, -1,
        5, 5, 5, -1,
        5, 5, 5, -1,
        5, 5, 5, -1,
        5, 5, 5, -1,
        5, 5, 5, -1,
        5, 5, 5, -1,
        5, 5, 5, -1,
        5, 5, 5, -1,
        5, 5, 5, -1,
        5, 5, 5, -1,
        5, 5, 5, -1,
        5, 5, 5, -1,
        5, 5, 5, -1,
        5, 5, 5, -1,
        11, 23, 23, -1,
        11, 23, 11, -1,
        4, 4, 4, -1,
        4, 4, 4, -1,
        4, 4, 4, -1,
        4, 4, 4, -1,
        4, 4, 4, -1,
        4, 4, 4, -1,
        4, 4, 4, -1,
        4, 4, 4, -1,
        4, 4, 4, -1,
        4, 4, 4, -1,
        4, 4, 4, -1,
        4, 4, 4, -1,
        4, 4, 4, -1,
        4, 4, 4, -1,
        4, 4, 4, -1,
        4, 4, 4, -1,
        4, 4, 4, -1,
        0, 0, 0, -1,
        0, 0, 0, -1,
        0, 0, 0, -1,
        0, 0, 0, -1,
        0, 0, 0, -1,
        0, 0, 0, -1,
        0, 0, 0, -1,
        0, 0, 0, -1,
        15, 15, 15, -1,
        15, 15, 15, -1,
        1, 1, 1, -1,
        1, 1, 1, -1,
        1, 1, 1, -1,
        1, 1, 1, -1,
        1, 1, 1, -1,
        1, 1, 1, -1,
        1, 1, 1, -1,
        1, 1, 1, -1,
        1, 1, 1, -1,
        1, 1, 1, -1,
        1, 1, 1, -1,
        1, 1, 1, -1,
        1, 1, 1, -1,
        1, 1, 1, -1,
        1, 1, 1, -1,
        1, 1, 1, -1,
        1, 1, 1, -1,
        1, 1, 1, -1,
        21, 7, 7, -1,
        21, 7, 21, -1,
        21, 9, 9, -1,
        21, 9, 21, -1,
        3, 9, 9, -1,
        3, 9, 3, -1,
        21, 7, 7, -1,
        21, 7, 21, -1,
        3, 9, 9, -1,
        3, 9, 3, -1,
        9, 21, 21, -1,
        9, 21, 9, -1,
        23, 25, 25, -1,
        23, 25, 23, -1,
        25, 13, 13, -1,
        25, 13, 25, -1,
        15, 15, 15, -1,
        15, 15, 15, -1,
        0, 0, 0, -1,
        0, 0, 0, -1,
        0, 0, 0, -1,
        0, 0, 0, -1,
        0, 0, 0, -1,
        0, 0, 0, -1,
        5, 5, 5, -1,
        5, 5, 5, -1,
        5, 5, 5, -1,
        5, 5, 5, -1,
        5, 5, 5, -1,
        5, 5, 5, -1,
        5, 5, 5, -1,
        5, 5, 5, -1,
        5, 5, 5, -1,
        5, 5, 5, -1,
        5, 5, 5, -1,
        5, 5, 5, -1,
        5, 5, 5, -1,
        5, 5, 5, -1,
        0, 0, 0, -1,
        0, 0, 0, -1,
        0, 0, 0, -1,
        0, 0, 0, -1,
        0, 0, 0, -1,
        0, 0, 0, -1,
        0, 0, 0, -1,
        0, 0, 0, -1,
        0, 0, 0, -1,
        0, 0, 0, -1,
        18, 18, 18, -1,
        18, 18, 18, -1,
        14, 14, 14, -1,
        14, 14, 14, -1,
        14, 14, 14, -1,
        4, 4, 4, -1,
        4, 4, 4, -1,
        4, 4, 4, -1,
        4, 4, 4, -1,
        4, 4, 4, -1,
        4, 4, 4, -1,
        4, 4, 4, -1,
        4, 4, 4, -1,
        4, 4, 4, -1,
        4, 4, 4, -1,
        4, 4, 4, -1,
        4, 4, 4, -1,
        4, 4, 4, -1,
        4, 4, 4, -1,
        4, 4, 4, -1,
        4, 4, 4, -1,
        4, 4, 4, -1,
        15, 15, 15, -1,
        15, 15, 15, -1,
        15, 15, 15, -1,
        15, 15, 15, -1,
        15, 15, 15, -1,
        15, 15, 15, -1,
        15, 15, 15, -1,
        15, 15, 15, -1,
        15, 15, 15, -1,
        15, 15, 15, -1,
        15, 15, 15, -1,
        15, 15, 15, -1,
        4, 4, 4, -1,
        4, 4, 4, -1,
        1, 1, 1, -1,
        1, 1, 1, -1,
        15, 15, 15, -1,
        15, 15, 15, -1,
        0, 0, 0, -1,
        0, 0, 0, -1,
        0, 0, 0, -1,
        0, 0, 0, -1,
        5, 5, 5, -1,
        5, 5, 5, -1,
        15, 15, 15, -1,
        15, 15, 15, -1,
        0, 0, 0, -1,
        0, 0, 0, -1,
        0, 0, 0, -1,
        0, 0, 0, -1,
        0, 0, 0, -1,
        0, 0, 0, -1,
        0, 0, 0, -1,
        0, 0, 0, -1,
        0, 0, 0, -1,
        0, 0, 0, -1,
        0, 0, 0, -1,
        0, 0, 0, -1,
        5, 5, 5, -1,
        5, 5, 5, -1,
        5, 5, 5, -1,
        22, 24, 24, -1,
        22, 24, 22, -1,
        10, 22, 22, -1,
        10, 22, 10, -1,
        24, 12, 12, -1,
        24, 12, 24, -1,
        15, 15, 15, -1,
        15, 15, 15, -1,
        16, 16, 16, -1,
        16, 16, 16, -1,
        8, 20, 20, -1,
        8, 20, 8, -1,
        14, 14, 14, -1,
        14, 14, 14, -1,
        14, 14, 14, -1,
        2, 8, 8, -1,
        2, 8, 2, -1,
        20, 6, 6, -1,
        20, 6, 20, -1,
        15, 15, 15, -1,
        15, 15, 15, -1,
        4, 4, 4, -1,
        4, 4, 4, -1,
        4, 4, 4, -1,
        4, 4, 4, -1,
        4, 4, 4, -1,
        16, 16, 16, -1,
        16, 16, 16, -1,
        2, 8, 8, -1,
        2, 8, 2, -1,
        14, 14, 14, -1,
        14, 14, 14, -1,
        8, 20, 20, -1,
        8, 20, 8, -1,
        20, 6, 6, -1,
        20, 6, 20, -1,
        15, 15, 15, -1,
        15, 15, 15, -1,
        18, 18, 18, -1,
        18, 18, 18, -1,
        22, 24, 24, -1,
        22, 24, 22, -1,
        14, 14, 14, -1,
        14, 14, 14, -1,
        10, 22, 22, -1,
        10, 22, 10, -1,
        24, 12, 12, -1,
        24, 12, 24, -1,
        5, 5, 5, -1,
        5, 5, 5, -1,
        15, 15, 15, -1,
        15, 15, 15, -1,
        14, 14, 14, -1,
        14, 14, 14, -1,
        14, 14, 14, -1,
        14, 14, 14, -1,
        0, 0, 0, -1,
        0, 0, 0, -1,
        1, 1, 1, -1,
        1, 1, 1, -1,
        5, 5, 5, -1,
        5, 5, 5, -1,
        15, 15, 15, -1,
        15, 15, 15, -1,
        1, 1, 1, -1,
        1, 1, 1, -1,
        5, 5, 5, -1,
        5, 5, 5, -1,
        0, 0, 0, -1,
        0, 0, 0, -1,
        15, 15, 15, -1,
        15, 15, 15, -1
              ]
      }
    }
  }
}
DEF _ET60S-R1_guide_p Group
{
Shape 
{
  Node_info
  {
    fields [SFString node_type, SFString node_name]
    node_type "Poly_Geom_Data"
    node_name ""
  }

    Material
    {
      ambientColor [0.50 0.50 0.50]
      diffuseColor [0.50 0.50 0.50]
      specularColor [0.8 0.8 0.8]
      shininess [0.5]
      transparency [0.00]
    }

  Coordinate3
  {
    point
    [
      -0.68 15.26 2.74766, -0.18 15.26 2.74766, 
      -3.5675 7.265 9.48, -1.8 0 3.9, 
      -6.75963 0 -1.2941, 0.32 3.96 -2.46491, 
      -3.25 7.265 9.48, -1.56 0 3.9, 
      -2.9325 7.265 9.48, -0.18 3.96 -2.46491, 
      -5.7 0 -4.77612e-16, -6.93 0 0, 
      -1.56 0 -3.9, -1.8 0 -3.9, 
      -5.1775 0 -1.95, -3.70147 6.4175 5, 
      -3.70147 4.7825 5, -2.79853 6.4175 5, 
      -2.79853 4.7825 5, -0.68 4.52699 1.59462, 
      -0.18 4.52699 1.59462, -3.75 0 3.3775, 
      -6.93 0 5, -5.93 0 5, 
      -3.75 0 -3.3775, -0.68 0 5, 
      -0.68 0 -5, -1.93 0 -5, 
      -4.915 5.9175 9.48, -4.5675 5.9175 9.48, 
      -3.5675 4.2825 9.48, -2.9325 4.2825 9.48, 
      -1.9325 5.9175 9.48, -1.585 5.9175 9.48, 
      -6.26013 25.22 -2.5, -5.56711 25.22 -1.00939, 
      -0.18 3.71 2.0319, -4.0675 6.05147 9.48, 
      0.32 3.71 2.0319, -4.55772 0 2.75772, 
      -2.4325 6.05147 9.48, -4.0675 5.14853 5, 
      -0.18 3.71 1, 0.32 3.71 1, 
      -2.80939 25.22 3.76711, -2.4325 5.14853 5, 
      -0.18 4.46 -1, -4.43 0 -4.33013, 
      -0.68 4.46 -1, 0.32 15.26 -3.50056, 
      -1.56 15.26 3.9, -0.18 15.26 -3.50056, 
      -0.68 15.26 1, -4.55772 0 -2.75772, 
      -0.68 15.26 3.9, -0.18 4.46 -1.34462, 
      -0.18 15.26 1, -6.93 25.22 0, 
      -0.68 4.46 -1.34462, 0.32 15.26 1, 
      -5.7 25.22 -4.77612e-16, -0.68 4.71 1.77763, 
      -4.915 5.2825 5, -0.18 4.71 1.77763, 
      -4.5675 5.2825 5, -3.5675 6.9175 5, 
      -2.9325 6.9175 5, -5.1775 25.22 1.95, 
      -1.9325 5.2825 5, -1.585 5.2825 5, 
      -0.18 15.26 -2.74766, -0.68 15.26 -2.74766, 
      -3.2241 25.22 -4.82963, -1.8 25.22 3.9, 
      -1.56 25.22 3.9, -0.68 25.22 3.9, 
      -5.46553 25.22 -3.53553, -6.93 15.26 5, 
      -5.93 15.26 5, -0.68 4.91642 1.84271, 
      -0.18 4.91642 1.84271, -0.18 4.91642 -1.84271, 
      -0.68 4.91642 -1.84271, -6.93 15.26 6, 
      -0.68 15.26 5, -5.93 15.26 6, 
      -3.70147 6.4175 9.48, -3.70147 4.7825 9.48, 
      -2.79853 6.4175 9.48, -2.79853 4.7825 9.48, 
      -3.75 25.22 3.3775, -6.93 25.22 5, 
      -5.93 25.22 5, -2.80939 25.22 -3.76711, 
      -3.5675 3.935 5, -3.25 3.935 5, 
      -2.9325 3.935 5, -0.68 25.22 5, 
      -0.18 4.52699 -1.59462, -0.68 4.52699 -1.59462, 
      -5.56711 0 1.00939, -0.18 3.77699 2.2819, 
      0.32 3.77699 2.2819, -3.5675 7.265 5, 
      -3.25 7.265 5, -2.9325 7.265 5, 
      -0.18 4.71 -1.77763, -6.26013 0 -2.5, 
      -0.68 4.71 -1.77763, -6.75963 25.22 -1.2941, 
      -5.56711 0 -1.00939, -0.68 25.22 -3.9, 
      -1.56 25.22 -3.9, -1.8 25.22 -3.9, 
      -5.1775 25.22 -1.95, -4.55772 25.22 2.75772, 
      0.32 15.26 -1, -0.18 15.26 -1, 
      -0.68 15.26 -1, -0.68 15.26 -3.9, 
      -4.0675 5.14853 9.48, -1.56 15.26 -3.9, 
      -2.4325 5.14853 9.48, 0.32 3.71 -2.0319, 
      -0.68 4.46 1, -0.18 3.71 -2.0319, 
      -0.18 4.46 1, -4.915 5.9175 5, 
      -4.5675 5.9175 5, -3.5675 4.2825 5, 
      0.32 3.71 -1, -2.9325 4.2825 5, 
      -0.18 3.71 -1, -1.9325 5.9175 5, 
      -3.75 25.22 -3.3775, -1.585 5.9175 5, 
      -0.68 25.22 -5, -0.68 4.46 1.34462, 
      -0.18 4.46 1.34462, -1.93 25.22 -5, 
      -3.2241 0 -4.82963, -4.915 5.2825 9.48, 
      -4.5675 5.2825 9.48, -3.5675 6.9175 9.48, 
      -2.9325 6.9175 9.48, -5.46553 0 -3.53553, 
      -1.9325 5.2825 9.48, -1.585 5.2825 9.48, 
      -4.0675 6.05147 5, -2.4325 6.05147 5, 
      -0.18 3.96 2.46491, 0.32 3.96 2.46491, 
      -0.68 15.26 -5, 0.32 4.16642 -2.53, 
      -0.18 4.16642 -2.53, -2.80939 0 3.76711, 
      -4.43 25.22 -4.33013, -2.80939 0 -3.76711, 
      -6.93 24.22 6, -4.55772 25.22 -2.75772, 
      -5.93 24.22 6, -0.18 4.16642 2.53, 
      0.32 4.16642 2.53, -5.56711 25.22 1.00939, 
      0.32 3.77699 -2.2819, -0.18 15.26 3.50056, 
      -0.18 3.77699 -2.2819, 0.32 15.26 3.50056, 
      -5.1775 0 1.95, -3.5675 3.935 9.48, 
      -3.25 3.935 9.48, -2.9325 3.935 9.48
    ]
  }

  Normal
  {
    vector
    [
      0.9914 0.0000 0.0000,1.0000 0.0000 0.0000,
      -1.0000 0.0000 0.0000,0.0000 -0.3007 0.9537,
      0.0000 0.0000 -1.0000,0.0000 0.0000 1.0000,
      0.9659 -0.2588 0.0000,-0.9659 0.2588 0.0000,
      -0.9659 -0.2588 0.0000,0.9659 0.2588 0.0000,
      0.0000 -0.9659 0.2588,0.8586 0.0000 -0.4957,
      0.8586 0.0000 0.4957,-0.8586 0.0000 -0.4957,
      0.8365 -0.4830 0.0000,-0.8365 0.4830 0.0000,
      -0.8365 -0.4830 0.0000,0.8365 0.4830 0.0000,
      0.0000 -0.5039 0.8304,0.0000 -0.9659 -0.2588,
      0.0000 -0.3007 -0.9537,0.4957 0.0000 -0.8586,
      -0.4957 0.0000 -0.8586,0.4957 0.0000 0.8586,
      0.2566 0.0000 -0.9577,0.2566 0.0000 0.9577,
      -0.2566 0.0000 -0.9577,0.4830 -0.8365 0.0000,
      -0.4830 0.8365 0.0000,0.1305 0.0000 -0.9914,
      0.4830 0.8365 0.0000,-0.4830 -0.8365 0.0000,
      0.1305 0.0000 0.9914,-0.1305 0.0000 -0.9914,
      0.2588 -0.9659 0.0000,-0.2588 0.9659 0.0000,
      0.0000 0.7071 0.7071,0.2588 0.9659 0.0000,
      -0.2588 -0.9659 0.0000,0.0000 1.0000 0.0000,
      0.0000 -1.0000 0.0000,0.9577 0.0000 -0.2566,
      0.9577 0.0000 0.2566,-0.9577 0.0000 -0.2566,
      0.0000 -0.0872 0.9962,0.7011 0.0000 -0.7011,
      0.7011 0.0000 0.7011,-0.7011 0.0000 -0.7011,
      0.0000 -0.0872 -0.9962,0.0000 -0.8365 0.4830,
      -0.9914 0.0000 -0.1305,0.0000 -0.8365 -0.4830,
      0.0000 -0.5039 -0.8304
    ]
  }

    Node_Info
    {
      fields [SFString node_type, SFString node_name]
      node_type "Poly_Surface"
      node_name ""
    }
    NormalBinding { value PER_VERTEX_INDEXED }
    Separator
    {
      MatrixTransform
      {
      matrix 1.0000 0.0000 0.0000 0.0000
             0.0000 0.0000 1.0000 0.0000
             0.0000 -1.0000 0.0000 0.0000
             -24.6300 0.0000 0.0000 1.0000
      }
      IndexedFaceSet
      {
      coordIndex
      [
        3, 7, 25, -1,
        3, 25, 23, -1,
        3, 23, 22, -1,
        3, 22, 155, -1,
        22, 11, 100, -1,
        22, 100, 168, -1,
        22, 168, 39, -1,
        22, 39, 21, -1,
        22, 21, 155, -1,
        24, 53, 107, -1,
        107, 53, 14, -1,
        107, 14, 4, -1,
        4, 14, 110, -1,
        4, 110, 11, -1,
        11, 110, 10, -1,
        11, 10, 100, -1,
        145, 47, 13, -1,
        145, 13, 157, -1,
        145, 157, 24, -1,
        145, 24, 107, -1,
        12, 13, 47, -1,
        12, 47, 140, -1,
        12, 140, 27, -1,
        12, 27, 26, -1,
        12, 26, 25, -1,
        12, 25, 7, -1,
        134, 93, 76, -1,
        76, 93, 113, -1,
        76, 113, 156, -1,
        156, 113, 112, -1,
        156, 112, 111, -1,
        72, 156, 111, -1,
        72, 111, 136, -1,
        72, 136, 139, -1,
        75, 74, 91, -1,
        75, 91, 92, -1,
        75, 92, 97, -1,
        91, 74, 73, -1,
        91, 73, 44, -1,
        91, 44, 90, -1,
        91, 90, 115, -1,
        91, 115, 67, -1,
        91, 67, 163, -1,
        91, 163, 57, -1,
        163, 60, 57, -1,
        57, 60, 35, -1,
        57, 35, 109, -1,
        109, 35, 114, -1,
        109, 114, 34, -1,
        34, 114, 159, -1,
        34, 159, 134, -1,
        134, 76, 34, -1,
        100, 10, 60, -1,
        100, 60, 163, -1,
        78, 77, 22, -1,
        78, 22, 23, -1,
        4, 11, 57, -1,
        4, 57, 109, -1,
        107, 4, 109, -1,
        107, 109, 34, -1,
        145, 107, 34, -1,
        145, 34, 76, -1,
        91, 57, 11, -1,
        91, 11, 22, -1,
        91, 77, 83, -1,
        91, 83, 158, -1,
        160, 85, 78, -1,
        160, 78, 92, -1,
        158, 83, 85, -1,
        158, 85, 160, -1,
        85, 83, 77, -1,
        85, 77, 78, -1,
        92, 91, 158, -1,
        92, 158, 160, -1,
        6, 2, 170, -1,
        170, 2, 143, -1,
        170, 143, 30, -1,
        30, 143, 86, -1,
        30, 86, 87, -1,
        87, 86, 37, -1,
        87, 37, 120, -1,
        120, 37, 29, -1,
        120, 29, 142, -1,
        142, 29, 28, -1,
        142, 28, 141, -1,
        6, 170, 171, -1,
        6, 171, 31, -1,
        6, 31, 144, -1,
        6, 144, 8, -1,
        144, 89, 88, -1,
        88, 89, 122, -1,
        88, 122, 40, -1,
        40, 122, 146, -1,
        40, 146, 32, -1,
        32, 146, 147, -1,
        32, 147, 33, -1,
        89, 144, 31, -1,
        170, 30, 169, -1,
        64, 142, 141, -1,
        64, 141, 62, -1,
        29, 128, 127, -1,
        29, 127, 28, -1,
        28, 127, 62, -1,
        28, 62, 141, -1,
        29, 37, 148, -1,
        29, 148, 128, -1,
        142, 64, 41, -1,
        142, 41, 120, -1,
        53, 24, 134, -1,
        53, 134, 159, -1,
        47, 145, 76, -1,
        47, 76, 156, -1,
        140, 47, 156, -1,
        140, 156, 72, -1,
        27, 140, 72, -1,
        27, 72, 139, -1,
        12, 7, 50, -1,
        12, 50, 121, -1,
        27, 139, 136, -1,
        27, 136, 152, -1,
        27, 152, 26, -1,
        38, 43, 59, -1,
        38, 59, 167, -1,
        38, 167, 162, -1,
        38, 162, 151, -1,
        38, 151, 102, -1,
        116, 130, 123, -1,
        116, 123, 164, -1,
        116, 164, 5, -1,
        116, 5, 153, -1,
        116, 153, 49, -1,
        70, 71, 118, -1,
        70, 118, 117, -1,
        70, 117, 116, -1,
        70, 116, 49, -1,
        70, 49, 51, -1,
        165, 167, 1, -1,
        1, 167, 59, -1,
        1, 59, 0, -1,
        0, 59, 50, -1,
        0, 50, 54, -1,
        50, 59, 56, -1,
        50, 56, 52, -1,
        50, 52, 118, -1,
        50, 118, 71, -1,
        50, 71, 119, -1,
        50, 119, 121, -1,
        79, 0, 54, -1,
        79, 54, 84, -1,
        79, 84, 25, -1,
        79, 25, 61, -1,
        25, 26, 99, -1,
        25, 99, 58, -1,
        25, 58, 48, -1,
        25, 48, 124, -1,
        25, 124, 137, -1,
        25, 137, 19, -1,
        25, 19, 61, -1,
        124, 48, 118, -1,
        124, 118, 52, -1,
        82, 108, 26, -1,
        82, 26, 152, -1,
        82, 152, 119, -1,
        82, 119, 71, -1,
        99, 26, 108, -1,
        161, 165, 80, -1,
        161, 80, 63, -1,
        161, 63, 20, -1,
        161, 20, 138, -1,
        161, 138, 126, -1,
        161, 126, 150, -1,
        101, 150, 126, -1,
        101, 126, 42, -1,
        101, 42, 36, -1,
        80, 165, 1, -1,
        166, 125, 132, -1,
        166, 132, 46, -1,
        166, 46, 55, -1,
        166, 55, 98, -1,
        166, 98, 106, -1,
        166, 106, 81, -1,
        166, 81, 70, -1,
        166, 70, 51, -1,
        166, 51, 154, -1,
        166, 154, 9, -1,
        46, 132, 130, -1,
        46, 130, 116, -1,
        46, 116, 117, -1,
        154, 51, 49, -1,
        154, 49, 153, -1,
        166, 9, 5, -1,
        166, 5, 164, -1,
        125, 166, 164, -1,
        125, 164, 123, -1,
        9, 154, 153, -1,
        9, 153, 5, -1,
        132, 125, 123, -1,
        132, 123, 130, -1,
        165, 161, 162, -1,
        165, 162, 167, -1,
        150, 101, 102, -1,
        150, 102, 151, -1,
        161, 150, 151, -1,
        161, 151, 162, -1,
        101, 36, 38, -1,
        101, 38, 102, -1,
        36, 42, 43, -1,
        36, 43, 38, -1,
        126, 56, 59, -1,
        126, 59, 43, -1,
        126, 43, 42, -1,
        124, 52, 56, -1,
        124, 56, 126, -1,
        0, 79, 80, -1,
        0, 80, 1, -1,
        79, 61, 63, -1,
        79, 63, 80, -1,
        61, 19, 20, -1,
        61, 20, 63, -1,
        19, 137, 138, -1,
        19, 138, 20, -1,
        137, 124, 126, -1,
        137, 126, 138, -1,
        82, 71, 70, -1,
        82, 70, 81, -1,
        99, 108, 106, -1,
        99, 106, 98, -1,
        58, 99, 98, -1,
        58, 98, 55, -1,
        108, 82, 81, -1,
        108, 81, 106, -1,
        118, 48, 46, -1,
        118, 46, 117, -1,
        48, 58, 55, -1,
        48, 55, 46, -1,
        119, 152, 136, -1,
        119, 136, 111, -1,
        84, 54, 75, -1,
        84, 75, 97, -1,
        50, 74, 75, -1,
        50, 75, 54, -1,
        111, 112, 121, -1,
        111, 121, 119, -1,
        155, 21, 90, -1,
        155, 90, 44, -1,
        94, 129, 16, -1,
        94, 16, 41, -1,
        94, 41, 64, -1,
        94, 64, 25, -1,
        94, 25, 95, -1,
        25, 84, 135, -1,
        25, 135, 69, -1,
        25, 69, 68, -1,
        25, 68, 45, -1,
        25, 45, 18, -1,
        25, 18, 131, -1,
        25, 131, 96, -1,
        25, 96, 95, -1,
        97, 92, 127, -1,
        97, 127, 128, -1,
        97, 128, 148, -1,
        97, 148, 103, -1,
        97, 103, 104, -1,
        97, 104, 105, -1,
        97, 105, 17, -1,
        97, 17, 149, -1,
        97, 149, 133, -1,
        97, 133, 135, -1,
        97, 135, 84, -1,
        103, 148, 15, -1,
        103, 15, 65, -1,
        62, 127, 92, -1,
        62, 92, 78, -1,
        62, 78, 23, -1,
        62, 23, 25, -1,
        62, 25, 64, -1,
        17, 105, 66, -1,
        146, 68, 69, -1,
        146, 69, 147, -1,
        103, 65, 143, -1,
        103, 143, 2, -1,
        144, 66, 105, -1,
        144, 105, 8, -1,
        104, 103, 2, -1,
        104, 2, 6, -1,
        105, 104, 6, -1,
        105, 6, 8, -1,
        135, 133, 32, -1,
        135, 32, 33, -1,
        147, 69, 135, -1,
        147, 135, 33, -1,
        88, 17, 66, -1,
        88, 66, 144, -1,
        40, 149, 17, -1,
        40, 17, 88, -1,
        32, 133, 149, -1,
        32, 149, 40, -1,
        86, 15, 148, -1,
        86, 148, 37, -1,
        143, 65, 15, -1,
        143, 15, 86, -1,
        120, 41, 16, -1,
        120, 16, 87, -1,
        122, 45, 68, -1,
        122, 68, 146, -1,
        89, 18, 45, -1,
        89, 45, 122, -1,
        31, 131, 18, -1,
        31, 18, 89, -1,
        96, 131, 31, -1,
        96, 31, 171, -1,
        87, 16, 129, -1,
        87, 129, 30, -1,
        170, 95, 96, -1,
        170, 96, 171, -1,
        94, 95, 170, -1,
        94, 170, 169, -1,
        129, 94, 169, -1,
        129, 169, 30, -1,
        24, 157, 93, -1,
        24, 93, 134, -1,
        113, 13, 12, -1,
        113, 12, 121, -1,
        113, 121, 112, -1,
        157, 13, 113, -1,
        157, 113, 93, -1,
        14, 53, 159, -1,
        14, 159, 114, -1,
        110, 14, 114, -1,
        110, 114, 35, -1,
        10, 110, 35, -1,
        10, 35, 60, -1,
        3, 73, 74, -1,
        3, 74, 50, -1,
        3, 50, 7, -1,
        168, 100, 163, -1,
        168, 163, 67, -1,
        39, 168, 67, -1,
        39, 67, 115, -1,
        21, 39, 115, -1,
        21, 115, 90, -1,
        3, 155, 44, -1,
        3, 44, 73, -1
          ]
      normalIndex
      [
40, 40, 40, -1,
        40, 40, 40, -1,
        40, 40, 40, -1,
        40, 40, 40, -1,
        40, 40, 40, -1,
        40, 40, 40, -1,
        40, 40, 40, -1,
        40, 40, 40, -1,
        40, 40, 40, -1,
        40, 40, 40, -1,
        40, 40, 40, -1,
        40, 40, 40, -1,
        40, 40, 40, -1,
        40, 40, 40, -1,
        40, 40, 40, -1,
        40, 40, 40, -1,
        40, 40, 40, -1,
        40, 40, 40, -1,
        40, 40, 40, -1,
        40, 40, 40, -1,
        40, 40, 40, -1,
        40, 40, 40, -1,
        40, 40, 40, -1,
        40, 40, 40, -1,
        40, 40, 40, -1,
        40, 40, 40, -1,
        39, 39, 39, -1,
        39, 39, 39, -1,
        39, 39, 39, -1,
        39, 39, 39, -1,
        39, 39, 39, -1,
        39, 39, 39, -1,
        39, 39, 39, -1,
        39, 39, 39, -1,
        39, 39, 39, -1,
        39, 39, 39, -1,
        39, 39, 39, -1,
        39, 39, 39, -1,
        39, 39, 39, -1,
        39, 39, 39, -1,
        39, 39, 39, -1,
        39, 39, 39, -1,
        39, 39, 39, -1,
        39, 39, 39, -1,
        39, 39, 39, -1,
        39, 39, 39, -1,
        39, 39, 39, -1,
        39, 39, 39, -1,
        39, 39, 39, -1,
        39, 39, 39, -1,
        39, 39, 39, -1,
        39, 39, 39, -1,
        41, 0, 0, -1,
        41, 0, 41, -1,
        5, 5, 5, -1,
        5, 5, 5, -1,
        43, 50, 50, -1,
        43, 50, 43, -1,
        13, 43, 43, -1,
        13, 43, 13, -1,
        47, 13, 13, -1,
        47, 13, 47, -1,
        2, 2, 2, -1,
        2, 2, 2, -1,
        2, 2, 2, -1,
        2, 2, 2, -1,
        1, 1, 1, -1,
        1, 1, 1, -1,
        5, 5, 5, -1,
        5, 5, 5, -1,
        40, 40, 40, -1,
        40, 40, 40, -1,
        36, 36, 36, -1,
        36, 36, 36, -1,
        5, 5, 5, -1,
        5, 5, 5, -1,
        5, 5, 5, -1,
        5, 5, 5, -1,
        5, 5, 5, -1,
        5, 5, 5, -1,
        5, 5, 5, -1,
        5, 5, 5, -1,
        5, 5, 5, -1,
        5, 5, 5, -1,
        5, 5, 5, -1,
        5, 5, 5, -1,
        5, 5, 5, -1,
        5, 5, 5, -1,
        5, 5, 5, -1,
        5, 5, 5, -1,
        5, 5, 5, -1,
        5, 5, 5, -1,
        5, 5, 5, -1,
        5, 5, 5, -1,
        5, 5, 5, -1,
        5, 5, 5, -1,
        5, 5, 5, -1,
        5, 5, 5, -1,
        40, 40, 40, -1,
        40, 40, 40, -1,
        39, 39, 39, -1,
        39, 39, 39, -1,
        2, 2, 2, -1,
        2, 2, 2, -1,
        35, 28, 28, -1,
        35, 28, 35, -1,
        38, 38, 31, -1,
        38, 31, 31, -1,
        46, 23, 23, -1,
        46, 23, 46, -1,
        22, 47, 47, -1,
        22, 47, 22, -1,
        26, 22, 22, -1,
        26, 22, 26, -1,
        33, 26, 26, -1,
        33, 26, 33, -1,
        2, 2, 2, -1,
        2, 2, 2, -1,
        4, 4, 4, -1,
        4, 4, 4, -1,
        4, 4, 4, -1,
        1, 1, 1, -1,
        1, 1, 1, -1,
        1, 1, 1, -1,
        1, 1, 1, -1,
        1, 1, 1, -1,
        1, 1, 1, -1,
        1, 1, 1, -1,
        1, 1, 1, -1,
        1, 1, 1, -1,
        1, 1, 1, -1,
        39, 39, 39, -1,
        39, 39, 39, -1,
        39, 39, 39, -1,
        39, 39, 39, -1,
        39, 39, 39, -1,
        39, 39, 39, -1,
        39, 39, 39, -1,
        39, 39, 39, -1,
        39, 39, 39, -1,
        39, 39, 39, -1,
        39, 39, 39, -1,
        39, 39, 39, -1,
        39, 39, 39, -1,
        39, 39, 39, -1,
        39, 39, 39, -1,
        39, 39, 39, -1,
        1, 1, 1, -1,
        1, 1, 1, -1,
        1, 1, 1, -1,
        1, 1, 1, -1,
        1, 1, 1, -1,
        1, 1, 1, -1,
        1, 1, 1, -1,
        1, 1, 1, -1,
        1, 1, 1, -1,
        1, 1, 1, -1,
        1, 1, 1, -1,
        1, 1, 1, -1,
        1, 1, 1, -1,
        1, 1, 1, -1,
        1, 1, 1, -1,
        1, 1, 1, -1,
        1, 1, 1, -1,
        1, 1, 1, -1,
        2, 2, 2, -1,
        2, 2, 2, -1,
        2, 2, 2, -1,
        2, 2, 2, -1,
        2, 2, 2, -1,
        2, 2, 2, -1,
        2, 2, 2, -1,
        2, 2, 2, -1,
        2, 2, 2, -1,
        2, 2, 2, -1,
        2, 2, 2, -1,
        2, 2, 2, -1,
        2, 2, 2, -1,
        2, 2, 2, -1,
        2, 2, 2, -1,
        2, 2, 2, -1,
        2, 2, 2, -1,
        2, 2, 2, -1,
        2, 2, 2, -1,
        2, 2, 2, -1,
        5, 5, 5, -1,
        5, 5, 5, -1,
        5, 5, 5, -1,
        48, 48, 48, -1,
        48, 48, 48, -1,
        51, 52, 52, -1,
        51, 52, 51, -1,
        19, 51, 51, -1,
        19, 51, 19, -1,
        52, 20, 20, -1,
        52, 20, 52, -1,
        40, 40, 40, -1,
        40, 40, 40, -1,
        44, 44, 44, -1,
        44, 44, 44, -1,
        18, 49, 49, -1,
        18, 49, 18, -1,
        3, 18, 18, -1,
        3, 18, 3, -1,
        49, 10, 10, -1,
        49, 10, 49, -1,
        40, 40, 40, -1,
        40, 40, 40, -1,
        4, 4, 4, -1,
        4, 4, 4, -1,
        4, 4, 4, -1,
        4, 4, 4, -1,
        4, 4, 4, -1,
        44, 44, 44, -1,
        44, 44, 44, -1,
        3, 18, 18, -1,
        3, 18, 3, -1,
        18, 49, 49, -1,
        18, 49, 18, -1,
        49, 10, 10, -1,
        49, 10, 49, -1,
        40, 40, 40, -1,
        40, 40, 40, -1,
        48, 48, 48, -1,
        48, 48, 48, -1,
        51, 52, 52, -1,
        51, 52, 51, -1,
        19, 51, 51, -1,
        19, 51, 19, -1,
        52, 20, 20, -1,
        52, 20, 52, -1,
        5, 5, 5, -1,
        5, 5, 5, -1,
        40, 40, 40, -1,
        40, 40, 40, -1,
        1, 1, 1, -1,
        1, 1, 1, -1,
        1, 1, 1, -1,
        1, 1, 1, -1,
        4, 4, 4, -1,
        4, 4, 4, -1,
        5, 5, 5, -1,
        5, 5, 5, -1,
        24, 21, 21, -1,
        24, 21, 24, -1,
        5, 5, 5, -1,
        5, 5, 5, -1,
        5, 5, 5, -1,
        5, 5, 5, -1,
        5, 5, 5, -1,
        5, 5, 5, -1,
        5, 5, 5, -1,
        5, 5, 5, -1,
        5, 5, 5, -1,
        5, 5, 5, -1,
        5, 5, 5, -1,
        5, 5, 5, -1,
        5, 5, 5, -1,
        5, 5, 5, -1,
        5, 5, 5, -1,
        5, 5, 5, -1,
        5, 5, 5, -1,
        5, 5, 5, -1,
        5, 5, 5, -1,
        5, 5, 5, -1,
        5, 5, 5, -1,
        5, 5, 5, -1,
        5, 5, 5, -1,
        5, 5, 5, -1,
        5, 5, 5, -1,
        5, 5, 5, -1,
        5, 5, 5, -1,
        5, 5, 5, -1,
        5, 5, 5, -1,
        5, 5, 5, -1,
        5, 5, 5, -1,
        5, 5, 5, -1,
        40, 40, 40, -1,
        40, 40, 40, -1,
        2, 2, 2, -1,
        2, 2, 2, -1,
        1, 1, 1, -1,
        1, 1, 1, -1,
        39, 39, 39, -1,
        39, 39, 39, -1,
        39, 39, 39, -1,
        39, 39, 39, -1,
        39, 39, 39, -1,
        39, 39, 39, -1,
        1, 1, 1, -1,
        1, 1, 1, -1,
        17, 17, 9, -1,
        17, 9, 9, -1,
        30, 30, 17, -1,
        30, 17, 17, -1,
        37, 37, 30, -1,
        37, 30, 30, -1,
        15, 15, 28, -1,
        15, 28, 28, -1,
        7, 7, 15, -1,
        7, 15, 15, -1,
        31, 31, 16, -1,
        31, 16, 16, -1,
        27, 27, 34, -1,
        27, 34, 34, -1,
        14, 14, 27, -1,
        14, 27, 27, -1,
        6, 6, 14, -1,
        6, 14, 14, -1,
        1, 1, 1, -1,
        1, 1, 1, -1,
        16, 16, 8, -1,
        16, 8, 8, -1,
        40, 40, 40, -1,
        40, 40, 40, -1,
        40, 40, 40, -1,
        40, 40, 40, -1,
        2, 2, 2, -1,
        2, 2, 2, -1,
        23, 25, 25, -1,
        23, 25, 23, -1,
        5, 5, 5, -1,
        5, 5, 5, -1,
        5, 5, 5, -1,
        25, 32, 32, -1,
        25, 32, 25, -1,
        12, 46, 46, -1,
        12, 46, 12, -1,
        42, 12, 12, -1,
        42, 12, 42, -1,
        0, 42, 42, -1,
        0, 42, 0, -1,
        4, 4, 4, -1,
        4, 4, 4, -1,
        4, 4, 4, -1,
        11, 41, 41, -1,
        11, 41, 11, -1,
        45, 11, 11, -1,
        45, 11, 45, -1,
        21, 45, 45, -1,
        21, 45, 21, -1,
        29, 24, 24, -1,
        29, 24, 29, -1
              ]
      }
    }
  }
}
DEF _ET60S-D02-R1_pow Group
{
Shape 
{
  Node_info
  {
    fields [SFString node_type, SFString node_name]
    node_type "Poly_Geom_Data"
    node_name ""
  }

    Material
    {
      ambientColor [0.77 0.77 0.77]
      diffuseColor [0.77 0.77 0.77]
      specularColor [0.8 0.8 0.8]
      shininess [0.5]
      transparency [0.00]
    }

  Coordinate3
  {
    point
    [
      -4.57 11.3201 4.18, -4.57 5.28 4.65, 
      -1.57 3.495 4.5201, 0.93 5.718 7.84, 
      -3.93 11.3201 4.18, -3.93 5.28 4.65, 
      -0.93 3.495 4.5201, 1.57 5.718 7.84, 
      0.93 3.495 4.5201, -1.57 11.3201 4.18, 
      -1.57 5.28 4.65, 1.57 3.495 4.5201, 
      -4.57 10.718 7.84, 3.93 5.718 7.84, 
      -0.93 11.3201 4.18, -0.93 5.28 4.65, 
      -3.93 10.718 7.84, 4.57 5.718 7.84, 
      -4.57 5.205 4.5201, -3.93 5.205 4.5201, 
      0.93 11.3201 4.18, 0.93 5.28 4.65, 
      -4.57 8.495 4.5201, 3.93 3.495 4.5201, 
      1.57 11.3201 4.18, 1.57 5.28 4.65, 
      -3.93 8.495 4.5201, 4.57 3.495 4.5201, 
      -1.57 10.718 7.84, -0.93 10.718 7.84, 
      -1.57 5.205 4.5201, -0.93 5.205 4.5201, 
      -4.57 10.28 4.65, 3.93 11.3201 4.18, 
      3.93 5.28 4.65, -1.57 8.495 4.5201, 
      0.93 10.718 7.84, -3.93 10.28 4.65, 
      -0.93 8.495 4.5201, 4.57 11.3201 4.18, 
      4.57 5.28 4.65, 1.57 10.718 7.84, 
      0.93 5.205 4.5201, 1.57 5.205 4.5201, 
      0.93 8.495 4.5201, -1.57 10.28 4.65, 
      1.57 8.495 4.5201, 3.93 10.718 7.84, 
      -0.93 10.28 4.65, 4.57 10.718 7.84, 
      -4.57 10.205 4.5201, 3.93 5.205 4.5201, 
      -4.57 11.07 4.79, -3.93 10.205 4.5201, 
      4.57 5.205 4.5201, -3.93 11.07 4.79, 
      0.93 10.28 4.65, 3.93 8.495 4.5201, 
      4.57 0.28 -4.15, 1.57 10.28 4.65, 
      4.57 8.495 4.5201, 3.93 0.28 -4.15, 
      -1.57 10.205 4.5201, -1.57 11.07 4.79, 
      -0.93 10.205 4.5201, -0.93 11.07 4.79, 
      3.93 10.28 4.65, 1.57 0.28 -4.15, 
      4.57 10.28 4.65, 0.93 10.205 4.5201, 
      0.93 0.28 -4.15, 0.93 11.07 4.79, 
      1.57 10.205 4.5201, 1.57 11.07 4.79, 
      -0.93 0.28 -4.15, -1.57 0.28 -4.15, 
      3.93 10.205 4.5201, 3.93 11.07 4.79, 
      4.57 10.205 4.5201, 4.57 11.07 4.79, 
      -3.93 0.28 -4.15, -4.57 10.92 4.94, 
      3.93 13 -3.98311, -4.57 0.28 -4.15, 
      -3.93 10.92 4.94, 1.57 13 -3.98311, 
      -1.57 10.92 4.94, 0.93 13 -3.98311, 
      -0.93 10.92 4.94, -0.93 13 -3.98311, 
      0.93 10.92 4.94, -1.57 13 -3.98311, 
      1.57 10.92 4.94, -3.93 13 -3.98311, 
      3.93 10.92 4.94, 4.57 10.92 4.94, 
      -4.57 3.42 7.49, -3.93 3.42 7.49, 
      -4.57 11.3 4.79, -1.57 3.42 7.49, 
      -3.93 11.3 4.79, -0.93 3.42 7.49, 
      -4.57 2.63 4.5, -3.93 2.63 4.5, 
      -1.57 11.3 4.79, 0.93 3.42 7.49, 
      -0.93 11.3 4.79, 1.57 3.42 7.49, 
      -1.57 2.63 4.5, -0.93 2.63 4.5, 
      0.93 11.3 4.79, -4.57 8.42 7.49, 
      3.93 3.42 7.49, 1.57 11.3 4.79, 
      -4.57 10.995 4.8101, -3.93 8.42 7.49, 
      4.57 3.42 7.49, 0.93 2.63 4.5, 
      -3.93 10.995 4.8101, 1.57 2.63 4.5, 
      3.93 11.3 4.79, -1.57 8.42 7.49, 
      4.57 11.3 4.79, -4.57 1.07 4.5, 
      -1.57 10.995 4.8101, -0.93 8.42 7.49, 
      -3.93 1.07 4.5, -4.57 7.63 4.5, 
      3.93 2.63 4.5, -0.93 10.995 4.8101, 
      -3.93 7.63 4.5, 4.57 2.63 4.5, 
      -4.57 0.28 7.49, 0.93 8.42 7.49, 
      -3.93 0.28 7.49, 0.93 10.995 4.8101, 
      -1.57 1.07 4.5, 1.57 8.42 7.49, 
      1.57 10.995 4.8101, -1.57 7.63 4.5, 
      -0.93 1.07 4.5, -4.57 3.4401 4.575, 
      -4.57 2.982 7.84, -0.93 7.63 4.5, 
      -3.93 3.4401 4.575, -3.93 2.982 7.84, 
      -1.57 0.28 7.49, 3.93 8.42 7.49, 
      0.93 1.07 4.5, -0.93 0.28 7.49, 
      3.93 10.995 4.8101, 4.57 8.42 7.49, 
      0.93 7.63 4.5, 1.57 1.07 4.5, 
      4.57 10.995 4.8101, 1.57 7.63 4.5, 
      -1.57 3.4401 4.575, -1.57 2.982 7.84, 
      -0.93 3.4401 4.575, 0.93 0.28 7.49, 
      -0.93 2.982 7.84, 1.57 0.28 7.49, 
      -4.57 6.07 4.5, 3.93 1.07 4.5, 
      -3.93 6.07 4.5, 3.93 7.63 4.5, 
      4.57 1.07 4.5, 0.93 3.4401 4.575, 
      0.93 2.982 7.84, 4.57 7.63 4.5, 
      1.57 3.4401 4.575, 1.57 2.982 7.84, 
      -4.57 0.92 4.65, -4.57 5.28 7.49, 
      3.93 0.28 7.49, -3.93 0.92 4.65, 
      -3.93 5.28 7.49, 4.57 0.28 7.49, 
      -1.57 6.07 4.5, -0.93 6.07 4.5, 
      -4.57 8.4401 4.575, 3.93 3.4401 4.575, 
      -4.57 7.982 7.84, 3.93 2.982 7.84, 
      -3.93 8.4401 4.575, 4.57 3.4401 4.575, 
      -3.93 7.982 7.84, 4.57 2.982 7.84, 
      -1.57 0.92 4.65, -1.57 5.28 7.49, 
      0.93 6.07 4.5, -0.93 0.92 4.65, 
      -0.93 5.28 7.49, -3.93 13 4.03803, 
      1.57 6.07 4.5, -1.57 8.4401 4.575, 
      -1.57 7.982 7.84, 4.57 0.28 -2.336, 
      0.93 0.92 4.65, -0.93 8.4401 4.575, 
      0.93 5.28 7.49, -0.93 7.982 7.84, 
      3.93 0.28 -2.336, 1.57 0.92 4.65, 
      -4.57 12.884 4.105, 1.57 5.28 7.49, 
      -1.57 13 4.03803, 3.93 6.07 4.5, 
      -3.93 12.884 4.105, -0.93 13 4.03803, 
      4.57 6.07 4.5, 0.93 8.4401 4.575, 
      0.93 7.982 7.84, 3.93 13.1 -3.3, 
      1.57 8.4401 4.575, 1.57 7.982 7.84, 
      1.57 0.28 -2.336, -4.57 5.92 4.65, 
      3.93 0.92 4.65, -4.57 10.28 7.49, 
      3.93 5.28 7.49, 0.93 0.28 -2.336, 
      0.93 13 4.03803, -3.93 5.92 4.65, 
      4.57 0.92 4.65, -1.57 12.884 4.105, 
      -3.93 10.28 7.49, 4.57 5.28 7.49, 
      1.57 13 4.03803, -0.93 12.884 4.105, 
      1.57 13.1 -3.3, 3.93 8.4401 4.575, 
      3.93 7.982 7.84, -0.93 0.28 -2.336, 
      0.93 13.1 -3.3, 4.57 8.4401 4.575, 
      4.57 7.982 7.84, -1.57 0.28 -2.336, 
      -1.57 5.92 4.65, -1.57 10.28 7.49, 
      -4.57 5.2599 4.575, 0.93 12.884 4.105, 
      3.93 13 4.03803, -0.93 5.92 4.65, 
      -0.93 10.28 7.49, -3.93 5.2599 4.575, 
      1.57 12.884 4.105, -0.93 13.1 -3.3, 
      -1.57 13.1 -3.3, -3.93 0.28 -2.336, 
      0.93 5.92 4.65, 0.93 10.28 7.49, 
      -4.57 0.28 -2.336, 1.57 5.92 4.65, 
      -1.57 5.2599 4.575, 3.93 12.884 4.105, 
      1.57 10.28 7.49, -0.93 5.2599 4.575, 
      4.57 12.884 4.105, -3.93 13.1 -3.3, 
      3.93 5.92 4.65, 3.93 10.28 7.49, 
      0.93 5.2599 4.575, -4.57 3.218 7.84, 
      4.57 5.92 4.65, 4.57 10.28 7.49, 
      1.57 5.2599 4.575, -3.93 3.218 7.84, 
      3.93 13 -3.3, -4.57 0.995 4.5201, 
      -3.93 0.995 4.5201, -4.57 10.2599 4.575, 
      3.93 5.2599 4.575, -1.57 3.218 7.84, 
      1.57 13 -3.3, -3.93 10.2599 4.575, 
      -0.93 3.218 7.84, 4.57 5.2599 4.575, 
      0.93 13 -3.3, -4.57 2.78 4.65, 
      -1.57 0.995 4.5201, 0.93 3.218 7.84, 
      -3.93 2.78 4.65, -0.93 0.995 4.5201, 
      -0.93 13 -3.3, -1.57 10.2599 4.575, 
      1.57 3.218 7.84, -1.57 13 -3.3, 
      -0.93 10.2599 4.575, 0.93 0.995 4.5201, 
      -1.57 2.78 4.65, 1.57 0.995 4.5201, 
      0.93 10.2599 4.575, -4.57 8.218 7.84, 
      3.93 3.218 7.84, -0.93 2.78 4.65, 
      -3.93 13 -3.3, 1.57 10.2599 4.575, 
      -3.93 8.218 7.84, 4.57 3.218 7.84, 
      -4.57 2.705 4.5201, 4.57 12.711 -4.15, 
      -4.57 11.45 4.105, -3.93 2.705 4.5201, 
      3.93 12.711 -4.15, -3.93 11.45 4.105, 
      0.93 2.78 4.65, -4.57 5.995 4.5201, 
      3.93 0.995 4.5201, 1.57 2.78 4.65, 
      -3.93 5.995 4.5201, 4.57 0.995 4.5201, 
      3.93 10.2599 4.575, -1.57 8.218 7.84, 
      -0.93 8.218 7.84, 4.57 10.2599 4.575, 
      -1.57 2.705 4.5201, 1.57 12.711 -4.15, 
      -1.57 11.45 4.105, -0.93 2.705 4.5201, 
      0.93 12.711 -4.15, -0.93 11.45 4.105, 
      -4.57 7.78 4.65, 3.93 2.78 4.65, 
      -1.57 5.995 4.5201, 0.93 8.218 7.84, 
      -3.93 7.78 4.65, -0.93 5.995 4.5201, 
      4.57 2.78 4.65, 1.57 8.218 7.84, 
      0.93 2.705 4.5201, -0.93 12.711 -4.15, 
      0.93 11.45 4.105, 1.57 2.705 4.5201, 
      -1.57 12.711 -4.15, 1.57 11.45 4.105, 
      0.93 5.995 4.5201, -1.57 7.78 4.65, 
      1.57 5.995 4.5201, 3.93 8.218 7.84, 
      -0.93 7.78 4.65, 4.57 8.218 7.84, 
      -4.57 7.705 4.5201, 3.93 2.705 4.5201, 
      4.57 13.1 -3.92536, -3.93 12.711 -4.15, 
      3.93 11.45 4.105, -3.93 7.705 4.5201, 
      4.57 2.705 4.5201, -4.57 12.711 -4.15, 
      4.57 11.45 4.105, 0.93 7.78 4.65, 
      3.93 5.995 4.5201, 1.57 7.78 4.65, 
      4.57 5.995 4.5201, -4.57 11.3 4.255, 
      -3.93 11.3 4.255, -1.57 7.705 4.5201, 
      -0.93 7.705 4.5201, -4.57 10.9401 4.865, 
      3.93 7.78 4.65, -3.93 10.9401 4.865, 
      4.57 7.78 4.65, -1.57 11.3 4.255, 
      0.93 7.705 4.5201, -0.93 11.3 4.255, 
      1.57 7.705 4.5201, -1.57 10.9401 4.865, 
      0.93 11.3 4.255, -0.93 10.9401 4.865, 
      1.57 11.3 4.255, 3.93 7.705 4.5201, 
      4.57 7.705 4.5201, -4.57 13.1 -3.92536, 
      0.93 10.9401 4.865, 1.57 10.9401 4.865, 
      3.93 11.3 4.255, 4.57 11.3 4.255, 
      3.93 10.9401 4.865, -4.57 0.7 2.396, 
      4.57 10.9401 4.865, -3.93 0.7 2.396, 
      -1.57 0.7 2.396, -0.93 0.7 2.396, 
      -4.57 0.28 3.056, -3.93 0.28 3.056, 
      0.93 0.7 2.396, 1.57 0.7 2.396, 
      -1.57 0.28 3.056, -4.57 0.92 7.49, 
      -0.93 0.28 3.056, -4.57 11.375 4.1251, 
      -3.93 0.92 7.49, 3.93 0.7 2.396, 
      -3.93 11.375 4.1251, 4.57 0.7 2.396, 
      0.93 0.28 3.056, 1.57 0.28 3.056, 
      -1.57 0.92 7.49, -1.57 11.375 4.1251, 
      -0.93 0.92 7.49, -0.93 11.375 4.1251, 
      3.93 0.28 3.056, 0.93 0.92 7.49, 
      4.57 0.28 3.056, 0.93 11.375 4.1251, 
      1.57 0.92 7.49, 1.57 11.375 4.1251, 
      -4.57 5.92 7.49, 3.93 0.92 7.49, 
      -3.93 5.92 7.49, 3.93 11.375 4.1251, 
      4.57 0.92 7.49, 4.57 11.375 4.1251, 
      -1.57 5.92 7.49, -0.93 5.92 7.49, 
      -4.57 5.13 4.5, -3.93 5.13 4.5, 
      0.93 5.92 7.49, 1.57 5.92 7.49, 
      -1.57 5.13 4.5, -4.57 0.940096 4.575, 
      -4.57 0.482 7.84, -0.93 5.13 4.5, 
      -3.93 0.940096 4.575, -3.93 0.482 7.84, 
      -4.57 10.92 7.49, 3.93 5.92 7.49, 
      -3.93 10.92 7.49, 4.57 5.92 7.49, 
      0.93 5.13 4.5, 1.57 5.13 4.5, 
      -1.57 0.940096 4.575, -1.57 0.482 7.84, 
      -0.93 0.940096 4.575, -0.93 0.482 7.84, 
      -1.57 10.92 7.49, -4.57 3.57 4.5, 
      -0.93 10.92 7.49, -3.93 3.57 4.5, 
      -4.57 10.13 4.5, 3.93 5.13 4.5, 
      0.93 0.940096 4.575, 0.93 0.482 7.84, 
      -3.93 10.13 4.5, 4.57 5.13 4.5, 
      1.57 0.940096 4.575, 1.57 0.482 7.84, 
      -4.57 2.78 7.49, 0.93 10.92 7.49, 
      -3.93 2.78 7.49, -1.57 3.57 4.5, 
      1.57 10.92 7.49, -0.93 3.57 4.5, 
      -1.57 10.13 4.5, -4.57 5.9401 4.575, 
      3.93 0.940096 4.575, -4.57 5.482 7.84, 
      3.93 0.482 7.84, -0.93 10.13 4.5, 
      -3.93 5.9401 4.575, 4.57 0.940096 4.575, 
      -3.93 5.482 7.84, 4.57 0.482 7.84, 
      4.57 0.7 -1.676, -1.57 2.78 7.49, 
      3.93 10.92 7.49, 0.93 3.57 4.5, 
      3.93 0.7 -1.676, -0.93 2.78 7.49, 
      4.57 10.92 7.49, 1.57 3.57 4.5, 
      0.93 10.13 4.5, 1.57 10.13 4.5, 
      -1.57 5.9401 4.575, -1.57 5.482 7.84, 
      -0.93 5.9401 4.575, 0.93 2.78 7.49, 
      -0.93 5.482 7.84, 1.57 0.7 -1.676, 
      1.57 2.78 7.49, -4.57 8.57 4.5, 
      3.93 3.57 4.5, 0.93 0.7 -1.676, 
      -3.93 8.57 4.5, 4.57 3.57 4.5, 
      3.93 10.13 4.5, 0.93 5.9401 4.575, 
      0.93 5.482 7.84, 4.57 10.13 4.5, 
      1.57 5.9401 4.575, 1.57 5.482 7.84, 
      -4.57 3.42 4.65, -0.93 0.7 -1.676, 
      -4.57 7.78 7.49, 3.93 2.78 7.49, 
      -3.93 3.42 4.65, -1.57 0.7 -1.676, 
      -3.93 7.78 7.49, 4.57 2.78 7.49, 
      -1.57 8.57 4.5, -0.93 8.57 4.5, 
      3.93 5.9401 4.575, -4.57 10.482 7.84, 
      3.93 5.482 7.84, 4.57 5.9401 4.575, 
      -3.93 10.482 7.84, 4.57 5.482 7.84, 
      -1.57 3.42 4.65, -3.93 0.7 -1.676, 
      -1.57 7.78 7.49, -4.57 2.7599 4.575, 
      0.93 8.57 4.5, -0.93 3.42 4.65, 
      -4.57 0.7 -1.676, -0.93 7.78 7.49, 
      -3.93 2.7599 4.575, 1.57 8.57 4.5, 
      -1.57 10.482 7.84, -4.57 13.1 3.98029, 
      0.93 3.42 4.65, 0.93 7.78 7.49, 
      -0.93 10.482 7.84, -3.93 13.1 3.98029, 
      1.57 3.42 4.65, -1.57 2.7599 4.575, 
      1.57 7.78 7.49, 3.93 8.57 4.5, 
      -0.93 2.7599 4.575, 4.57 8.57 4.5, 
      0.93 10.482 7.84, 1.57 10.482 7.84, 
      -1.57 13.1 3.98029, -4.57 8.42 4.65, 
      3.93 3.42 4.65, 3.93 7.78 7.49, 
      0.93 2.7599 4.575, -4.57 0.718 7.84, 
      -0.93 13.1 3.98029, -3.93 8.42 4.65, 
      4.57 3.42 4.65, 4.57 7.78 7.49, 
      1.57 2.7599 4.575, -3.93 0.718 7.84, 
      3.93 10.482 7.84, 0.93 13.1 3.98029, 
      4.57 10.482 7.84, 1.57 13.1 3.98029, 
      -1.57 8.42 4.65, -4.57 7.7599 4.575, 
      3.93 2.7599 4.575, -1.57 0.718 7.84, 
      -0.93 8.42 4.65, -3.93 7.7599 4.575, 
      -0.93 0.718 7.84, 4.57 2.7599 4.575, 
      3.93 13.1 3.98029, 0.93 8.42 4.65, 
      0.93 0.718 7.84, 4.57 13.1 3.98029, 
      1.57 8.42 4.65, -1.57 7.7599 4.575, 
      1.57 0.718 7.84, -0.93 7.7599 4.575, 
      3.93 8.42 4.65, 0.93 7.7599 4.575, 
      -4.57 5.718 7.84, 3.93 0.718 7.84, 
      4.57 8.42 4.65, 1.57 7.7599 4.575, 
      -3.93 5.718 7.84, 4.57 0.718 7.84, 
      -4.57 3.495 4.5201, -3.93 3.495 4.5201, 
      3.93 7.7599 4.575, -1.57 5.718 7.84, 
      -0.93 5.718 7.84, 4.57 7.7599 4.575
    ]
  }

  Normal
  {
    vector
    [
      1.0000 0.0000 0.0000,-1.0000 0.0000 0.0000,
      0.0000 0.0000 1.0000,0.0000 0.0000 -1.0000,
      0.0000 0.8661 0.4999,0.0000 0.2588 0.9659,
      0.0000 0.5000 0.8660,0.0000 -0.9659 0.2588,
      0.0000 -0.8437 0.5369,0.0000 -0.8437 -0.5369,
      0.0000 0.4830 0.8365,0.0000 0.9659 0.2588,
      0.0000 0.5001 -0.8660,0.0000 -1.0000 0.0000,
      0.0000 1.0000 0.0000,0.0000 -0.4830 0.8365,
      0.0000 -0.2588 0.9659,0.0000 -0.8365 0.4830,
      0.0000 -0.8661 0.4999,0.0000 0.8365 0.4830
    ]
  }

    Node_Info
    {
      fields [SFString node_type, SFString node_name]
      node_type "Poly_Surface"
      node_name ""
    }
    NormalBinding { value PER_VERTEX_INDEXED }
    Separator
    {
      MatrixTransform
      {
      matrix 1.0000 0.0000 0.0000 0.0000
             0.0000 0.0000 1.0000 0.0000
             0.0000 -1.0000 0.0000 0.0000
             -18.1300 0.0000 0.0000 1.0000
      }
      IndexedFaceSet
      {
      coordIndex
      [
        391, 302, 349, -1,
        349, 302, 204, -1,
        349, 204, 373, -1,
        373, 204, 519, -1,
        349, 83, 514, -1,
        349, 514, 269, -1,
        349, 269, 123, -1,
        349, 123, 102, -1,
        349, 102, 300, -1,
        349, 300, 511, -1,
        349, 511, 279, -1,
        349, 279, 572, -1,
        349, 572, 437, -1,
        349, 437, 416, -1,
        349, 416, 18, -1,
        349, 18, 240, -1,
        349, 240, 1, -1,
        349, 1, 455, -1,
        349, 455, 307, -1,
        349, 307, 162, -1,
        349, 162, 127, -1,
        349, 127, 342, -1,
        349, 342, 549, -1,
        349, 549, 322, -1,
        349, 322, 180, -1,
        349, 180, 22, -1,
        349, 22, 481, -1,
        349, 481, 440, -1,
        349, 440, 50, -1,
        349, 50, 271, -1,
        349, 271, 32, -1,
        349, 32, 81, -1,
        349, 81, 359, -1,
        349, 359, 114, -1,
        349, 114, 52, -1,
        349, 52, 355, -1,
        349, 355, 0, -1,
        349, 0, 391, -1,
        81, 32, 503, -1,
        81, 503, 12, -1,
        81, 12, 426, -1,
        533, 180, 322, -1,
        533, 322, 182, -1,
        533, 182, 293, -1,
        533, 293, 111, -1,
        217, 455, 1, -1,
        217, 1, 457, -1,
        217, 457, 566, -1,
        217, 566, 408, -1,
        492, 141, 279, -1,
        492, 279, 142, -1,
        492, 142, 263, -1,
        492, 263, 96, -1,
        537, 389, 172, -1,
        537, 172, 514, -1,
        537, 514, 379, -1,
        537, 379, 422, -1,
        421, 269, 514, -1,
        421, 514, 172, -1,
        384, 132, 422, -1,
        384, 422, 379, -1,
        142, 279, 448, -1,
        457, 1, 173, -1,
        182, 322, 494, -1,
        503, 32, 219, -1,
        514, 83, 252, -1,
        572, 279, 141, -1,
        355, 52, 98, -1,
        311, 461, 395, -1,
        395, 461, 224, -1,
        395, 224, 571, -1,
        571, 224, 412, -1,
        540, 116, 299, -1,
        540, 299, 187, -1,
        540, 187, 499, -1,
        540, 499, 328, -1,
        540, 328, 185, -1,
        264, 429, 17, -1,
        264, 17, 507, -1,
        264, 507, 227, -1,
        264, 227, 40, -1,
        264, 40, 505, -1,
        568, 151, 341, -1,
        568, 341, 236, -1,
        568, 236, 541, -1,
        568, 541, 362, -1,
        568, 362, 235, -1,
        95, 470, 49, -1,
        95, 49, 546, -1,
        95, 546, 265, -1,
        95, 265, 301, -1,
        95, 301, 380, -1,
        413, 39, 301, -1,
        301, 39, 377, -1,
        301, 377, 79, -1,
        79, 377, 122, -1,
        258, 350, 301, -1,
        258, 301, 344, -1,
        258, 344, 559, -1,
        154, 380, 301, -1,
        154, 301, 79, -1,
        301, 265, 68, -1,
        301, 68, 315, -1,
        301, 315, 78, -1,
        301, 78, 489, -1,
        301, 489, 529, -1,
        301, 529, 60, -1,
        301, 60, 235, -1,
        301, 235, 362, -1,
        301, 362, 577, -1,
        301, 577, 372, -1,
        301, 372, 169, -1,
        301, 169, 210, -1,
        301, 210, 354, -1,
        301, 354, 505, -1,
        301, 505, 40, -1,
        301, 40, 277, -1,
        301, 277, 54, -1,
        301, 54, 445, -1,
        301, 445, 485, -1,
        301, 485, 27, -1,
        301, 27, 328, -1,
        301, 328, 555, -1,
        301, 555, 348, -1,
        301, 348, 131, -1,
        301, 131, 166, -1,
        301, 166, 311, -1,
        301, 311, 395, -1,
        301, 395, 464, -1,
        301, 464, 197, -1,
        301, 197, 58, -1,
        395, 571, 463, -1,
        395, 463, 177, -1,
        395, 177, 404, -1,
        328, 27, 185, -1,
        413, 301, 350, -1,
        317, 67, 70, -1,
        317, 70, 320, -1,
        61, 304, 301, -1,
        61, 301, 58, -1,
        75, 334, 331, -1,
        75, 331, 74, -1,
        83, 349, 345, -1,
        83, 345, 80, -1,
        325, 212, 215, -1,
        325, 215, 329, -1,
        7, 3, 488, -1,
        7, 488, 491, -1,
        281, 168, 171, -1,
        281, 171, 286, -1,
        558, 443, 447, -1,
        558, 447, 562, -1,
        36, 530, 531, -1,
        36, 531, 41, -1,
        339, 232, 236, -1,
        339, 236, 341, -1,
        13, 504, 507, -1,
        13, 507, 17, -1,
        294, 183, 187, -1,
        294, 187, 299, -1,
        567, 458, 463, -1,
        567, 463, 571, -1,
        47, 544, 546, -1,
        47, 546, 49, -1,
        313, 196, 201, -1,
        313, 201, 314, -1,
        575, 475, 478, -1,
        575, 478, 576, -1,
        276, 273, 157, -1,
        276, 157, 160, -1,
        551, 433, 435, -1,
        551, 435, 554, -1,
        28, 518, 522, -1,
        28, 522, 29, -1,
        293, 182, 186, -1,
        293, 186, 298, -1,
        566, 457, 462, -1,
        566, 462, 570, -1,
        263, 142, 145, -1,
        263, 145, 267, -1,
        537, 422, 425, -1,
        537, 425, 543, -1,
        12, 503, 506, -1,
        12, 506, 16, -1,
        209, 284, 247, -1,
        209, 247, 538, -1,
        283, 434, 383, -1,
        383, 434, 191, -1,
        383, 191, 554, -1,
        554, 191, 400, -1,
        513, 101, 276, -1,
        513, 276, 160, -1,
        513, 160, 469, -1,
        513, 469, 295, -1,
        513, 295, 158, -1,
        243, 415, 576, -1,
        243, 576, 478, -1,
        243, 478, 192, -1,
        243, 192, 15, -1,
        243, 15, 476, -1,
        552, 125, 314, -1,
        552, 314, 201, -1,
        552, 201, 515, -1,
        552, 515, 340, -1,
        552, 340, 199, -1,
        88, 438, 29, -1,
        88, 29, 522, -1,
        88, 522, 244, -1,
        88, 244, 331, -1,
        88, 331, 369, -1,
        401, 14, 331, -1,
        331, 14, 365, -1,
        331, 365, 65, -1,
        65, 365, 106, -1,
        229, 321, 331, -1,
        229, 331, 89, -1,
        229, 89, 284, -1,
        229, 284, 209, -1,
        129, 369, 331, -1,
        129, 331, 65, -1,
        331, 244, 48, -1,
        331, 48, 288, -1,
        331, 288, 64, -1,
        331, 64, 459, -1,
        331, 459, 501, -1,
        331, 501, 38, -1,
        331, 38, 199, -1,
        331, 199, 340, -1,
        331, 340, 563, -1,
        331, 563, 358, -1,
        331, 358, 143, -1,
        331, 143, 179, -1,
        331, 179, 327, -1,
        331, 327, 476, -1,
        331, 476, 15, -1,
        331, 15, 257, -1,
        331, 257, 31, -1,
        331, 31, 423, -1,
        331, 423, 453, -1,
        331, 453, 6, -1,
        331, 6, 295, -1,
        331, 295, 528, -1,
        331, 528, 319, -1,
        331, 319, 109, -1,
        331, 109, 140, -1,
        331, 140, 283, -1,
        331, 283, 383, -1,
        331, 383, 493, -1,
        331, 493, 233, -1,
        331, 233, 74, -1,
        383, 554, 435, -1,
        383, 435, 149, -1,
        383, 149, 390, -1,
        295, 6, 158, -1,
        401, 331, 321, -1,
        193, 296, 259, -1,
        193, 259, 523, -1,
        270, 424, 381, -1,
        381, 424, 175, -1,
        381, 175, 543, -1,
        543, 175, 392, -1,
        496, 97, 267, -1,
        496, 267, 145, -1,
        496, 145, 450, -1,
        496, 450, 282, -1,
        496, 282, 144, -1,
        223, 410, 570, -1,
        223, 570, 462, -1,
        223, 462, 176, -1,
        223, 176, 5, -1,
        223, 5, 460, -1,
        539, 115, 298, -1,
        539, 298, 186, -1,
        539, 186, 498, -1,
        539, 498, 326, -1,
        539, 326, 184, -1,
        84, 428, 16, -1,
        84, 16, 506, -1,
        84, 506, 226, -1,
        84, 226, 345, -1,
        84, 345, 361, -1,
        394, 4, 345, -1,
        345, 4, 356, -1,
        345, 356, 55, -1,
        55, 356, 100, -1,
        208, 305, 345, -1,
        208, 345, 93, -1,
        208, 93, 296, -1,
        208, 296, 193, -1,
        118, 361, 345, -1,
        118, 345, 55, -1,
        345, 226, 37, -1,
        345, 37, 275, -1,
        345, 275, 53, -1,
        345, 53, 444, -1,
        345, 444, 484, -1,
        345, 484, 26, -1,
        345, 26, 184, -1,
        345, 184, 326, -1,
        345, 326, 553, -1,
        345, 553, 347, -1,
        345, 347, 130, -1,
        345, 130, 164, -1,
        345, 164, 310, -1,
        345, 310, 460, -1,
        345, 460, 5, -1,
        345, 5, 245, -1,
        345, 245, 19, -1,
        345, 19, 417, -1,
        345, 417, 439, -1,
        345, 439, 573, -1,
        345, 573, 282, -1,
        345, 282, 516, -1,
        345, 516, 303, -1,
        345, 303, 103, -1,
        345, 103, 126, -1,
        345, 126, 270, -1,
        345, 270, 381, -1,
        345, 381, 509, -1,
        345, 509, 249, -1,
        345, 249, 80, -1,
        381, 543, 425, -1,
        381, 425, 134, -1,
        381, 134, 385, -1,
        282, 573, 144, -1,
        394, 345, 305, -1,
        37, 226, 219, -1,
        37, 219, 32, -1,
        93, 345, 349, -1,
        93, 349, 373, -1,
        93, 373, 344, -1,
        93, 344, 91, -1,
        89, 331, 334, -1,
        89, 334, 91, -1,
        89, 91, 344, -1,
        89, 344, 87, -1,
        85, 317, 320, -1,
        85, 320, 87, -1,
        85, 87, 344, -1,
        85, 344, 82, -1,
        304, 82, 344, -1,
        304, 344, 301, -1,
        55, 100, 98, -1,
        55, 98, 52, -1,
        204, 302, 305, -1,
        204, 305, 208, -1,
        519, 204, 208, -1,
        519, 208, 193, -1,
        519, 193, 523, -1,
        302, 391, 394, -1,
        302, 394, 305, -1,
        391, 0, 4, -1,
        391, 4, 394, -1,
        0, 355, 356, -1,
        0, 356, 4, -1,
        355, 98, 100, -1,
        355, 100, 356, -1,
        81, 426, 428, -1,
        81, 428, 84, -1,
        426, 12, 16, -1,
        426, 16, 428, -1,
        503, 219, 226, -1,
        503, 226, 506, -1,
        52, 114, 118, -1,
        52, 118, 55, -1,
        114, 359, 361, -1,
        114, 361, 118, -1,
        359, 81, 84, -1,
        359, 84, 361, -1,
        96, 263, 267, -1,
        96, 267, 97, -1,
        300, 102, 103, -1,
        300, 103, 303, -1,
        97, 496, 492, -1,
        97, 492, 96, -1,
        514, 252, 249, -1,
        514, 249, 509, -1,
        252, 83, 80, -1,
        252, 80, 249, -1,
        385, 134, 132, -1,
        385, 132, 384, -1,
        384, 379, 381, -1,
        384, 381, 385, -1,
        379, 514, 509, -1,
        379, 509, 381, -1,
        572, 141, 144, -1,
        572, 144, 573, -1,
        417, 19, 18, -1,
        417, 18, 416, -1,
        416, 437, 439, -1,
        416, 439, 417, -1,
        437, 572, 573, -1,
        437, 573, 439, -1,
        141, 492, 496, -1,
        141, 496, 144, -1,
        389, 537, 543, -1,
        389, 543, 392, -1,
        172, 389, 392, -1,
        172, 392, 175, -1,
        422, 132, 134, -1,
        422, 134, 425, -1,
        102, 123, 126, -1,
        102, 126, 103, -1,
        123, 269, 270, -1,
        123, 270, 126, -1,
        269, 421, 424, -1,
        269, 424, 270, -1,
        421, 172, 175, -1,
        421, 175, 424, -1,
        448, 279, 282, -1,
        448, 282, 450, -1,
        142, 448, 450, -1,
        142, 450, 145, -1,
        279, 511, 516, -1,
        279, 516, 282, -1,
        511, 300, 303, -1,
        511, 303, 516, -1,
        408, 566, 570, -1,
        408, 570, 410, -1,
        217, 408, 410, -1,
        217, 410, 223, -1,
        173, 1, 5, -1,
        173, 5, 176, -1,
        457, 173, 176, -1,
        457, 176, 462, -1,
        1, 240, 245, -1,
        1, 245, 5, -1,
        240, 18, 19, -1,
        240, 19, 245, -1,
        307, 455, 460, -1,
        307, 460, 310, -1,
        130, 347, 342, -1,
        130, 342, 127, -1,
        127, 162, 164, -1,
        127, 164, 130, -1,
        162, 307, 310, -1,
        162, 310, 164, -1,
        455, 217, 223, -1,
        455, 223, 460, -1,
        533, 111, 115, -1,
        533, 115, 539, -1,
        494, 322, 326, -1,
        494, 326, 498, -1,
        182, 494, 498, -1,
        182, 498, 186, -1,
        111, 293, 298, -1,
        111, 298, 115, -1,
        322, 549, 553, -1,
        322, 553, 326, -1,
        549, 342, 347, -1,
        549, 347, 553, -1,
        32, 271, 275, -1,
        32, 275, 37, -1,
        271, 50, 53, -1,
        271, 53, 275, -1,
        50, 440, 444, -1,
        50, 444, 53, -1,
        440, 481, 484, -1,
        440, 484, 444, -1,
        481, 22, 26, -1,
        481, 26, 484, -1,
        22, 180, 184, -1,
        22, 184, 26, -1,
        180, 533, 539, -1,
        180, 539, 184, -1,
        296, 93, 91, -1,
        296, 91, 287, -1,
        287, 206, 532, -1,
        287, 532, 248, -1,
        259, 296, 287, -1,
        259, 287, 248, -1,
        532, 206, 229, -1,
        532, 229, 209, -1,
        532, 209, 538, -1,
        229, 206, 225, -1,
        225, 206, 287, -1,
        225, 287, 91, -1,
        225, 91, 334, -1,
        225, 334, 318, -1,
        334, 75, 497, -1,
        334, 497, 280, -1,
        334, 280, 136, -1,
        334, 136, 108, -1,
        334, 108, 316, -1,
        334, 316, 525, -1,
        334, 525, 290, -1,
        334, 290, 2, -1,
        334, 2, 451, -1,
        334, 451, 420, -1,
        334, 420, 30, -1,
        334, 30, 254, -1,
        334, 254, 10, -1,
        334, 10, 474, -1,
        334, 474, 324, -1,
        334, 324, 178, -1,
        334, 178, 139, -1,
        334, 139, 357, -1,
        334, 357, 561, -1,
        334, 561, 337, -1,
        334, 337, 195, -1,
        334, 195, 35, -1,
        334, 35, 500, -1,
        334, 500, 454, -1,
        334, 454, 62, -1,
        334, 62, 285, -1,
        334, 285, 45, -1,
        334, 45, 86, -1,
        334, 86, 367, -1,
        334, 367, 124, -1,
        334, 124, 63, -1,
        334, 63, 363, -1,
        334, 363, 9, -1,
        334, 9, 399, -1,
        334, 399, 318, -1,
        86, 45, 518, -1,
        86, 518, 28, -1,
        86, 28, 436, -1,
        548, 195, 337, -1,
        548, 337, 196, -1,
        548, 196, 313, -1,
        548, 313, 121, -1,
        238, 474, 10, -1,
        238, 10, 475, -1,
        238, 475, 575, -1,
        238, 575, 414, -1,
        508, 156, 290, -1,
        508, 290, 157, -1,
        508, 157, 273, -1,
        508, 273, 99, -1,
        551, 398, 188, -1,
        551, 188, 497, -1,
        551, 497, 382, -1,
        551, 382, 433, -1,
        432, 280, 497, -1,
        432, 497, 188, -1,
        388, 146, 433, -1,
        388, 433, 382, -1,
        157, 290, 465, -1,
        475, 10, 189, -1,
        196, 337, 510, -1,
        518, 45, 239, -1,
        497, 75, 237, -1,
        2, 290, 156, -1,
        363, 63, 104, -1,
        48, 244, 239, -1,
        48, 239, 45, -1,
        65, 106, 104, -1,
        65, 104, 63, -1,
        229, 225, 318, -1,
        229, 318, 321, -1,
        321, 318, 399, -1,
        321, 399, 401, -1,
        401, 399, 9, -1,
        401, 9, 14, -1,
        14, 9, 363, -1,
        14, 363, 365, -1,
        365, 363, 104, -1,
        365, 104, 106, -1,
        88, 86, 436, -1,
        88, 436, 438, -1,
        438, 436, 28, -1,
        438, 28, 29, -1,
        522, 518, 239, -1,
        522, 239, 244, -1,
        65, 63, 124, -1,
        65, 124, 129, -1,
        129, 124, 367, -1,
        129, 367, 369, -1,
        369, 367, 86, -1,
        369, 86, 88, -1,
        101, 99, 273, -1,
        101, 273, 276, -1,
        319, 316, 108, -1,
        319, 108, 109, -1,
        101, 513, 508, -1,
        101, 508, 99, -1,
        493, 497, 237, -1,
        493, 237, 233, -1,
        233, 237, 75, -1,
        233, 75, 74, -1,
        390, 149, 146, -1,
        390, 146, 388, -1,
        390, 388, 382, -1,
        390, 382, 383, -1,
        383, 382, 497, -1,
        383, 497, 493, -1,
        6, 2, 156, -1,
        6, 156, 158, -1,
        423, 31, 30, -1,
        423, 30, 420, -1,
        423, 420, 451, -1,
        423, 451, 453, -1,
        453, 451, 2, -1,
        453, 2, 6, -1,
        158, 156, 508, -1,
        158, 508, 513, -1,
        400, 398, 551, -1,
        400, 551, 554, -1,
        191, 188, 398, -1,
        191, 398, 400, -1,
        435, 433, 146, -1,
        435, 146, 149, -1,
        109, 108, 136, -1,
        109, 136, 140, -1,
        140, 136, 280, -1,
        140, 280, 283, -1,
        283, 280, 432, -1,
        283, 432, 434, -1,
        434, 432, 188, -1,
        434, 188, 191, -1,
        469, 465, 290, -1,
        469, 290, 295, -1,
        160, 157, 465, -1,
        160, 465, 469, -1,
        295, 290, 525, -1,
        295, 525, 528, -1,
        528, 525, 316, -1,
        528, 316, 319, -1,
        415, 414, 575, -1,
        415, 575, 576, -1,
        243, 238, 414, -1,
        243, 414, 415, -1,
        192, 189, 10, -1,
        192, 10, 15, -1,
        478, 475, 189, -1,
        478, 189, 192, -1,
        15, 10, 254, -1,
        15, 254, 257, -1,
        257, 254, 30, -1,
        257, 30, 31, -1,
        327, 324, 474, -1,
        327, 474, 476, -1,
        143, 358, 357, -1,
        143, 357, 139, -1,
        143, 139, 178, -1,
        143, 178, 179, -1,
        179, 178, 324, -1,
        179, 324, 327, -1,
        476, 474, 238, -1,
        476, 238, 243, -1,
        552, 548, 121, -1,
        552, 121, 125, -1,
        515, 510, 337, -1,
        515, 337, 340, -1,
        201, 196, 510, -1,
        201, 510, 515, -1,
        125, 121, 313, -1,
        125, 313, 314, -1,
        340, 337, 561, -1,
        340, 561, 563, -1,
        563, 561, 357, -1,
        563, 357, 358, -1,
        48, 45, 285, -1,
        48, 285, 288, -1,
        288, 285, 62, -1,
        288, 62, 64, -1,
        64, 62, 454, -1,
        64, 454, 459, -1,
        459, 454, 500, -1,
        459, 500, 501, -1,
        501, 500, 35, -1,
        501, 35, 38, -1,
        38, 35, 195, -1,
        38, 195, 199, -1,
        199, 195, 548, -1,
        199, 548, 552, -1,
        268, 242, 556, -1,
        268, 556, 213, -1,
        255, 242, 268, -1,
        255, 268, 82, -1,
        255, 82, 304, -1,
        255, 304, 346, -1,
        304, 61, 468, -1,
        304, 468, 308, -1,
        304, 308, 163, -1,
        304, 163, 128, -1,
        304, 128, 343, -1,
        304, 343, 550, -1,
        304, 550, 323, -1,
        304, 323, 23, -1,
        304, 23, 482, -1,
        304, 482, 441, -1,
        304, 441, 51, -1,
        304, 51, 272, -1,
        304, 272, 34, -1,
        304, 34, 502, -1,
        304, 502, 352, -1,
        304, 352, 207, -1,
        304, 207, 165, -1,
        304, 165, 371, -1,
        304, 371, 574, -1,
        304, 574, 360, -1,
        304, 360, 231, -1,
        304, 231, 57, -1,
        304, 57, 527, -1,
        304, 527, 486, -1,
        304, 486, 76, -1,
        304, 76, 312, -1,
        304, 312, 66, -1,
        304, 66, 94, -1,
        304, 94, 378, -1,
        304, 378, 150, -1,
        304, 150, 77, -1,
        304, 77, 376, -1,
        304, 376, 33, -1,
        304, 33, 411, -1,
        304, 411, 346, -1,
        94, 66, 544, -1,
        94, 544, 47, -1,
        94, 47, 466, -1,
        564, 231, 360, -1,
        564, 360, 232, -1,
        564, 232, 339, -1,
        564, 339, 147, -1,
        260, 502, 34, -1,
        260, 34, 504, -1,
        260, 504, 13, -1,
        260, 13, 427, -1,
        534, 181, 323, -1,
        534, 323, 183, -1,
        534, 183, 294, -1,
        534, 294, 112, -1,
        567, 409, 218, -1,
        567, 218, 468, -1,
        567, 468, 393, -1,
        567, 393, 458, -1,
        456, 308, 468, -1,
        456, 468, 218, -1,
        402, 174, 458, -1,
        402, 458, 393, -1,
        183, 323, 495, -1,
        504, 34, 220, -1,
        232, 360, 535, -1,
        544, 66, 261, -1,
        468, 61, 202, -1,
        23, 323, 181, -1,
        376, 77, 120, -1,
        68, 265, 261, -1,
        68, 261, 66, -1,
        79, 122, 120, -1,
        79, 120, 77, -1,
        258, 255, 346, -1,
        258, 346, 350, -1,
        258, 559, 556, -1,
        258, 556, 242, -1,
        258, 242, 255, -1,
        350, 346, 411, -1,
        350, 411, 413, -1,
        413, 411, 33, -1,
        413, 33, 39, -1,
        39, 33, 376, -1,
        39, 376, 377, -1,
        377, 376, 120, -1,
        377, 120, 122, -1,
        95, 94, 466, -1,
        95, 466, 470, -1,
        470, 466, 47, -1,
        470, 47, 49, -1,
        546, 544, 261, -1,
        546, 261, 265, -1,
        79, 77, 150, -1,
        79, 150, 154, -1,
        154, 150, 378, -1,
        154, 378, 380, -1,
        380, 378, 94, -1,
        380, 94, 95, -1,
        116, 112, 294, -1,
        116, 294, 299, -1,
        348, 343, 128, -1,
        348, 128, 131, -1,
        116, 540, 534, -1,
        116, 534, 112, -1,
        464, 468, 202, -1,
        464, 202, 197, -1,
        197, 202, 61, -1,
        197, 61, 58, -1,
        404, 177, 174, -1,
        404, 174, 402, -1,
        404, 402, 393, -1,
        404, 393, 395, -1,
        395, 393, 468, -1,
        395, 468, 464, -1,
        27, 23, 181, -1,
        27, 181, 185, -1,
        445, 54, 51, -1,
        445, 51, 441, -1,
        445, 441, 482, -1,
        445, 482, 485, -1,
        485, 482, 23, -1,
        485, 23, 27, -1,
        185, 181, 534, -1,
        185, 534, 540, -1,
        412, 409, 567, -1,
        412, 567, 571, -1,
        224, 218, 409, -1,
        224, 409, 412, -1,
        463, 458, 174, -1,
        463, 174, 177, -1,
        131, 128, 163, -1,
        131, 163, 166, -1,
        166, 163, 308, -1,
        166, 308, 311, -1,
        311, 308, 456, -1,
        311, 456, 461, -1,
        461, 456, 218, -1,
        461, 218, 224, -1,
        499, 495, 323, -1,
        499, 323, 328, -1,
        187, 183, 495, -1,
        187, 495, 499, -1,
        328, 323, 550, -1,
        328, 550, 555, -1,
        555, 550, 343, -1,
        555, 343, 348, -1,
        429, 427, 13, -1,
        429, 13, 17, -1,
        264, 260, 427, -1,
        264, 427, 429, -1,
        227, 220, 34, -1,
        227, 34, 40, -1,
        507, 504, 220, -1,
        507, 220, 227, -1,
        40, 34, 272, -1,
        40, 272, 277, -1,
        277, 272, 51, -1,
        277, 51, 54, -1,
        354, 352, 502, -1,
        354, 502, 505, -1,
        169, 372, 371, -1,
        169, 371, 165, -1,
        169, 165, 207, -1,
        169, 207, 210, -1,
        210, 207, 352, -1,
        210, 352, 354, -1,
        505, 502, 260, -1,
        505, 260, 264, -1,
        568, 564, 147, -1,
        568, 147, 151, -1,
        541, 535, 360, -1,
        541, 360, 362, -1,
        236, 232, 535, -1,
        236, 535, 541, -1,
        151, 147, 339, -1,
        151, 339, 341, -1,
        362, 360, 574, -1,
        362, 574, 577, -1,
        577, 574, 371, -1,
        577, 371, 372, -1,
        68, 66, 312, -1,
        68, 312, 315, -1,
        315, 312, 76, -1,
        315, 76, 78, -1,
        78, 76, 486, -1,
        78, 486, 489, -1,
        489, 486, 527, -1,
        489, 527, 529, -1,
        529, 527, 57, -1,
        529, 57, 60, -1,
        60, 57, 231, -1,
        60, 231, 235, -1,
        235, 231, 564, -1,
        235, 564, 568, -1,
        228, 274, 230, -1,
        228, 230, 547, -1,
        291, 446, 387, -1,
        387, 446, 203, -1,
        387, 203, 562, -1,
        562, 203, 406, -1,
        524, 107, 286, -1,
        524, 286, 171, -1,
        524, 171, 480, -1,
        524, 480, 309, -1,
        524, 309, 170, -1,
        253, 419, 7, -1,
        253, 7, 491, -1,
        253, 491, 205, -1,
        253, 205, 25, -1,
        253, 25, 490, -1,
        560, 137, 329, -1,
        560, 329, 215, -1,
        560, 215, 526, -1,
        560, 526, 353, -1,
        560, 353, 214, -1,
        92, 452, 41, -1,
        92, 41, 531, -1,
        92, 531, 256, -1,
        92, 256, 317, -1,
        92, 317, 375, -1,
        407, 24, 317, -1,
        317, 24, 370, -1,
        317, 370, 73, -1,
        73, 370, 113, -1,
        246, 335, 317, -1,
        246, 317, 85, -1,
        246, 85, 274, -1,
        246, 274, 228, -1,
        138, 375, 317, -1,
        138, 317, 73, -1,
        317, 256, 59, -1,
        317, 59, 297, -1,
        317, 297, 72, -1,
        317, 72, 473, -1,
        317, 473, 517, -1,
        317, 517, 46, -1,
        317, 46, 214, -1,
        317, 214, 353, -1,
        317, 353, 569, -1,
        317, 569, 366, -1,
        317, 366, 155, -1,
        317, 155, 194, -1,
        317, 194, 338, -1,
        317, 338, 490, -1,
        317, 490, 25, -1,
        317, 25, 266, -1,
        317, 266, 43, -1,
        317, 43, 431, -1,
        317, 431, 471, -1,
        317, 471, 11, -1,
        317, 11, 309, -1,
        317, 309, 542, -1,
        317, 542, 333, -1,
        317, 333, 119, -1,
        317, 119, 153, -1,
        317, 153, 291, -1,
        317, 291, 387, -1,
        317, 387, 479, -1,
        317, 479, 216, -1,
        317, 216, 67, -1,
        387, 562, 447, -1,
        387, 447, 161, -1,
        387, 161, 397, -1,
        309, 11, 170, -1,
        407, 317, 335, -1,
        284, 89, 87, -1,
        284, 87, 278, -1,
        278, 222, 545, -1,
        278, 545, 234, -1,
        556, 559, 213, -1,
        213, 559, 344, -1,
        213, 344, 230, -1,
        230, 344, 234, -1,
        230, 234, 545, -1,
        532, 247, 248, -1,
        248, 247, 344, -1,
        248, 344, 259, -1,
        259, 344, 373, -1,
        259, 373, 519, -1,
        259, 519, 523, -1,
        247, 532, 538, -1,
        230, 545, 547, -1,
        234, 344, 247, -1,
        247, 284, 278, -1,
        247, 278, 234, -1,
        545, 222, 246, -1,
        545, 246, 228, -1,
        545, 228, 547, -1,
        246, 222, 241, -1,
        241, 222, 278, -1,
        241, 278, 87, -1,
        241, 87, 320, -1,
        241, 320, 332, -1,
        320, 70, 483, -1,
        320, 483, 289, -1,
        320, 289, 148, -1,
        320, 148, 117, -1,
        320, 117, 330, -1,
        320, 330, 536, -1,
        320, 536, 306, -1,
        320, 306, 8, -1,
        320, 8, 467, -1,
        320, 467, 430, -1,
        320, 430, 42, -1,
        320, 42, 262, -1,
        320, 262, 21, -1,
        320, 21, 487, -1,
        320, 487, 336, -1,
        320, 336, 190, -1,
        320, 190, 152, -1,
        320, 152, 364, -1,
        320, 364, 565, -1,
        320, 565, 351, -1,
        320, 351, 211, -1,
        320, 211, 44, -1,
        320, 44, 512, -1,
        320, 512, 472, -1,
        320, 472, 69, -1,
        320, 69, 292, -1,
        320, 292, 56, -1,
        320, 56, 90, -1,
        320, 90, 374, -1,
        320, 374, 135, -1,
        320, 135, 71, -1,
        320, 71, 368, -1,
        320, 368, 20, -1,
        320, 20, 405, -1,
        320, 405, 332, -1,
        90, 56, 530, -1,
        90, 530, 36, -1,
        90, 36, 449, -1,
        557, 211, 351, -1,
        557, 351, 212, -1,
        557, 212, 325, -1,
        557, 325, 133, -1,
        250, 487, 21, -1,
        250, 21, 488, -1,
        250, 488, 3, -1,
        250, 3, 418, -1,
        520, 167, 306, -1,
        520, 306, 168, -1,
        520, 168, 281, -1,
        520, 281, 105, -1,
        558, 403, 198, -1,
        558, 198, 483, -1,
        558, 483, 386, -1,
        558, 386, 443, -1,
        442, 289, 483, -1,
        442, 483, 198, -1,
        396, 159, 443, -1,
        396, 443, 386, -1,
        168, 306, 477, -1,
        488, 21, 200, -1,
        212, 351, 521, -1,
        530, 56, 251, -1,
        483, 70, 221, -1,
        8, 306, 167, -1,
        368, 71, 110, -1,
        59, 256, 251, -1,
        59, 251, 56, -1,
        73, 113, 110, -1,
        73, 110, 71, -1,
        246, 241, 332, -1,
        246, 332, 335, -1,
        335, 332, 405, -1,
        335, 405, 407, -1,
        407, 405, 20, -1,
        407, 20, 24, -1,
        24, 20, 368, -1,
        24, 368, 370, -1,
        370, 368, 110, -1,
        370, 110, 113, -1,
        92, 90, 449, -1,
        92, 449, 452, -1,
        452, 449, 36, -1,
        452, 36, 41, -1,
        531, 530, 251, -1,
        531, 251, 256, -1,
        73, 71, 135, -1,
        73, 135, 138, -1,
        138, 135, 374, -1,
        138, 374, 375, -1,
        375, 374, 90, -1,
        375, 90, 92, -1,
        107, 105, 281, -1,
        107, 281, 286, -1,
        333, 330, 117, -1,
        333, 117, 119, -1,
        107, 524, 520, -1,
        107, 520, 105, -1,
        479, 483, 221, -1,
        479, 221, 216, -1,
        216, 221, 70, -1,
        216, 70, 67, -1,
        397, 161, 159, -1,
        397, 159, 396, -1,
        397, 396, 386, -1,
        397, 386, 387, -1,
        387, 386, 483, -1,
        387, 483, 479, -1,
        11, 8, 167, -1,
        11, 167, 170, -1,
        431, 43, 42, -1,
        431, 42, 430, -1,
        431, 430, 467, -1,
        431, 467, 471, -1,
        471, 467, 8, -1,
        471, 8, 11, -1,
        170, 167, 520, -1,
        170, 520, 524, -1,
        406, 403, 558, -1,
        406, 558, 562, -1,
        203, 198, 403, -1,
        203, 403, 406, -1,
        447, 443, 159, -1,
        447, 159, 161, -1,
        119, 117, 148, -1,
        119, 148, 153, -1,
        153, 148, 289, -1,
        153, 289, 291, -1,
        291, 289, 442, -1,
        291, 442, 446, -1,
        446, 442, 198, -1,
        446, 198, 203, -1,
        480, 477, 306, -1,
        480, 306, 309, -1,
        171, 168, 477, -1,
        171, 477, 480, -1,
        309, 306, 536, -1,
        309, 536, 542, -1,
        542, 536, 330, -1,
        542, 330, 333, -1,
        419, 418, 3, -1,
        419, 3, 7, -1,
        253, 250, 418, -1,
        253, 418, 419, -1,
        205, 200, 21, -1,
        205, 21, 25, -1,
        491, 488, 200, -1,
        491, 200, 205, -1,
        25, 21, 262, -1,
        25, 262, 266, -1,
        266, 262, 42, -1,
        266, 42, 43, -1,
        338, 336, 487, -1,
        338, 487, 490, -1,
        364, 152, 155, -1,
        364, 155, 366, -1,
        155, 152, 190, -1,
        155, 190, 194, -1,
        194, 190, 336, -1,
        194, 336, 338, -1,
        490, 487, 250, -1,
        490, 250, 253, -1,
        560, 557, 133, -1,
        560, 133, 137, -1,
        526, 521, 351, -1,
        526, 351, 353, -1,
        215, 212, 521, -1,
        215, 521, 526, -1,
        137, 133, 325, -1,
        137, 325, 329, -1,
        353, 351, 565, -1,
        353, 565, 569, -1,
        569, 565, 364, -1,
        569, 364, 366, -1,
        59, 56, 292, -1,
        59, 292, 297, -1,
        297, 292, 69, -1,
        297, 69, 72, -1,
        72, 69, 472, -1,
        72, 472, 473, -1,
        473, 472, 512, -1,
        473, 512, 517, -1,
        517, 512, 44, -1,
        517, 44, 46, -1,
        46, 44, 211, -1,
        46, 211, 214, -1,
        214, 211, 557, -1,
        214, 557, 560, -1,
        274, 85, 82, -1,
        274, 82, 268, -1,
        230, 274, 268, -1,
        230, 268, 213, -1
          ]
      normalIndex
      [
1, 1, 1, -1,
        1, 1, 1, -1,
        1, 1, 1, -1,
        1, 1, 1, -1,
        1, 1, 1, -1,
        1, 1, 1, -1,
        1, 1, 1, -1,
        1, 1, 1, -1,
        1, 1, 1, -1,
        1, 1, 1, -1,
        1, 1, 1, -1,
        1, 1, 1, -1,
        1, 1, 1, -1,
        1, 1, 1, -1,
        1, 1, 1, -1,
        1, 1, 1, -1,
        1, 1, 1, -1,
        1, 1, 1, -1,
        1, 1, 1, -1,
        1, 1, 1, -1,
        1, 1, 1, -1,
        1, 1, 1, -1,
        1, 1, 1, -1,
        1, 1, 1, -1,
        1, 1, 1, -1,
        1, 1, 1, -1,
        1, 1, 1, -1,
        1, 1, 1, -1,
        1, 1, 1, -1,
        1, 1, 1, -1,
        1, 1, 1, -1,
        1, 1, 1, -1,
        1, 1, 1, -1,
        1, 1, 1, -1,
        1, 1, 1, -1,
        1, 1, 1, -1,
        1, 1, 1, -1,
        1, 1, 1, -1,
        1, 1, 1, -1,
        1, 1, 1, -1,
        1, 1, 1, -1,
        1, 1, 1, -1,
        1, 1, 1, -1,
        1, 1, 1, -1,
        1, 1, 1, -1,
        1, 1, 1, -1,
        1, 1, 1, -1,
        1, 1, 1, -1,
        1, 1, 1, -1,
        1, 1, 1, -1,
        1, 1, 1, -1,
        1, 1, 1, -1,
        1, 1, 1, -1,
        1, 1, 1, -1,
        1, 1, 1, -1,
        1, 1, 1, -1,
        1, 1, 1, -1,
        1, 1, 1, -1,
        1, 1, 1, -1,
        1, 1, 1, -1,
        1, 1, 1, -1,
        1, 1, 1, -1,
        1, 1, 1, -1,
        1, 1, 1, -1,
        1, 1, 1, -1,
        1, 1, 1, -1,
        1, 1, 1, -1,
        1, 1, 1, -1,
        0, 0, 0, -1,
        0, 0, 0, -1,
        0, 0, 0, -1,
        0, 0, 0, -1,
        0, 0, 0, -1,
        0, 0, 0, -1,
        0, 0, 0, -1,
        0, 0, 0, -1,
        0, 0, 0, -1,
        0, 0, 0, -1,
        0, 0, 0, -1,
        0, 0, 0, -1,
        0, 0, 0, -1,
        0, 0, 0, -1,
        0, 0, 0, -1,
        0, 0, 0, -1,
        0, 0, 0, -1,
        0, 0, 0, -1,
        0, 0, 0, -1,
        0, 0, 0, -1,
        0, 0, 0, -1,
        0, 0, 0, -1,
        0, 0, 0, -1,
        0, 0, 0, -1,
        0, 0, 0, -1,
        0, 0, 0, -1,
        0, 0, 0, -1,
        0, 0, 0, -1,
        0, 0, 0, -1,
        0, 0, 0, -1,
        0, 0, 0, -1,
        0, 0, 0, -1,
        0, 0, 0, -1,
        0, 0, 0, -1,
        0, 0, 0, -1,
        0, 0, 0, -1,
        0, 0, 0, -1,
        0, 0, 0, -1,
        0, 0, 0, -1,
        0, 0, 0, -1,
        0, 0, 0, -1,
        0, 0, 0, -1,
        0, 0, 0, -1,
        0, 0, 0, -1,
        0, 0, 0, -1,
        0, 0, 0, -1,
        0, 0, 0, -1,
        0, 0, 0, -1,
        0, 0, 0, -1,
        0, 0, 0, -1,
        0, 0, 0, -1,
        0, 0, 0, -1,
        0, 0, 0, -1,
        0, 0, 0, -1,
        0, 0, 0, -1,
        0, 0, 0, -1,
        0, 0, 0, -1,
        0, 0, 0, -1,
        0, 0, 0, -1,
        0, 0, 0, -1,
        0, 0, 0, -1,
        0, 0, 0, -1,
        0, 0, 0, -1,
        0, 0, 0, -1,
        0, 0, 0, -1,
        0, 0, 0, -1,
        0, 0, 0, -1,
        0, 0, 0, -1,
        3, 3, 3, -1,
        3, 3, 3, -1,
        3, 3, 3, -1,
        3, 3, 3, -1,
        3, 3, 3, -1,
        3, 3, 3, -1,
        3, 3, 3, -1,
        3, 3, 3, -1,
        2, 2, 2, -1,
        2, 2, 2, -1,
        2, 2, 2, -1,
        2, 2, 2, -1,
        2, 2, 2, -1,
        2, 2, 2, -1,
        2, 2, 2, -1,
        2, 2, 2, -1,
        2, 2, 2, -1,
        2, 2, 2, -1,
        2, 2, 2, -1,
        2, 2, 2, -1,
        2, 2, 2, -1,
        2, 2, 2, -1,
        2, 2, 2, -1,
        2, 2, 2, -1,
        2, 2, 2, -1,
        2, 2, 2, -1,
        2, 2, 2, -1,
        2, 2, 2, -1,
        2, 2, 2, -1,
        2, 2, 2, -1,
        2, 2, 2, -1,
        2, 2, 2, -1,
        2, 2, 2, -1,
        2, 2, 2, -1,
        2, 2, 2, -1,
        2, 2, 2, -1,
        2, 2, 2, -1,
        2, 2, 2, -1,
        2, 2, 2, -1,
        2, 2, 2, -1,
        2, 2, 2, -1,
        2, 2, 2, -1,
        2, 2, 2, -1,
        2, 2, 2, -1,
        2, 2, 2, -1,
        2, 2, 2, -1,
        2, 2, 2, -1,
        2, 2, 2, -1,
        0, 0, 0, -1,
        0, 0, 0, -1,
        0, 0, 0, -1,
        0, 0, 0, -1,
        0, 0, 0, -1,
        0, 0, 0, -1,
        0, 0, 0, -1,
        0, 0, 0, -1,
        0, 0, 0, -1,
        0, 0, 0, -1,
        0, 0, 0, -1,
        0, 0, 0, -1,
        0, 0, 0, -1,
        0, 0, 0, -1,
        0, 0, 0, -1,
        0, 0, 0, -1,
        0, 0, 0, -1,
        0, 0, 0, -1,
        0, 0, 0, -1,
        0, 0, 0, -1,
        0, 0, 0, -1,
        0, 0, 0, -1,
        0, 0, 0, -1,
        0, 0, 0, -1,
        0, 0, 0, -1,
        0, 0, 0, -1,
        0, 0, 0, -1,
        0, 0, 0, -1,
        0, 0, 0, -1,
        0, 0, 0, -1,
        0, 0, 0, -1,
        0, 0, 0, -1,
        0, 0, 0, -1,
        0, 0, 0, -1,
        0, 0, 0, -1,
        0, 0, 0, -1,
        0, 0, 0, -1,
        0, 0, 0, -1,
        0, 0, 0, -1,
        0, 0, 0, -1,
        0, 0, 0, -1,
        0, 0, 0, -1,
        0, 0, 0, -1,
        0, 0, 0, -1,
        0, 0, 0, -1,
        0, 0, 0, -1,
        0, 0, 0, -1,
        0, 0, 0, -1,
        0, 0, 0, -1,
        0, 0, 0, -1,
        0, 0, 0, -1,
        0, 0, 0, -1,
        0, 0, 0, -1,
        0, 0, 0, -1,
        0, 0, 0, -1,
        0, 0, 0, -1,
        0, 0, 0, -1,
        0, 0, 0, -1,
        0, 0, 0, -1,
        0, 0, 0, -1,
        0, 0, 0, -1,
        0, 0, 0, -1,
        0, 0, 0, -1,
        0, 0, 0, -1,
        0, 0, 0, -1,
        0, 0, 0, -1,
        0, 0, 0, -1,
        0, 0, 0, -1,
        0, 0, 0, -1,
        0, 0, 0, -1,
        0, 0, 0, -1,
        0, 0, 0, -1,
        0, 0, 0, -1,
        0, 0, 0, -1,
        0, 0, 0, -1,
        0, 0, 0, -1,
        0, 0, 0, -1,
        0, 0, 0, -1,
        0, 0, 0, -1,
        0, 0, 0, -1,
        0, 0, 0, -1,
        0, 0, 0, -1,
        0, 0, 0, -1,
        0, 0, 0, -1,
        0, 0, 0, -1,
        0, 0, 0, -1,
        0, 0, 0, -1,
        0, 0, 0, -1,
        0, 0, 0, -1,
        0, 0, 0, -1,
        0, 0, 0, -1,
        0, 0, 0, -1,
        0, 0, 0, -1,
        0, 0, 0, -1,
        0, 0, 0, -1,
        0, 0, 0, -1,
        0, 0, 0, -1,
        0, 0, 0, -1,
        0, 0, 0, -1,
        0, 0, 0, -1,
        0, 0, 0, -1,
        0, 0, 0, -1,
        0, 0, 0, -1,
        0, 0, 0, -1,
        0, 0, 0, -1,
        0, 0, 0, -1,
        0, 0, 0, -1,
        0, 0, 0, -1,
        0, 0, 0, -1,
        0, 0, 0, -1,
        0, 0, 0, -1,
        0, 0, 0, -1,
        0, 0, 0, -1,
        0, 0, 0, -1,
        0, 0, 0, -1,
        0, 0, 0, -1,
        0, 0, 0, -1,
        0, 0, 0, -1,
        0, 0, 0, -1,
        0, 0, 0, -1,
        0, 0, 0, -1,
        0, 0, 0, -1,
        0, 0, 0, -1,
        0, 0, 0, -1,
        0, 0, 0, -1,
        0, 0, 0, -1,
        0, 0, 0, -1,
        0, 0, 0, -1,
        0, 0, 0, -1,
        0, 0, 0, -1,
        0, 0, 0, -1,
        0, 0, 0, -1,
        0, 0, 0, -1,
        0, 0, 0, -1,
        0, 0, 0, -1,
        0, 0, 0, -1,
        0, 0, 0, -1,
        0, 0, 0, -1,
        0, 0, 0, -1,
        0, 0, 0, -1,
        0, 0, 0, -1,
        0, 0, 0, -1,
        13, 13, 13, -1,
        13, 13, 13, -1,
        12, 12, 12, -1,
        12, 12, 12, -1,
        12, 12, 12, -1,
        12, 12, 12, -1,
        12, 12, 12, -1,
        12, 12, 12, -1,
        12, 12, 12, -1,
        12, 12, 12, -1,
        12, 12, 12, -1,
        12, 12, 12, -1,
        12, 12, 12, -1,
        12, 12, 12, -1,
        12, 12, 12, -1,
        12, 12, 12, -1,
        2, 2, 2, -1,
        2, 2, 2, -1,
        2, 2, 2, -1,
        2, 2, 2, -1,
        6, 6, 6, -1,
        6, 6, 6, -1,
        6, 6, 6, -1,
        5, 10, 10, -1,
        5, 10, 5, -1,
        10, 19, 19, -1,
        10, 19, 10, -1,
        19, 11, 11, -1,
        19, 11, 19, -1,
        14, 14, 14, -1,
        14, 14, 14, -1,
        14, 14, 14, -1,
        14, 14, 14, -1,
        4, 4, 4, -1,
        4, 4, 4, -1,
        18, 18, 18, -1,
        18, 18, 18, -1,
        5, 10, 10, -1,
        5, 10, 5, -1,
        10, 19, 19, -1,
        10, 19, 10, -1,
        19, 11, 11, -1,
        19, 11, 19, -1,
        4, 4, 4, -1,
        4, 4, 4, -1,
        15, 16, 16, -1,
        15, 16, 15, -1,
        14, 14, 14, -1,
        14, 14, 14, -1,
        8, 8, 8, -1,
        8, 8, 8, -1,
        13, 13, 13, -1,
        13, 13, 13, -1,
        13, 13, 13, -1,
        13, 13, 13, -1,
        9, 9, 9, -1,
        9, 9, 9, -1,
        13, 13, 13, -1,
        13, 13, 13, -1,
        10, 19, 19, -1,
        10, 19, 10, -1,
        16, 15, 15, -1,
        16, 15, 16, -1,
        2, 2, 2, -1,
        2, 2, 2, -1,
        5, 10, 10, -1,
        5, 10, 5, -1,
        19, 11, 11, -1,
        19, 11, 19, -1,
        4, 4, 4, -1,
        4, 4, 4, -1,
        14, 14, 14, -1,
        14, 14, 14, -1,
        18, 18, 18, -1,
        18, 18, 18, -1,
        2, 2, 2, -1,
        2, 2, 2, -1,
        5, 10, 10, -1,
        5, 10, 5, -1,
        10, 19, 19, -1,
        10, 19, 10, -1,
        19, 11, 11, -1,
        19, 11, 19, -1,
        13, 13, 13, -1,
        13, 13, 13, -1,
        18, 18, 18, -1,
        18, 18, 18, -1,
        7, 17, 17, -1,
        7, 17, 7, -1,
        17, 15, 15, -1,
        17, 15, 17, -1,
        4, 4, 4, -1,
        4, 4, 4, -1,
        14, 14, 14, -1,
        14, 14, 14, -1,
        13, 13, 13, -1,
        13, 13, 13, -1,
        18, 18, 18, -1,
        18, 18, 18, -1,
        7, 17, 17, -1,
        7, 17, 7, -1,
        17, 15, 15, -1,
        17, 15, 17, -1,
        10, 19, 19, -1,
        10, 19, 10, -1,
        16, 15, 15, -1,
        16, 15, 16, -1,
        2, 2, 2, -1,
        2, 2, 2, -1,
        5, 10, 10, -1,
        5, 10, 5, -1,
        19, 11, 11, -1,
        19, 11, 19, -1,
        14, 14, 14, -1,
        14, 14, 14, -1,
        13, 13, 13, -1,
        13, 13, 13, -1,
        18, 18, 18, -1,
        18, 18, 18, -1,
        4, 4, 4, -1,
        4, 4, 4, -1,
        7, 17, 17, -1,
        7, 17, 7, -1,
        17, 15, 15, -1,
        17, 15, 17, -1,
        7, 17, 17, -1,
        7, 17, 7, -1,
        17, 15, 15, -1,
        17, 15, 17, -1,
        15, 16, 16, -1,
        15, 16, 15, -1,
        2, 2, 2, -1,
        2, 2, 2, -1,
        5, 10, 10, -1,
        5, 10, 5, -1,
        10, 19, 19, -1,
        10, 19, 10, -1,
        19, 11, 11, -1,
        19, 11, 19, -1,
        13, 13, 13, -1,
        13, 13, 13, -1,
        1, 1, 1, -1,
        1, 1, 1, -1,
        2, 2, 2, -1,
        2, 2, 2, -1,
        6, 6, 6, -1,
        6, 6, 6, -1,
        6, 6, 6, -1,
        6, 6, 6, -1,
        1, 1, 1, -1,
        1, 1, 1, -1,
        1, 1, 1, -1,
        1, 1, 1, -1,
        1, 1, 1, -1,
        1, 1, 1, -1,
        1, 1, 1, -1,
        1, 1, 1, -1,
        1, 1, 1, -1,
        1, 1, 1, -1,
        1, 1, 1, -1,
        1, 1, 1, -1,
        1, 1, 1, -1,
        1, 1, 1, -1,
        1, 1, 1, -1,
        1, 1, 1, -1,
        1, 1, 1, -1,
        1, 1, 1, -1,
        1, 1, 1, -1,
        1, 1, 1, -1,
        1, 1, 1, -1,
        1, 1, 1, -1,
        1, 1, 1, -1,
        1, 1, 1, -1,
        1, 1, 1, -1,
        1, 1, 1, -1,
        1, 1, 1, -1,
        1, 1, 1, -1,
        1, 1, 1, -1,
        1, 1, 1, -1,
        1, 1, 1, -1,
        1, 1, 1, -1,
        1, 1, 1, -1,
        1, 1, 1, -1,
        1, 1, 1, -1,
        1, 1, 1, -1,
        1, 1, 1, -1,
        1, 1, 1, -1,
        1, 1, 1, -1,
        1, 1, 1, -1,
        1, 1, 1, -1,
        1, 1, 1, -1,
        1, 1, 1, -1,
        1, 1, 1, -1,
        1, 1, 1, -1,
        1, 1, 1, -1,
        1, 1, 1, -1,
        1, 1, 1, -1,
        1, 1, 1, -1,
        1, 1, 1, -1,
        1, 1, 1, -1,
        1, 1, 1, -1,
        1, 1, 1, -1,
        1, 1, 1, -1,
        1, 1, 1, -1,
        1, 1, 1, -1,
        1, 1, 1, -1,
        1, 1, 1, -1,
        1, 1, 1, -1,
        1, 1, 1, -1,
        1, 1, 1, -1,
        1, 1, 1, -1,
        1, 1, 1, -1,
        1, 1, 1, -1,
        1, 1, 1, -1,
        1, 1, 1, -1,
        1, 1, 1, -1,
        1, 1, 1, -1,
        1, 1, 1, -1,
        13, 13, 13, -1,
        13, 13, 13, -1,
        2, 2, 2, -1,
        2, 2, 2, -1,
        2, 2, 2, -1,
        2, 2, 2, -1,
        5, 5, 10, -1,
        5, 10, 10, -1,
        10, 10, 19, -1,
        10, 19, 19, -1,
        19, 19, 11, -1,
        19, 11, 11, -1,
        14, 14, 14, -1,
        14, 14, 14, -1,
        14, 14, 14, -1,
        14, 14, 14, -1,
        4, 4, 4, -1,
        4, 4, 4, -1,
        18, 18, 18, -1,
        18, 18, 18, -1,
        5, 5, 10, -1,
        5, 10, 10, -1,
        10, 10, 19, -1,
        10, 19, 19, -1,
        19, 19, 11, -1,
        19, 11, 11, -1,
        4, 4, 4, -1,
        4, 4, 4, -1,
        15, 15, 16, -1,
        15, 16, 16, -1,
        14, 14, 14, -1,
        14, 14, 14, -1,
        8, 8, 8, -1,
        8, 8, 8, -1,
        13, 13, 13, -1,
        13, 13, 13, -1,
        13, 13, 13, -1,
        13, 13, 13, -1,
        9, 9, 9, -1,
        9, 9, 9, -1,
        13, 13, 13, -1,
        13, 13, 13, -1,
        10, 10, 19, -1,
        10, 19, 19, -1,
        16, 15, 15, -1,
        16, 15, 16, -1,
        2, 2, 2, -1,
        2, 2, 2, -1,
        5, 5, 10, -1,
        5, 10, 10, -1,
        19, 19, 11, -1,
        19, 11, 11, -1,
        4, 4, 4, -1,
        4, 4, 4, -1,
        14, 14, 14, -1,
        14, 14, 14, -1,
        18, 18, 18, -1,
        18, 18, 18, -1,
        2, 2, 2, -1,
        2, 2, 2, -1,
        5, 5, 10, -1,
        5, 10, 10, -1,
        10, 10, 19, -1,
        10, 19, 19, -1,
        19, 19, 11, -1,
        19, 11, 11, -1,
        13, 13, 13, -1,
        13, 13, 13, -1,
        18, 18, 18, -1,
        18, 18, 18, -1,
        7, 7, 17, -1,
        7, 17, 17, -1,
        17, 17, 15, -1,
        17, 15, 15, -1,
        4, 4, 4, -1,
        4, 4, 4, -1,
        14, 14, 14, -1,
        14, 14, 14, -1,
        13, 13, 13, -1,
        13, 13, 13, -1,
        18, 18, 18, -1,
        18, 18, 18, -1,
        7, 7, 17, -1,
        7, 17, 17, -1,
        17, 17, 15, -1,
        17, 15, 15, -1,
        10, 10, 19, -1,
        10, 19, 19, -1,
        16, 15, 15, -1,
        16, 15, 16, -1,
        2, 2, 2, -1,
        2, 2, 2, -1,
        5, 5, 10, -1,
        5, 10, 10, -1,
        19, 19, 11, -1,
        19, 11, 11, -1,
        14, 14, 14, -1,
        14, 14, 14, -1,
        13, 13, 13, -1,
        13, 13, 13, -1,
        18, 18, 18, -1,
        18, 18, 18, -1,
        4, 4, 4, -1,
        4, 4, 4, -1,
        7, 7, 17, -1,
        7, 17, 17, -1,
        17, 17, 15, -1,
        17, 15, 15, -1,
        7, 7, 17, -1,
        7, 17, 17, -1,
        17, 17, 15, -1,
        17, 15, 15, -1,
        15, 15, 16, -1,
        15, 16, 16, -1,
        2, 2, 2, -1,
        2, 2, 2, -1,
        5, 5, 10, -1,
        5, 10, 10, -1,
        10, 10, 19, -1,
        10, 19, 19, -1,
        19, 19, 11, -1,
        19, 11, 11, -1,
        1, 1, 1, -1,
        1, 1, 1, -1,
        1, 1, 1, -1,
        1, 1, 1, -1,
        1, 1, 1, -1,
        1, 1, 1, -1,
        1, 1, 1, -1,
        1, 1, 1, -1,
        1, 1, 1, -1,
        1, 1, 1, -1,
        1, 1, 1, -1,
        1, 1, 1, -1,
        1, 1, 1, -1,
        1, 1, 1, -1,
        1, 1, 1, -1,
        1, 1, 1, -1,
        1, 1, 1, -1,
        1, 1, 1, -1,
        1, 1, 1, -1,
        1, 1, 1, -1,
        1, 1, 1, -1,
        1, 1, 1, -1,
        1, 1, 1, -1,
        1, 1, 1, -1,
        1, 1, 1, -1,
        1, 1, 1, -1,
        1, 1, 1, -1,
        1, 1, 1, -1,
        1, 1, 1, -1,
        1, 1, 1, -1,
        1, 1, 1, -1,
        1, 1, 1, -1,
        1, 1, 1, -1,
        1, 1, 1, -1,
        1, 1, 1, -1,
        1, 1, 1, -1,
        1, 1, 1, -1,
        1, 1, 1, -1,
        1, 1, 1, -1,
        1, 1, 1, -1,
        1, 1, 1, -1,
        1, 1, 1, -1,
        1, 1, 1, -1,
        1, 1, 1, -1,
        1, 1, 1, -1,
        1, 1, 1, -1,
        1, 1, 1, -1,
        1, 1, 1, -1,
        1, 1, 1, -1,
        1, 1, 1, -1,
        1, 1, 1, -1,
        1, 1, 1, -1,
        1, 1, 1, -1,
        1, 1, 1, -1,
        1, 1, 1, -1,
        1, 1, 1, -1,
        1, 1, 1, -1,
        1, 1, 1, -1,
        1, 1, 1, -1,
        1, 1, 1, -1,
        1, 1, 1, -1,
        1, 1, 1, -1,
        1, 1, 1, -1,
        1, 1, 1, -1,
        1, 1, 1, -1,
        1, 1, 1, -1,
        1, 1, 1, -1,
        1, 1, 1, -1,
        1, 1, 1, -1,
        1, 1, 1, -1,
        1, 1, 1, -1,
        13, 13, 13, -1,
        13, 13, 13, -1,
        2, 2, 2, -1,
        2, 2, 2, -1,
        2, 2, 2, -1,
        2, 2, 2, -1,
        6, 6, 6, -1,
        6, 6, 6, -1,
        6, 6, 6, -1,
        5, 5, 10, -1,
        5, 10, 10, -1,
        10, 10, 19, -1,
        10, 19, 19, -1,
        19, 19, 11, -1,
        19, 11, 11, -1,
        14, 14, 14, -1,
        14, 14, 14, -1,
        14, 14, 14, -1,
        14, 14, 14, -1,
        4, 4, 4, -1,
        4, 4, 4, -1,
        18, 18, 18, -1,
        18, 18, 18, -1,
        5, 5, 10, -1,
        5, 10, 10, -1,
        10, 10, 19, -1,
        10, 19, 19, -1,
        19, 19, 11, -1,
        19, 11, 11, -1,
        4, 4, 4, -1,
        4, 4, 4, -1,
        15, 15, 16, -1,
        15, 16, 16, -1,
        14, 14, 14, -1,
        14, 14, 14, -1,
        8, 8, 8, -1,
        8, 8, 8, -1,
        13, 13, 13, -1,
        13, 13, 13, -1,
        13, 13, 13, -1,
        13, 13, 13, -1,
        9, 9, 9, -1,
        9, 9, 9, -1,
        13, 13, 13, -1,
        13, 13, 13, -1,
        10, 10, 19, -1,
        10, 19, 19, -1,
        16, 15, 15, -1,
        16, 15, 16, -1,
        2, 2, 2, -1,
        2, 2, 2, -1,
        5, 5, 10, -1,
        5, 10, 10, -1,
        19, 19, 11, -1,
        19, 11, 11, -1,
        4, 4, 4, -1,
        4, 4, 4, -1,
        14, 14, 14, -1,
        14, 14, 14, -1,
        18, 18, 18, -1,
        18, 18, 18, -1,
        2, 2, 2, -1,
        2, 2, 2, -1,
        5, 5, 10, -1,
        5, 10, 10, -1,
        10, 10, 19, -1,
        10, 19, 19, -1,
        19, 19, 11, -1,
        19, 11, 11, -1,
        13, 13, 13, -1,
        13, 13, 13, -1,
        18, 18, 18, -1,
        18, 18, 18, -1,
        7, 7, 17, -1,
        7, 17, 17, -1,
        17, 17, 15, -1,
        17, 15, 15, -1,
        4, 4, 4, -1,
        4, 4, 4, -1,
        14, 14, 14, -1,
        14, 14, 14, -1,
        13, 13, 13, -1,
        13, 13, 13, -1,
        18, 18, 18, -1,
        18, 18, 18, -1,
        7, 7, 17, -1,
        7, 17, 17, -1,
        17, 17, 15, -1,
        17, 15, 15, -1,
        10, 10, 19, -1,
        10, 19, 19, -1,
        16, 15, 15, -1,
        16, 15, 16, -1,
        2, 2, 2, -1,
        2, 2, 2, -1,
        5, 5, 10, -1,
        5, 10, 10, -1,
        19, 19, 11, -1,
        19, 11, 11, -1,
        14, 14, 14, -1,
        14, 14, 14, -1,
        13, 13, 13, -1,
        13, 13, 13, -1,
        18, 18, 18, -1,
        18, 18, 18, -1,
        4, 4, 4, -1,
        4, 4, 4, -1,
        7, 7, 17, -1,
        7, 17, 17, -1,
        17, 17, 15, -1,
        17, 15, 15, -1,
        7, 7, 17, -1,
        7, 17, 17, -1,
        17, 17, 15, -1,
        17, 15, 15, -1,
        15, 15, 16, -1,
        15, 16, 16, -1,
        2, 2, 2, -1,
        2, 2, 2, -1,
        5, 5, 10, -1,
        5, 10, 10, -1,
        10, 10, 19, -1,
        10, 19, 19, -1,
        19, 19, 11, -1,
        19, 11, 11, -1,
        0, 0, 0, -1,
        0, 0, 0, -1,
        0, 0, 0, -1,
        0, 0, 0, -1,
        0, 0, 0, -1,
        0, 0, 0, -1,
        0, 0, 0, -1,
        0, 0, 0, -1,
        0, 0, 0, -1,
        0, 0, 0, -1,
        0, 0, 0, -1,
        0, 0, 0, -1,
        0, 0, 0, -1,
        0, 0, 0, -1,
        0, 0, 0, -1,
        0, 0, 0, -1,
        0, 0, 0, -1,
        0, 0, 0, -1,
        0, 0, 0, -1,
        0, 0, 0, -1,
        0, 0, 0, -1,
        0, 0, 0, -1,
        0, 0, 0, -1,
        0, 0, 0, -1,
        0, 0, 0, -1,
        0, 0, 0, -1,
        0, 0, 0, -1,
        0, 0, 0, -1,
        0, 0, 0, -1,
        0, 0, 0, -1,
        0, 0, 0, -1,
        0, 0, 0, -1,
        0, 0, 0, -1,
        0, 0, 0, -1,
        0, 0, 0, -1,
        0, 0, 0, -1,
        0, 0, 0, -1,
        0, 0, 0, -1,
        0, 0, 0, -1,
        0, 0, 0, -1,
        0, 0, 0, -1,
        0, 0, 0, -1,
        0, 0, 0, -1,
        0, 0, 0, -1,
        0, 0, 0, -1,
        0, 0, 0, -1,
        0, 0, 0, -1,
        0, 0, 0, -1,
        0, 0, 0, -1,
        0, 0, 0, -1,
        0, 0, 0, -1,
        0, 0, 0, -1,
        0, 0, 0, -1,
        0, 0, 0, -1,
        0, 0, 0, -1,
        0, 0, 0, -1,
        0, 0, 0, -1,
        0, 0, 0, -1,
        0, 0, 0, -1,
        0, 0, 0, -1,
        0, 0, 0, -1,
        0, 0, 0, -1,
        0, 0, 0, -1,
        0, 0, 0, -1,
        0, 0, 0, -1,
        0, 0, 0, -1,
        0, 0, 0, -1,
        0, 0, 0, -1,
        0, 0, 0, -1,
        0, 0, 0, -1,
        0, 0, 0, -1,
        13, 13, 13, -1,
        13, 13, 13, -1,
        1, 1, 1, -1,
        1, 1, 1, -1,
        14, 14, 14, -1,
        14, 14, 14, -1,
        14, 14, 14, -1,
        14, 14, 14, -1,
        14, 14, 14, -1,
        14, 14, 14, -1,
        14, 14, 14, -1,
        14, 14, 14, -1,
        14, 14, 14, -1,
        14, 14, 14, -1,
        14, 14, 14, -1,
        14, 14, 14, -1,
        14, 14, 14, -1,
        14, 14, 14, -1,
        2, 2, 2, -1,
        2, 2, 2, -1,
        6, 6, 6, -1,
        6, 6, 6, -1,
        6, 6, 6, -1,
        6, 6, 6, -1,
        1, 1, 1, -1,
        1, 1, 1, -1,
        1, 1, 1, -1,
        1, 1, 1, -1,
        1, 1, 1, -1,
        1, 1, 1, -1,
        1, 1, 1, -1,
        1, 1, 1, -1,
        1, 1, 1, -1,
        1, 1, 1, -1,
        1, 1, 1, -1,
        1, 1, 1, -1,
        1, 1, 1, -1,
        1, 1, 1, -1,
        1, 1, 1, -1,
        1, 1, 1, -1,
        1, 1, 1, -1,
        1, 1, 1, -1,
        1, 1, 1, -1,
        1, 1, 1, -1,
        1, 1, 1, -1,
        1, 1, 1, -1,
        1, 1, 1, -1,
        1, 1, 1, -1,
        1, 1, 1, -1,
        1, 1, 1, -1,
        1, 1, 1, -1,
        1, 1, 1, -1,
        1, 1, 1, -1,
        1, 1, 1, -1,
        1, 1, 1, -1,
        1, 1, 1, -1,
        1, 1, 1, -1,
        1, 1, 1, -1,
        1, 1, 1, -1,
        1, 1, 1, -1,
        1, 1, 1, -1,
        1, 1, 1, -1,
        1, 1, 1, -1,
        1, 1, 1, -1,
        1, 1, 1, -1,
        1, 1, 1, -1,
        1, 1, 1, -1,
        1, 1, 1, -1,
        1, 1, 1, -1,
        1, 1, 1, -1,
        1, 1, 1, -1,
        1, 1, 1, -1,
        1, 1, 1, -1,
        1, 1, 1, -1,
        1, 1, 1, -1,
        1, 1, 1, -1,
        1, 1, 1, -1,
        1, 1, 1, -1,
        1, 1, 1, -1,
        1, 1, 1, -1,
        1, 1, 1, -1,
        1, 1, 1, -1,
        1, 1, 1, -1,
        1, 1, 1, -1,
        1, 1, 1, -1,
        1, 1, 1, -1,
        1, 1, 1, -1,
        1, 1, 1, -1,
        1, 1, 1, -1,
        1, 1, 1, -1,
        1, 1, 1, -1,
        1, 1, 1, -1,
        1, 1, 1, -1,
        13, 13, 13, -1,
        13, 13, 13, -1,
        2, 2, 2, -1,
        2, 2, 2, -1,
        2, 2, 2, -1,
        2, 2, 2, -1,
        5, 5, 10, -1,
        5, 10, 10, -1,
        10, 10, 19, -1,
        10, 19, 19, -1,
        19, 19, 11, -1,
        19, 11, 11, -1,
        14, 14, 14, -1,
        14, 14, 14, -1,
        14, 14, 14, -1,
        14, 14, 14, -1,
        4, 4, 4, -1,
        4, 4, 4, -1,
        18, 18, 18, -1,
        18, 18, 18, -1,
        5, 5, 10, -1,
        5, 10, 10, -1,
        10, 10, 19, -1,
        10, 19, 19, -1,
        19, 19, 11, -1,
        19, 11, 11, -1,
        4, 4, 4, -1,
        4, 4, 4, -1,
        15, 15, 16, -1,
        15, 16, 16, -1,
        14, 14, 14, -1,
        14, 14, 14, -1,
        8, 8, 8, -1,
        8, 8, 8, -1,
        13, 13, 13, -1,
        13, 13, 13, -1,
        13, 13, 13, -1,
        13, 13, 13, -1,
        9, 9, 9, -1,
        9, 9, 9, -1,
        13, 13, 13, -1,
        13, 13, 13, -1,
        10, 10, 19, -1,
        10, 19, 19, -1,
        16, 15, 15, -1,
        16, 15, 16, -1,
        2, 2, 2, -1,
        2, 2, 2, -1,
        5, 5, 10, -1,
        5, 10, 10, -1,
        19, 19, 11, -1,
        19, 11, 11, -1,
        4, 4, 4, -1,
        4, 4, 4, -1,
        14, 14, 14, -1,
        14, 14, 14, -1,
        18, 18, 18, -1,
        18, 18, 18, -1,
        2, 2, 2, -1,
        2, 2, 2, -1,
        5, 5, 10, -1,
        5, 10, 10, -1,
        10, 10, 19, -1,
        10, 19, 19, -1,
        19, 19, 11, -1,
        19, 11, 11, -1,
        13, 13, 13, -1,
        13, 13, 13, -1,
        18, 18, 18, -1,
        18, 18, 18, -1,
        7, 7, 17, -1,
        7, 17, 17, -1,
        17, 17, 15, -1,
        17, 15, 15, -1,
        4, 4, 4, -1,
        4, 4, 4, -1,
        14, 14, 14, -1,
        14, 14, 14, -1,
        13, 13, 13, -1,
        13, 13, 13, -1,
        18, 18, 18, -1,
        18, 18, 18, -1,
        7, 7, 17, -1,
        7, 17, 17, -1,
        17, 17, 15, -1,
        17, 15, 15, -1,
        10, 10, 19, -1,
        10, 19, 19, -1,
        15, 16, 16, -1,
        15, 16, 15, -1,
        2, 2, 2, -1,
        2, 2, 2, -1,
        5, 5, 10, -1,
        5, 10, 10, -1,
        19, 19, 11, -1,
        19, 11, 11, -1,
        14, 14, 14, -1,
        14, 14, 14, -1,
        13, 13, 13, -1,
        13, 13, 13, -1,
        18, 18, 18, -1,
        18, 18, 18, -1,
        4, 4, 4, -1,
        4, 4, 4, -1,
        7, 7, 17, -1,
        7, 17, 17, -1,
        17, 17, 15, -1,
        17, 15, 15, -1,
        7, 7, 17, -1,
        7, 17, 17, -1,
        17, 17, 15, -1,
        17, 15, 15, -1,
        15, 15, 16, -1,
        15, 16, 16, -1,
        2, 2, 2, -1,
        2, 2, 2, -1,
        5, 5, 10, -1,
        5, 10, 10, -1,
        10, 10, 19, -1,
        10, 19, 19, -1,
        19, 19, 11, -1,
        19, 11, 11, -1,
        13, 13, 13, -1,
        13, 13, 13, -1,
        2, 2, 2, -1,
        2, 2, 2, -1
              ]
      }
    }
  }
}
DEF _ET60S-D02-R12_po Group
{
Shape 
{
  Node_info
  {
    fields [SFString node_type, SFString node_name]
    node_type "Poly_Geom_Data"
    node_name ""
  }

    Material
    {
      ambientColor [1.00 1.00 0.00]
      diffuseColor [1.00 1.00 0.00]
      specularColor [0.8 0.8 0.8]
      shininess [0.5]
      transparency [0.00]
    }

  Coordinate3
  {
    point
    [
      0.93102 14.4133 -0.39, -4.57 14.069 -1.025, 
      -4.38278 23.7125 -1.4, -1.57243 14.425 -0.39, 
      1.57061 14.3903 -0.39, 4.28599 23.063 -2.525, 
      -0.93102 14.4133 -0.39, 4.57 14.3555 -0.39, 
      3.64398 23.063 -2.525, 3.93 14.3555 -0.39, 
      4.57 13.8114 -0.5485, -3.92757 14.425 -0.39, 
      3.93 13.8114 -0.5485, 1.85602 23.063 -2.525, 
      1.21401 23.063 -2.525, -1.57061 14.3903 -0.39, 
      -3.44692 21.2867 3.245, 1.57 14.3555 -0.39, 
      -4.56898 14.4133 -0.39, -4.09897 21.808 1.11, 
      0.93 14.3555 -0.39, 1.57 13.8114 -0.5485, 
      -2.05308 21.2867 3.245, 0.93 13.8114 -0.5485, 
      -3.92939 14.3903 -0.39, -1.21401 23.063 -2.525, 
      -0.93 14.3555 -0.39, -1.85602 23.063 -2.525, 
      -1.40103 21.808 1.11, -1.57 14.3555 -0.39, 
      -4.08048 21.3295 3.245, -0.93 13.8114 -0.5485, 
      -1.57 13.8114 -0.5485, -3.64398 23.063 -2.525, 
      -4.28599 23.063 -2.525, 2.05308 21.2867 3.245, 
      -4.57 14.069 1.745, -3.93 14.3555 -0.39, 
      1.40103 21.808 1.11, -1.41952 21.3295 3.245, 
      -3.93 14.069 1.745, -4.57 14.3555 -0.39, 
      4.08048 21.3295 -2.525, -3.93 13.8114 -0.5485, 
      3.44692 21.2867 3.245, -4.57 13.8114 -0.5485, 
      -1.57 14.069 1.745, 4.09897 21.808 1.11, 
      1.41952 21.3295 3.245, 1.41952 21.3295 -2.525, 
      -0.93 14.069 1.745, -3.47091 21.9016 1.11, 
      0.93 14.069 1.745, 3.44692 21.2867 -2.525, 
      4.08048 21.3295 3.245, 1.57 14.069 1.745, 
      -1.41952 21.3295 -2.525, -2.02909 21.9016 1.11, 
      2.05308 21.2867 -2.525, -4.28599 23.063 3.245, 
      -4.39425 23.7895 0.272297, -3.64398 23.063 3.245, 
      3.93 14.069 1.745, -4.08048 21.3295 -2.525, 
      4.57 14.069 1.745, -1.85602 23.063 3.245, 
      -1.21401 23.063 3.245, -4.39425 23.7895 2.5827, 
      2.02909 21.9016 1.11, -1.10575 23.7895 0.272297, 
      -2.05308 21.2867 -2.525, 3.47091 21.9016 1.11, 
      -3.44692 21.2867 -2.525, 1.21401 23.063 3.245, 
      4.39425 23.7895 -1.8627, 1.10575 23.7895 0.272297, 
      1.85602 23.063 3.245, -1.10575 23.7895 2.5827, 
      3.64398 23.063 3.245, 4.28599 23.063 3.245, 
      1.10575 23.7895 2.5827, 1.10575 23.7895 -1.8627, 
      4.39425 23.7895 0.272297, 3.47091 21.9016 -1.025, 
      -1.10575 23.7895 -1.8627, 2.02909 21.9016 -1.025, 
      4.39425 23.7895 2.5827, 3.93 13.25 -3.83874, 
      4.57 14.069 -0.39, 3.93 14.069 -0.39, 
      -4.39425 23.7895 -1.8627, -4.07664 21.5693 3.245, 
      1.57 13.25 -3.83874, -4.34187 23.438 3.14452, 
      0.93 13.25 -3.83874, -2.02909 21.9016 -1.025, 
      1.57 14.069 -0.39, -3.69986 23.438 3.14452, 
      0.93 14.069 -0.39, -3.47091 21.9016 -1.025, 
      -1.42336 21.5693 3.245, -0.93 13.25 -3.83874, 
      -3.44215 21.5948 3.245, -1.57 13.25 -3.83874, 
      -1.80014 23.438 3.14452, -0.93 14.069 -0.39, 
      -1.15813 23.438 3.14452, 4.09897 21.808 -1.025, 
      -1.57 14.069 -0.39, -2.05785 21.5948 3.245, 
      1.42336 21.5693 3.245, -4.57 13.8114 1.5865, 
      -3.93 13.25 -3.83874, -3.93 13.8114 1.5865, 
      1.15813 23.438 3.14452, -4.57 14.3555 1.745, 
      -3.93 14.069 -0.39, 1.40103 21.808 -1.025, 
      1.80014 23.438 3.14452, -3.93 14.3555 1.745, 
      -4.57 14.069 -0.39, 4.07664 21.5693 3.245, 
      2.05785 21.5948 3.245, -1.57 13.8114 1.5865, 
      4.56592 14.4709 -2.525, 3.69986 23.438 3.14452, 
      4.57 13.75 -3.55, -0.93 13.8114 1.5865, 
      4.34187 23.438 3.14452, 3.93 13.75 -3.55, 
      -1.57 14.3555 1.745, -1.40103 21.808 -1.025, 
      3.44215 21.5948 3.245, -0.93 14.3555 1.745, 
      -3.92939 14.3903 1.745, 0.93 13.8114 1.5865, 
      1.57 13.8114 1.5865, 1.57 13.75 -3.55, 
      0.93 14.3555 1.745, -4.09897 21.808 -1.025, 
      -4.56898 14.4133 1.745, 0.93408 14.4709 -2.525, 
      0.93 13.75 -3.55, 1.57 14.3555 1.745, 
      -1.57061 14.3903 1.745, 3.92757 14.425 -2.525, 
      3.93 13.8114 1.5865, -3.92757 14.425 1.745, 
      -0.93408 14.4709 -2.525, -0.93 13.75 -3.55, 
      4.56898 14.4133 -2.525, 4.57 13.8114 1.5865, 
      -1.57 13.75 -3.55, 3.93 14.3555 1.745, 
      4.57 14.3555 1.745, -0.93102 14.4133 1.745, 
      1.57061 14.3903 1.745, 1.57243 14.425 -2.525, 
      -1.57243 14.425 1.745, 3.93 13.25 -3.3, 
      -3.93 13.75 -3.55, 3.92939 14.3903 -2.525, 
      -4.38278 23.7125 0.735, -4.57 14.069 1.11, 
      0.93102 14.4133 1.745, -4.56592 14.4709 -2.525, 
      -4.57 13.75 -3.55, -4.56592 14.4709 1.745, 
      0.93102 14.4133 -2.525, -3.74077 23.7125 0.735, 
      -3.93 14.069 1.11, 3.92939 14.3903 1.745, 
      -1.57243 14.425 -2.525, 1.57 13.25 -3.3, 
      1.57243 14.425 1.745, 1.57061 14.3903 -2.525, 
      -0.93102 14.4133 -2.525, -1.75923 23.7125 0.735, 
      0.93 13.25 -3.3, 4.57 14.3555 -2.525, 
      -1.57 14.069 1.11, -1.11722 23.7125 0.735, 
      3.93 14.3555 -2.525, -0.93 14.069 1.11, 
      4.56898 14.4133 1.745, -0.93408 14.4709 1.745, 
      -3.92757 14.425 -2.525, -0.93 13.25 -3.3, 
      3.92757 14.425 1.745, -1.57 13.25 -3.3, 
      4.34187 23.438 -0.289519, -1.57061 14.3903 -2.525, 
      1.11722 23.7125 0.735, 0.93 14.069 1.11, 
      1.57 14.3555 -2.525, 3.69986 23.438 -0.289519, 
      0.93408 14.4709 1.745, -4.56898 14.4133 -2.525, 
      1.75923 23.7125 0.735, -4.09897 21.808 3.245, 
      1.57 14.069 1.11, 0.93 14.3555 -2.525, 
      -3.93 13.25 -3.3, 1.80014 23.438 -0.289519, 
      -3.92939 14.3903 -2.525, 3.74077 23.7125 0.735, 
      -0.93 14.3555 -2.525, 1.15813 23.438 -0.289519, 
      3.44215 21.5948 -1.025, 3.93 14.069 1.11, 
      4.38278 23.7125 0.735, -1.40103 21.808 3.245, 
      -1.57 14.3555 -2.525, 4.34187 23.438 -1.12548, 
      4.57 14.069 1.11, 3.69986 23.438 -1.12548, 
      4.56592 14.4709 1.745, 2.05785 21.5948 -1.025, 
      4.07664 21.5693 -1.025, -1.15813 23.438 -0.289519, 
      -3.93 14.3555 -2.525, -1.80014 23.438 -0.289519, 
      1.80014 23.438 -1.12548, 1.40103 21.808 3.245, 
      -4.57 14.3555 -2.525, 1.15813 23.438 -1.12548, 
      1.42336 21.5693 -1.025, -3.69986 23.438 -0.289519, 
      -4.34187 23.438 -0.289519, -2.05785 21.5948 -1.025, 
      4.09897 21.808 3.245, -1.15813 23.438 -1.12548, 
      -4.57 13.75 3.605, 3.93 13.1 -3.3, 
      -1.80014 23.438 -1.12548, -3.93 13.75 3.605, 
      -3.44215 21.5948 -1.025, -1.42336 21.5693 -1.025, 
      -3.47091 21.9016 3.245, -4.57 13.9278 1.7029, 
      1.57 13.1 -3.3, -3.69986 23.438 -1.12548, 
      -3.93 13.9278 1.7029, -2.02909 21.9016 3.245, 
      -1.57 13.75 3.605, 0.93 13.1 -3.3, 
      3.47091 21.9016 -0.39, -4.34187 23.438 -1.12548, 
      -0.93 13.75 3.605, -4.07664 21.5693 -1.025, 
      -4.39425 23.7895 2.4073, -4.57 13.75 3.245, 
      2.02909 21.9016 -0.39, -0.93 13.1 -3.3, 
      -3.93 13.75 3.245, -1.57 13.9278 1.7029, 
      4.57 13.8114 -0.8665, 0.93 13.75 3.605, 
      -1.57 13.1 -3.3, -0.93 13.9278 1.7029, 
      3.93 13.8114 -0.8665, 1.57 13.75 3.605, 
      4.39425 23.7895 -1.6873, 2.02909 21.9016 3.245, 
      -1.57 13.75 3.245, -1.10575 23.7895 2.4073, 
      0.93 13.9278 1.7029, -3.93 13.1 -3.3, 
      -0.93 13.75 3.245, 1.57 13.9278 1.7029, 
      1.57 13.8114 -0.8665, 3.47091 21.9016 3.245, 
      3.93 13.75 3.605, -2.02909 21.9016 -0.39, 
      0.93 13.8114 -0.8665, 4.57 13.75 3.605, 
      1.10575 23.7895 2.4073, 0.93 13.75 3.245, 
      -3.47091 21.9016 -0.39, 1.10575 23.7895 -1.6873, 
      4.28599 23.063 -1.025, 1.57 13.75 3.245, 
      3.93 13.9278 1.7029, 3.64398 23.063 -1.025, 
      4.57 13.9278 -0.982896, -0.93 13.8114 -0.8665, 
      4.57 13.9278 1.7029, 3.93 13.9278 -0.982896, 
      -1.57 13.8114 -0.8665, 4.09897 21.808 -0.39, 
      -1.10575 23.7895 -1.6873, 1.85602 23.063 -1.025, 
      3.93 13.75 3.245, 4.39425 23.7895 2.4073, 
      1.21401 23.063 -1.025, -3.44692 21.2867 1.745, 
      4.57 13.75 3.245, 1.57 13.9278 -0.982896, 
      -3.93 13.8114 -0.8665, -4.23655 23.813 0.36, 
      -4.57 14.3555 1.11, -3.75574 23.813 0.36, 
      1.40103 21.808 -0.39, 0.93 13.9278 -0.982896, 
      -4.57 13.8114 -0.8665, -2.05308 21.2867 1.745, 
      -3.93 14.3555 1.11, -4.39425 23.7895 -1.6873, 
      -1.21401 23.063 -1.025, -1.85602 23.063 -1.025, 
      -0.93 13.9278 -0.982896, -1.74426 23.813 0.36, 
      -1.26345 23.813 0.36, -1.57 13.9278 -0.982896, 
      -4.08048 21.3295 1.745, -1.57 14.3555 1.11, 
      -1.40103 21.808 -0.39, -4.57 13.7688 1.4275, 
      -0.93 14.3555 1.11, -3.64398 23.063 -1.025, 
      -3.93 13.7688 1.4275, -3.92939 14.3903 1.11, 
      -4.28599 23.063 -1.025, 2.05308 21.2867 1.745, 
      -3.93 13.9278 -0.982896, 1.26345 23.813 0.36, 
      -1.41952 21.3295 1.745, 0.93 14.3555 1.11, 
      4.08048 21.3295 -1.025, 1.74426 23.813 0.36, 
      -4.09897 21.808 -0.39, -4.57 13.9278 -0.982896, 
      -4.56898 14.4133 1.11, 3.44692 21.2867 1.745, 
      1.57 14.3555 1.11, -1.57 13.7688 1.4275, 
      -1.57061 14.3903 1.11, -0.93 13.7688 1.4275, 
      -3.92757 14.425 1.11, 3.75574 23.813 0.36, 
      -4.38278 23.7125 -0.015, 4.23655 23.813 0.36, 
      1.41952 21.3295 1.745, 1.41952 21.3295 -1.025, 
      -3.74077 23.7125 -0.015, 3.93 14.3555 1.11, 
      0.93 13.7688 1.4275, 4.57 14.3555 1.11, 
      -0.93102 14.4133 1.11, 1.57 13.7688 1.4275, 
      1.57061 14.3903 1.11, -1.57243 14.425 1.11, 
      -1.75923 23.7125 -0.015, 3.44692 21.2867 -1.025, 
      4.08048 21.3295 1.745, -1.11722 23.7125 -0.015, 
      -1.41952 21.3295 -1.025, 0.93102 14.4133 1.11, 
      -4.56592 14.4709 1.11, 3.93 13.7688 1.4275, 
      3.92939 14.3903 1.11, 2.05308 21.2867 -1.025, 
      -4.28599 23.063 1.745, 4.57 13.7688 1.4275, 
      -3.64398 23.063 1.745, 4.57 13.1 -3.92536, 
      1.57243 14.425 1.11, 1.11722 23.7125 -0.015, 
      -4.08048 21.3295 -1.025, 1.75923 23.7125 -0.015, 
      -1.85602 23.063 1.745, 4.56898 14.4133 1.11, 
      -1.21401 23.063 1.745, -0.93408 14.4709 1.11, 
      3.92757 14.425 1.11, 3.74077 23.7125 -0.015, 
      -2.05308 21.2867 -1.025, 4.38278 23.7125 -0.015, 
      0.93408 14.4709 1.11, -3.44692 21.2867 -1.025, 
      1.21401 23.063 1.745, 1.85602 23.063 1.745, 
      3.44215 21.5948 -0.39, 3.64398 23.063 1.745, 
      4.28599 23.063 1.745, 4.56592 14.4709 1.11, 
      2.05785 21.5948 -0.39, 4.07664 21.5693 -0.39, 
      -4.38278 23.7125 2.87, -4.57 13.1 -3.92536, 
      -3.74077 23.7125 2.87, 1.42336 21.5693 -0.39, 
      -1.75923 23.7125 2.87, -2.05785 21.5948 -0.39, 
      -1.11722 23.7125 2.87, -3.44215 21.5948 -0.39, 
      -4.07664 21.5693 1.745, -1.42336 21.5693 -0.39, 
      4.34187 23.438 -2.42452, 1.11722 23.7125 2.87, 
      3.69986 23.438 -2.42452, 1.75923 23.7125 2.87, 
      -1.42336 21.5693 1.745, -4.07664 21.5693 -0.39, 
      1.80014 23.438 -2.42452, -3.44215 21.5948 1.745, 
      3.74077 23.7125 2.87, 1.15813 23.438 -2.42452, 
      4.38278 23.7125 2.87, -2.05785 21.5948 1.745, 
      1.42336 21.5693 1.745, -1.15813 23.438 -2.42452, 
      -1.80014 23.438 -2.42452, 4.57 13.75 -2.525, 
      4.07664 21.5693 1.745, 3.93 13.75 -2.525, 
      -3.69986 23.438 -2.42452, 2.05785 21.5948 1.745, 
      4.56592 14.4709 -1.025, 4.28599 23.063 -0.39, 
      -4.34187 23.438 -2.42452, 3.64398 23.063 -0.39, 
      3.44215 21.5948 1.745, 1.57 13.75 -2.525, 
      -3.93 13.25 3.89368, 0.93 13.75 -2.525, 
      1.85602 23.063 -0.39, 1.21401 23.063 -0.39, 
      -3.44692 21.2867 1.11, 0.93408 14.4709 -1.025, 
      3.47091 21.9016 -2.525, 4.38278 23.7125 -2.15, 
      -0.93 13.75 -2.525, -2.05308 21.2867 1.11, 
      -1.57 13.25 3.89368, 3.74077 23.7125 -2.15, 
      -1.57 13.75 -2.525, 3.92757 14.425 -1.025, 
      -0.93 13.25 3.89368, 2.02909 21.9016 -2.525, 
      -0.93408 14.4709 -1.025, -1.21401 23.063 -0.39, 
      4.56898 14.4133 -1.025, -1.85602 23.063 -0.39, 
      1.75923 23.7125 -2.15, -4.08048 21.3295 1.11, 
      0.93 13.25 3.89368, -3.93 13.75 -2.525, 
      1.11722 23.7125 -2.15, 1.57243 14.425 -1.025, 
      1.57 13.25 3.89368, -4.57 13.75 -2.525, 
      -3.64398 23.063 -0.39, 4.57 13.7688 -0.7075, 
      -4.28599 23.063 -0.39, 3.92939 14.3903 -1.025, 
      2.05308 21.2867 1.11, 3.93 13.7688 -0.7075, 
      -4.56592 14.4709 -1.025, 0.93102 14.4133 -1.025, 
      -2.02909 21.9016 -2.525, -1.41952 21.3295 1.11, 
      -1.11722 23.7125 -2.15, 4.08048 21.3295 -0.39, 
      3.44692 21.2867 1.11, 3.93 13.25 3.89368, 
      -1.75923 23.7125 -2.15, -1.57243 14.425 -1.025, 
      -3.47091 21.9016 -2.525, 1.57061 14.3903 -1.025, 
      1.57 13.7688 -0.7075, -0.93102 14.4133 -1.025, 
      4.57 14.3555 -1.025, 0.93 13.7688 -0.7075, 
      3.93 14.3555 -1.025, -3.74077 23.7125 -2.15, 
      1.41952 21.3295 1.11, 1.41952 21.3295 -0.39, 
      4.23655 23.813 -1.775, 4.09897 21.808 -2.525, 
      -4.38278 23.7125 -2.15, 3.75574 23.813 -1.775, 
      -3.92757 14.425 -1.025, -0.93 13.7688 -0.7075, 
      -1.57061 14.3903 -1.025, -1.57 13.7688 -0.7075, 
      1.57 14.3555 -1.025, 3.44692 21.2867 -0.39, 
      -4.23655 23.813 2.495, -4.56898 14.4133 -1.025, 
      -4.57 13.9278 1.1521, -4.09897 21.808 1.745, 
      4.08048 21.3295 1.11, 1.74426 23.813 -1.775, 
      -4.57 14.3555 3.245, 0.93 14.3555 -1.025, 
      -1.41952 21.3295 -0.39, -3.75574 23.813 2.495, 
      1.40103 21.808 -2.525, 1.26345 23.813 -1.775, 
      -3.93 13.9278 1.1521, -3.93 14.3555 3.245, 
      2.05308 21.2867 -0.39, -4.28599 23.063 1.11, 
      -3.92939 14.3903 -1.025, -3.93 13.7688 -0.7075, 
      -3.64398 23.063 1.11, -0.93 14.3555 -1.025, 
      -1.74426 23.813 2.495, -4.57 13.7688 -0.7075, 
      -1.40103 21.808 1.745, -1.57 14.3555 -1.025, 
      -1.26345 23.813 2.495, -4.08048 21.3295 -0.39, 
      -1.57 13.9278 1.1521, -1.26345 23.813 -1.775, 
      -1.57 14.3555 3.245, -1.40103 21.808 -2.525, 
      -1.74426 23.813 -1.775, -0.93 13.9278 1.1521, 
      -1.85602 23.063 1.11, -0.93 14.3555 3.245, 
      -1.21401 23.063 1.11, -3.92939 14.3903 3.245, 
      -4.39425 23.7895 0.447703, -3.93 14.3555 -1.025, 
      -2.05308 21.2867 -0.39, 1.26345 23.813 2.495, 
      -4.57 13.8114 1.2685, 0.93 13.9278 1.1521, 
      1.40103 21.808 1.745, -3.75574 23.813 -1.775, 
      0.93 14.3555 3.245, -4.57 14.3555 -1.025, 
      1.74426 23.813 2.495, -4.09897 21.808 -2.525, 
      -4.56898 14.4133 3.245, -3.93 13.8114 1.2685, 
      -4.23655 23.813 -1.775, 1.57 13.9278 1.1521, 
      1.57 14.3555 3.245, -3.44692 21.2867 -0.39, 
      -1.57061 14.3903 3.245, 1.21401 23.063 1.11, 
      1.85602 23.063 1.11, -1.10575 23.7895 0.447703, 
      -3.92757 14.425 3.245, 3.75574 23.813 2.495, 
      -4.38278 23.7125 2.12, 4.09897 21.808 1.745, 
      4.23655 23.813 2.495, -1.57 13.8114 1.2685, 
      3.93 13.9278 1.1521, -3.74077 23.7125 2.12, 
      4.57 13.9278 -0.432104, 3.93 14.3555 3.245, 
      -0.93 13.8114 1.2685, 4.57 13.9278 1.1521, 
      3.64398 23.063 1.11, 3.93 13.9278 -0.432104, 
      4.57 14.3555 3.245, -0.93102 14.4133 3.245, 
      4.28599 23.063 1.11, 1.57061 14.3903 3.245, 
      1.10575 23.7895 0.447703, -3.47091 21.9016 1.745, 
      -1.57243 14.425 3.245, -1.75923 23.7125 2.12, 
      0.93 13.8114 1.2685, -1.11722 23.7125 2.12, 
      -2.02909 21.9016 1.745, 0.93102 14.4133 3.245, 
      1.57 13.8114 1.2685, 1.57 13.9278 -0.432104, 
      -4.56592 14.4709 3.245, 3.92939 14.3903 3.245, 
      0.93 13.9278 -0.432104, 4.39425 23.7895 0.447703, 
      1.57243 14.425 3.245, 1.11722 23.7125 2.12, 
      3.93 13.8114 1.2685, 1.75923 23.7125 2.12, 
      -0.93 13.9278 -0.432104, 4.57 13.8114 1.2685, 
      -1.57 13.9278 -0.432104, 4.56898 14.4133 3.245, 
      -0.93408 14.4709 3.245, 2.02909 21.9016 1.745, 
      3.92757 14.425 3.245, -4.07664 21.5693 1.11, 
      3.74077 23.7125 2.12, 4.38278 23.7125 2.12, 
      -4.34187 23.438 1.00952, 3.47091 21.9016 1.745, 
      -3.93 13.9278 -0.432104, 0.93408 14.4709 3.245, 
      -3.69986 23.438 1.00952, -4.57 13.9278 -0.432104, 
      -1.42336 21.5693 1.11, -4.57 13.1 3.98029, 
      -3.44215 21.5948 1.11, -3.93 13.1 3.98029, 
      -1.80014 23.438 1.00952, 3.44215 21.5948 -2.525, 
      -1.15813 23.438 1.00952, -2.05785 21.5948 1.11, 
      -4.34187 23.438 1.84548, 4.56592 14.4709 3.245, 
      2.05785 21.5948 -2.525, -3.69986 23.438 1.84548, 
      1.42336 21.5693 1.11, -1.57 13.1 3.98029, 
      4.07664 21.5693 -2.525, -0.93 13.1 3.98029, 
      1.15813 23.438 1.00952, 1.80014 23.438 1.00952, 
      -1.80014 23.438 1.84548, -1.15813 23.438 1.84548, 
      4.07664 21.5693 1.11, 0.93 13.1 3.98029, 
      1.42336 21.5693 -2.525, 2.05785 21.5948 1.11, 
      1.57 13.1 3.98029, 4.56592 14.4709 -0.39, 
      3.69986 23.438 1.00952, -2.05785 21.5948 -2.525, 
      4.57 14.069 -1.025, 4.34187 23.438 1.00952, 
      4.38278 23.7125 -1.4, 3.93 14.069 -1.025, 
      3.44215 21.5948 1.11, 1.15813 23.438 1.84548, 
      3.74077 23.7125 -1.4, -3.44215 21.5948 -2.525, 
      1.80014 23.438 1.84548, 3.93 13.1 3.98029, 
      -1.42336 21.5693 -2.525, 4.57 13.1 3.98029, 
      1.57 14.069 -1.025, 1.75923 23.7125 -1.4, 
      0.93408 14.4709 -0.39, 3.69986 23.438 1.84548, 
      0.93 14.069 -1.025, 1.11722 23.7125 -1.4, 
      4.34187 23.438 1.84548, -4.07664 21.5693 -2.525, 
      3.92757 14.425 -0.39, -0.93408 14.4709 -0.39, 
      4.56898 14.4133 -0.39, -0.93 14.069 -1.025, 
      -1.11722 23.7125 -1.4, -1.57 14.069 -1.025, 
      -1.75923 23.7125 -1.4, 1.57243 14.425 -0.39, 
      3.92939 14.3903 -0.39, -3.93 14.069 -1.025, 
      -3.74077 23.7125 -1.4, -4.56592 14.4709 -0.39
    ]
  }

  Normal
  {
    vector
    [
      0.9999 -0.0155 0.0000,-0.9999 0.0160 0.0000,
      0.9998 -0.0175 0.0000,-0.9998 0.0177 0.0000,
      1.0000 0.0000 0.0000,-1.0000 0.0000 0.0000,
      0.9992 -0.0350 0.0000,-0.9992 0.0353 0.0000,
      -0.9999 -0.0155 0.0000,0.9999 0.0160 0.0000,
      -0.9998 -0.0175 0.0000,0.9998 0.0177 0.0000,
      0.9978 -0.0386 0.0000,-0.9978 0.0389 0.0000,
      0.9986 -0.0524 0.0000,-0.9986 0.0530 0.0000,
      -0.9992 -0.0350 0.0000,0.9992 0.0353 0.0000,
      -0.9978 -0.0386 0.0000,0.9978 0.0389 0.0000,
      0.0000 0.0000 -1.0000,0.0000 0.0000 1.0000,
      0.9976 -0.0699 0.0000,-0.9975 0.0706 0.0000,
      -0.9986 -0.0524 0.0000,0.9986 0.0530 0.0000,
      -0.9976 -0.0699 0.0000,0.9975 0.0706 0.0000,
      0.9957 -0.0931 0.0000,-0.9956 0.0933 0.0000,
      -0.9957 -0.0931 0.0000,0.9956 0.0933 0.0000,
      -0.9891 0.1474 0.0000,0.9891 -0.1474 0.0000,
      0.9891 0.1474 0.0000,-0.9891 -0.1474 0.0000,
      0.0000 0.2588 0.9659,0.0000 0.4965 0.8327,
      0.0000 0.5000 0.8660,0.0000 0.9659 -0.2588,
      0.0000 0.2858 -0.9583,0.0000 0.4830 0.8365,
      0.0000 0.9659 0.2588,0.0000 0.4965 -0.8327,
      0.0000 0.5001 -0.8660,0.0000 0.9659 0.0000,
      -0.1474 0.9891 0.0000,0.1474 0.9891 0.0000,
      0.0000 -1.0000 0.0000,0.0000 1.0000 0.0000,
      0.0000 0.2858 0.9583,0.0000 0.4830 -0.8365,
      0.0000 0.2588 -0.9659,0.0000 0.8365 -0.4830,
      0.0000 0.8365 0.4830
    ]
  }

    Node_Info
    {
      fields [SFString node_type, SFString node_name]
      node_type "Poly_Surface"
      node_name ""
    }
    NormalBinding { value PER_VERTEX_INDEXED }
    Separator
    {
      MatrixTransform
      {
      matrix 1.0000 0.0000 0.0000 0.0000
             0.0000 0.0000 1.0000 0.0000
             0.0000 -1.0000 0.0000 0.0000
             -18.1300 0.0000 0.0000 1.0000
      }
      IndexedFaceSet
      {
      coordIndex
      [
        224, 451, 304, -1,
        224, 304, 331, -1,
        224, 331, 1, -1,
        224, 1, 533, -1,
        599, 232, 389, -1,
        389, 232, 251, -1,
        389, 251, 451, -1,
        451, 251, 317, -1,
        451, 317, 509, -1,
        509, 317, 528, -1,
        509, 528, 45, -1,
        45, 528, 490, -1,
        45, 490, 597, -1,
        597, 490, 163, -1,
        597, 163, 120, -1,
        120, 163, 300, -1,
        120, 300, 41, -1,
        494, 115, 36, -1,
        494, 36, 239, -1,
        494, 239, 111, -1,
        494, 111, 251, -1,
        389, 451, 166, -1,
        317, 251, 111, -1,
        304, 451, 509, -1,
        560, 296, 151, -1,
        560, 151, 286, -1,
        560, 286, 64, -1,
        560, 64, 154, -1,
        365, 126, 637, -1,
        637, 126, 413, -1,
        637, 413, 296, -1,
        296, 413, 453, -1,
        296, 453, 363, -1,
        363, 453, 10, -1,
        363, 10, 583, -1,
        583, 10, 554, -1,
        583, 554, 557, -1,
        557, 554, 88, -1,
        557, 88, 214, -1,
        214, 88, 7, -1,
        214, 7, 347, -1,
        179, 472, 626, -1,
        179, 626, 284, -1,
        179, 284, 256, -1,
        179, 256, 413, -1,
        637, 296, 275, -1,
        453, 413, 256, -1,
        151, 296, 363, -1,
        617, 569, 265, -1,
        617, 265, 77, -1,
        617, 77, 394, -1,
        617, 394, 106, -1,
        617, 106, 66, -1,
        617, 66, 211, -1,
        617, 211, 510, -1,
        617, 510, 372, -1,
        316, 441, 219, -1,
        316, 219, 355, -1,
        316, 355, 69, -1,
        316, 69, 545, -1,
        316, 545, 181, -1,
        316, 181, 604, -1,
        316, 604, 522, -1,
        316, 522, 28, -1,
        517, 25, 411, -1,
        517, 411, 462, -1,
        517, 462, 84, -1,
        517, 84, 290, -1,
        517, 290, 650, -1,
        517, 650, 231, -1,
        517, 231, 308, -1,
        517, 308, 131, -1,
        16, 546, 147, -1,
        16, 147, 295, -1,
        428, 338, 11, -1,
        428, 11, 541, -1,
        379, 482, 186, -1,
        379, 186, 72, -1,
        388, 67, 250, -1,
        388, 250, 548, -1,
        388, 548, 606, -1,
        388, 606, 362, -1,
        388, 362, 491, -1,
        388, 491, 199, -1,
        388, 199, 59, -1,
        388, 59, 93, -1,
        228, 454, 330, -1,
        228, 330, 19, -1,
        228, 19, 503, -1,
        228, 503, 592, -1,
        228, 592, 162, -1,
        228, 162, 524, -1,
        228, 524, 60, -1,
        228, 60, 340, -1,
        420, 34, 535, -1,
        420, 535, 139, -1,
        420, 139, 322, -1,
        420, 322, 247, -1,
        420, 247, 2, -1,
        420, 2, 307, -1,
        420, 307, 90, -1,
        420, 90, 480, -1,
        488, 250, 67, -1,
        299, 60, 524, -1,
        538, 90, 307, -1,
        16, 295, 405, -1,
        16, 405, 102, -1,
        428, 541, 395, -1,
        428, 395, 600, -1,
        379, 72, 633, -1,
        379, 633, 236, -1,
        102, 405, 565, -1,
        102, 565, 238, -1,
        600, 395, 278, -1,
        600, 278, 51, -1,
        236, 633, 468, -1,
        236, 468, 99, -1,
        609, 553, 497, -1,
        609, 497, 390, -1,
        609, 390, 97, -1,
        609, 97, 61, -1,
        609, 61, 238, -1,
        609, 238, 565, -1,
        609, 565, 364, -1,
        278, 452, 227, -1,
        278, 227, 344, -1,
        278, 344, 301, -1,
        278, 301, 169, -1,
        278, 169, 596, -1,
        278, 596, 506, -1,
        278, 506, 51, -1,
        99, 468, 33, -1,
        99, 33, 416, -1,
        99, 416, 475, -1,
        99, 475, 531, -1,
        99, 531, 656, -1,
        99, 656, 241, -1,
        99, 241, 319, -1,
        420, 480, 475, -1,
        420, 475, 416, -1,
        34, 420, 416, -1,
        34, 416, 33, -1,
        480, 90, 538, -1,
        480, 538, 531, -1,
        480, 531, 475, -1,
        538, 307, 2, -1,
        538, 2, 656, -1,
        538, 656, 531, -1,
        656, 2, 247, -1,
        656, 247, 241, -1,
        241, 247, 322, -1,
        241, 322, 319, -1,
        228, 340, 344, -1,
        228, 344, 227, -1,
        454, 228, 227, -1,
        454, 227, 452, -1,
        340, 60, 299, -1,
        340, 299, 301, -1,
        340, 301, 344, -1,
        299, 524, 162, -1,
        299, 162, 169, -1,
        299, 169, 301, -1,
        169, 162, 592, -1,
        169, 592, 596, -1,
        596, 592, 503, -1,
        596, 503, 506, -1,
        97, 93, 59, -1,
        97, 59, 61, -1,
        362, 606, 609, -1,
        362, 609, 364, -1,
        390, 388, 93, -1,
        390, 93, 97, -1,
        606, 548, 553, -1,
        606, 553, 609, -1,
        548, 250, 488, -1,
        548, 488, 497, -1,
        548, 497, 553, -1,
        488, 67, 388, -1,
        488, 388, 390, -1,
        488, 390, 497, -1,
        199, 491, 396, -1,
        199, 396, 91, -1,
        19, 330, 403, -1,
        19, 403, 589, -1,
        139, 535, 645, -1,
        139, 645, 249, -1,
        91, 396, 314, -1,
        91, 314, 30, -1,
        589, 403, 513, -1,
        589, 513, 445, -1,
        249, 645, 63, -1,
        249, 63, 368, -1,
        574, 30, 314, -1,
        574, 314, 167, -1,
        358, 445, 513, -1,
        358, 513, 657, -1,
        63, 165, 458, -1,
        63, 458, 368, -1,
        77, 265, 512, -1,
        545, 69, 312, -1,
        290, 84, 515, -1,
        392, 508, 567, -1,
        392, 567, 616, -1,
        392, 616, 370, -1,
        392, 370, 570, -1,
        392, 570, 243, -1,
        392, 243, 65, -1,
        392, 65, 104, -1,
        221, 443, 273, -1,
        221, 273, 57, -1,
        221, 57, 520, -1,
        221, 520, 602, -1,
        221, 602, 177, -1,
        221, 177, 311, -1,
        221, 311, 352, -1,
        412, 27, 460, -1,
        412, 460, 95, -1,
        412, 95, 309, -1,
        412, 309, 234, -1,
        412, 234, 652, -1,
        412, 652, 518, -1,
        412, 518, 466, -1,
        243, 570, 409, -1,
        243, 409, 109, -1,
        57, 273, 393, -1,
        57, 393, 605, -1,
        95, 460, 625, -1,
        95, 625, 229, -1,
        109, 409, 305, -1,
        109, 305, 22, -1,
        605, 393, 526, -1,
        605, 526, 433, -1,
        229, 625, 70, -1,
        229, 70, 376, -1,
        305, 158, 566, -1,
        305, 566, 22, -1,
        526, 3, 351, -1,
        526, 351, 433, -1,
        70, 172, 467, -1,
        70, 467, 376, -1,
        411, 412, 466, -1,
        411, 466, 462, -1,
        25, 27, 412, -1,
        25, 412, 411, -1,
        462, 466, 518, -1,
        462, 518, 515, -1,
        462, 515, 84, -1,
        518, 652, 650, -1,
        518, 650, 290, -1,
        518, 290, 515, -1,
        652, 234, 231, -1,
        652, 231, 650, -1,
        234, 309, 308, -1,
        234, 308, 231, -1,
        219, 221, 352, -1,
        219, 352, 355, -1,
        441, 443, 221, -1,
        441, 221, 219, -1,
        355, 352, 311, -1,
        355, 311, 312, -1,
        355, 312, 69, -1,
        311, 177, 181, -1,
        311, 181, 545, -1,
        311, 545, 312, -1,
        177, 602, 604, -1,
        177, 604, 181, -1,
        602, 520, 522, -1,
        602, 522, 604, -1,
        104, 65, 66, -1,
        104, 66, 106, -1,
        372, 370, 616, -1,
        372, 616, 617, -1,
        392, 104, 106, -1,
        392, 106, 394, -1,
        617, 616, 567, -1,
        617, 567, 569, -1,
        569, 567, 508, -1,
        569, 508, 512, -1,
        569, 512, 265, -1,
        508, 392, 394, -1,
        508, 394, 77, -1,
        508, 77, 512, -1,
        634, 581, 534, -1,
        634, 534, 401, -1,
        634, 401, 118, -1,
        634, 118, 76, -1,
        634, 76, 263, -1,
        634, 263, 587, -1,
        634, 587, 381, -1,
        252, 426, 203, -1,
        252, 203, 369, -1,
        252, 369, 329, -1,
        252, 329, 198, -1,
        252, 198, 615, -1,
        252, 615, 544, -1,
        252, 544, 68, -1,
        439, 13, 404, -1,
        439, 404, 444, -1,
        439, 444, 493, -1,
        439, 493, 639, -1,
        439, 639, 222, -1,
        439, 222, 291, -1,
        439, 291, 85, -1,
        399, 80, 276, -1,
        399, 276, 579, -1,
        399, 579, 631, -1,
        399, 631, 380, -1,
        399, 380, 530, -1,
        399, 530, 223, -1,
        399, 223, 73, -1,
        399, 73, 114, -1,
        207, 427, 302, -1,
        207, 302, 38, -1,
        207, 38, 543, -1,
        207, 543, 614, -1,
        207, 614, 192, -1,
        207, 192, 564, -1,
        207, 564, 75, -1,
        207, 75, 367, -1,
        407, 14, 498, -1,
        407, 498, 117, -1,
        407, 117, 294, -1,
        407, 294, 225, -1,
        407, 225, 643, -1,
        407, 643, 279, -1,
        407, 279, 81, -1,
        407, 81, 448, -1,
        527, 276, 80, -1,
        325, 75, 564, -1,
        499, 81, 279, -1,
        35, 323, 417, -1,
        35, 417, 122, -1,
        456, 502, 386, -1,
        456, 386, 621, -1,
        361, 58, 608, -1,
        361, 608, 217, -1,
        122, 417, 587, -1,
        122, 587, 263, -1,
        621, 386, 252, -1,
        621, 252, 68, -1,
        217, 608, 439, -1,
        217, 439, 85, -1,
        407, 448, 444, -1,
        407, 444, 404, -1,
        14, 407, 404, -1,
        14, 404, 13, -1,
        448, 81, 499, -1,
        448, 499, 493, -1,
        448, 493, 444, -1,
        499, 279, 643, -1,
        499, 643, 639, -1,
        499, 639, 493, -1,
        639, 643, 225, -1,
        639, 225, 222, -1,
        222, 225, 294, -1,
        222, 294, 291, -1,
        207, 367, 369, -1,
        207, 369, 203, -1,
        427, 207, 203, -1,
        427, 203, 426, -1,
        367, 75, 325, -1,
        367, 325, 329, -1,
        367, 329, 369, -1,
        325, 564, 192, -1,
        325, 192, 198, -1,
        325, 198, 329, -1,
        198, 192, 614, -1,
        198, 614, 615, -1,
        615, 614, 543, -1,
        615, 543, 544, -1,
        118, 114, 73, -1,
        118, 73, 76, -1,
        380, 631, 634, -1,
        380, 634, 381, -1,
        401, 399, 114, -1,
        401, 114, 118, -1,
        631, 579, 581, -1,
        631, 581, 634, -1,
        579, 276, 527, -1,
        579, 527, 534, -1,
        579, 534, 581, -1,
        527, 80, 399, -1,
        527, 399, 401, -1,
        527, 401, 534, -1,
        223, 530, 410, -1,
        223, 410, 110, -1,
        38, 302, 391, -1,
        38, 391, 610, -1,
        117, 498, 620, -1,
        117, 620, 226, -1,
        110, 410, 342, -1,
        110, 342, 48, -1,
        610, 391, 477, -1,
        610, 477, 476, -1,
        226, 620, 49, -1,
        226, 49, 343, -1,
        342, 196, 595, -1,
        342, 595, 48, -1,
        378, 476, 477, -1,
        378, 477, 640, -1,
        49, 141, 429, -1,
        49, 429, 343, -1,
        39, 586, 185, -1,
        39, 185, 326, -1,
        647, 496, 461, -1,
        647, 461, 373, -1,
        356, 440, 148, -1,
        356, 148, 56, -1,
        211, 100, 402, -1,
        211, 402, 510, -1,
        28, 598, 397, -1,
        28, 397, 316, -1,
        636, 517, 131, -1,
        636, 131, 237, -1,
        39, 326, 402, -1,
        39, 402, 100, -1,
        461, 496, 397, -1,
        461, 397, 598, -1,
        356, 56, 636, -1,
        356, 636, 237, -1,
        644, 591, 293, -1,
        644, 293, 86, -1,
        644, 86, 408, -1,
        644, 408, 128, -1,
        644, 128, 79, -1,
        644, 79, 230, -1,
        644, 230, 549, -1,
        644, 549, 384, -1,
        289, 419, 190, -1,
        289, 190, 377, -1,
        289, 377, 82, -1,
        289, 82, 577, -1,
        289, 577, 210, -1,
        289, 210, 627, -1,
        289, 627, 562, -1,
        289, 562, 47, -1,
        479, 5, 398, -1,
        479, 398, 431, -1,
        479, 431, 74, -1,
        479, 74, 262, -1,
        479, 262, 628, -1,
        479, 628, 213, -1,
        479, 213, 280, -1,
        479, 280, 107, -1,
        86, 293, 550, -1,
        577, 82, 341, -1,
        262, 74, 478, -1,
        406, 547, 590, -1,
        406, 590, 641, -1,
        406, 641, 383, -1,
        406, 383, 593, -1,
        406, 593, 271, -1,
        406, 271, 78, -1,
        406, 78, 125, -1,
        195, 421, 246, -1,
        195, 246, 71, -1,
        195, 71, 558, -1,
        195, 558, 624, -1,
        195, 624, 205, -1,
        195, 205, 339, -1,
        195, 339, 375, -1,
        8, 430, 83, -1,
        8, 83, 283, -1,
        8, 283, 215, -1,
        8, 215, 632, -1,
        8, 632, 481, -1,
        8, 481, 435, -1,
        8, 435, 400, -1,
        271, 593, 422, -1,
        271, 422, 132, -1,
        71, 246, 382, -1,
        71, 382, 630, -1,
        83, 430, 603, -1,
        83, 603, 208, -1,
        132, 422, 333, -1,
        132, 333, 44, -1,
        630, 382, 487, -1,
        630, 487, 464, -1,
        208, 603, 53, -1,
        208, 53, 353, -1,
        398, 400, 435, -1,
        398, 435, 431, -1,
        5, 8, 400, -1,
        5, 400, 398, -1,
        431, 435, 481, -1,
        431, 481, 478, -1,
        431, 478, 74, -1,
        481, 632, 628, -1,
        481, 628, 262, -1,
        481, 262, 478, -1,
        632, 215, 213, -1,
        632, 213, 628, -1,
        215, 283, 280, -1,
        215, 280, 213, -1,
        190, 195, 375, -1,
        190, 375, 377, -1,
        419, 421, 195, -1,
        419, 195, 190, -1,
        377, 375, 339, -1,
        377, 339, 341, -1,
        377, 341, 82, -1,
        339, 205, 210, -1,
        339, 210, 577, -1,
        339, 577, 341, -1,
        205, 624, 627, -1,
        205, 627, 210, -1,
        624, 558, 562, -1,
        624, 562, 627, -1,
        125, 78, 79, -1,
        125, 79, 128, -1,
        384, 383, 641, -1,
        384, 641, 644, -1,
        406, 125, 128, -1,
        406, 128, 408, -1,
        644, 641, 590, -1,
        644, 590, 591, -1,
        591, 590, 547, -1,
        591, 547, 550, -1,
        591, 550, 293, -1,
        547, 406, 408, -1,
        547, 408, 86, -1,
        547, 86, 550, -1,
        54, 607, 216, -1,
        54, 216, 354, -1,
        623, 463, 492, -1,
        623, 492, 385, -1,
        328, 418, 124, -1,
        328, 124, 42, -1,
        54, 354, 414, -1,
        54, 414, 121, -1,
        492, 463, 387, -1,
        492, 387, 618, -1,
        328, 42, 612, -1,
        328, 612, 218, -1,
        121, 414, 549, -1,
        121, 549, 230, -1,
        618, 387, 289, -1,
        618, 289, 47, -1,
        218, 612, 479, -1,
        218, 479, 107, -1,
        92, 173, 159, -1,
        92, 159, 87, -1,
        94, 101, 187, -1,
        94, 187, 178, -1,
        103, 112, 202, -1,
        103, 202, 189, -1,
        187, 438, 613, -1,
        187, 613, 253, -1,
        202, 424, 601, -1,
        202, 601, 267, -1,
        365, 389, 112, -1,
        365, 112, 103, -1,
        365, 103, 101, -1,
        365, 101, 94, -1,
        365, 94, 92, -1,
        365, 92, 87, -1,
        365, 87, 126, -1,
        94, 142, 137, -1,
        94, 137, 92, -1,
        103, 152, 149, -1,
        103, 149, 101, -1,
        389, 166, 160, -1,
        389, 160, 112, -1,
        126, 87, 129, -1,
        232, 599, 601, -1,
        232, 601, 424, -1,
        232, 424, 235, -1,
        434, 189, 258, -1,
        434, 258, 611, -1,
        202, 267, 258, -1,
        202, 258, 189, -1,
        244, 434, 613, -1,
        244, 613, 438, -1,
        244, 438, 248, -1,
        613, 434, 611, -1,
        465, 159, 233, -1,
        465, 233, 635, -1,
        637, 275, 272, -1,
        637, 272, 465, -1,
        637, 465, 635, -1,
        173, 450, 622, -1,
        173, 622, 240, -1,
        446, 178, 245, -1,
        446, 245, 619, -1,
        601, 599, 267, -1,
        267, 599, 389, -1,
        267, 389, 258, -1,
        258, 389, 253, -1,
        258, 253, 613, -1,
        622, 245, 240, -1,
        240, 245, 389, -1,
        240, 389, 233, -1,
        233, 389, 365, -1,
        233, 365, 637, -1,
        233, 637, 635, -1,
        245, 622, 619, -1,
        258, 613, 611, -1,
        253, 389, 245, -1,
        187, 253, 245, -1,
        187, 245, 178, -1,
        257, 446, 622, -1,
        257, 622, 450, -1,
        257, 450, 261, -1,
        622, 446, 619, -1,
        173, 240, 233, -1,
        173, 233, 159, -1,
        561, 521, 133, -1,
        561, 133, 155, -1,
        26, 6, 348, -1,
        26, 348, 318, -1,
        471, 507, 206, -1,
        471, 206, 176, -1,
        516, 542, 144, -1,
        516, 144, 130, -1,
        315, 336, 15, -1,
        315, 15, 29, -1,
        191, 212, 511, -1,
        191, 511, 484, -1,
        523, 501, 119, -1,
        523, 119, 134, -1,
        321, 306, 37, -1,
        321, 37, 24, -1,
        220, 204, 504, -1,
        220, 504, 525, -1,
        494, 536, 140, -1,
        494, 140, 115, -1,
        18, 41, 300, -1,
        18, 300, 332, -1,
        197, 224, 533, -1,
        197, 533, 489, -1,
        134, 147, 546, -1,
        134, 546, 523, -1,
        338, 321, 24, -1,
        338, 24, 11, -1,
        204, 186, 482, -1,
        204, 482, 504, -1,
        167, 140, 536, -1,
        167, 536, 574, -1,
        332, 358, 657, -1,
        332, 657, 18, -1,
        165, 197, 489, -1,
        165, 489, 458, -1,
        542, 566, 158, -1,
        542, 158, 144, -1,
        3, 15, 336, -1,
        3, 336, 351, -1,
        172, 191, 484, -1,
        172, 484, 467, -1,
        575, 588, 188, -1,
        575, 188, 171, -1,
        360, 374, 646, -1,
        360, 646, 654, -1,
        145, 161, 455, -1,
        145, 455, 437, -1,
        607, 585, 184, -1,
        607, 184, 216, -1,
        385, 371, 648, -1,
        385, 648, 623, -1,
        150, 124, 418, -1,
        150, 418, 442, -1,
        578, 563, 156, -1,
        578, 156, 174, -1,
        4, 653, 366, -1,
        4, 366, 350, -1,
        175, 157, 449, -1,
        175, 449, 469, -1,
        196, 164, 571, -1,
        196, 571, 595, -1,
        357, 378, 640, -1,
        357, 640, 0, -1,
        141, 168, 459, -1,
        141, 459, 429, -1,
        586, 561, 155, -1,
        586, 155, 185, -1,
        6, 647, 373, -1,
        6, 373, 348, -1,
        176, 148, 440, -1,
        176, 440, 471, -1,
        333, 188, 588, -1,
        333, 588, 44, -1,
        374, 464, 487, -1,
        374, 487, 646, -1,
        437, 353, 53, -1,
        437, 53, 145, -1,
        174, 323, 35, -1,
        174, 35, 578, -1,
        456, 366, 653, -1,
        456, 653, 502, -1,
        157, 58, 361, -1,
        157, 361, 449, -1,
        164, 138, 532, -1,
        164, 532, 571, -1,
        0, 20, 327, -1,
        0, 327, 357, -1,
        495, 459, 168, -1,
        495, 168, 201, -1,
        555, 575, 171, -1,
        555, 171, 153, -1,
        654, 9, 345, -1,
        654, 345, 360, -1,
        161, 182, 474, -1,
        161, 474, 455, -1,
        350, 366, 544, -1,
        544, 366, 456, -1,
        544, 456, 68, -1,
        68, 456, 621, -1,
        200, 334, 610, -1,
        200, 610, 476, -1,
        200, 476, 378, -1,
        200, 378, 357, -1,
        200, 357, 327, -1,
        200, 327, 193, -1,
        543, 38, 544, -1,
        544, 38, 610, -1,
        544, 610, 350, -1,
        350, 610, 334, -1,
        469, 449, 291, -1,
        291, 449, 361, -1,
        291, 361, 85, -1,
        85, 361, 217, -1,
        638, 486, 226, -1,
        638, 226, 343, -1,
        638, 343, 429, -1,
        638, 429, 459, -1,
        638, 459, 495, -1,
        638, 495, 642, -1,
        294, 117, 291, -1,
        291, 117, 226, -1,
        291, 226, 469, -1,
        469, 226, 486, -1,
        423, 425, 168, -1,
        423, 168, 141, -1,
        423, 141, 49, -1,
        423, 49, 620, -1,
        423, 620, 194, -1,
        58, 157, 13, -1,
        58, 13, 439, -1,
        58, 439, 608, -1,
        13, 157, 175, -1,
        13, 175, 620, -1,
        13, 620, 498, -1,
        13, 498, 14, -1,
        620, 175, 194, -1,
        168, 425, 201, -1,
        96, 98, 0, -1,
        96, 0, 640, -1,
        96, 640, 477, -1,
        96, 477, 391, -1,
        96, 391, 17, -1,
        502, 653, 426, -1,
        502, 426, 252, -1,
        502, 252, 386, -1,
        426, 653, 4, -1,
        426, 4, 391, -1,
        426, 391, 302, -1,
        426, 302, 427, -1,
        391, 4, 17, -1,
        0, 98, 20, -1,
        55, 52, 164, -1,
        55, 164, 196, -1,
        55, 196, 342, -1,
        55, 342, 410, -1,
        55, 410, 143, -1,
        323, 174, 381, -1,
        323, 381, 587, -1,
        323, 587, 417, -1,
        381, 174, 156, -1,
        381, 156, 410, -1,
        381, 410, 530, -1,
        381, 530, 380, -1,
        410, 156, 143, -1,
        164, 52, 138, -1,
        563, 578, 76, -1,
        76, 578, 35, -1,
        76, 35, 263, -1,
        263, 35, 122, -1,
        281, 540, 110, -1,
        281, 110, 48, -1,
        281, 48, 595, -1,
        281, 595, 571, -1,
        281, 571, 532, -1,
        281, 532, 277, -1,
        73, 223, 76, -1,
        76, 223, 110, -1,
        76, 110, 563, -1,
        563, 110, 540, -1,
        183, 318, 348, -1,
        183, 348, 373, -1,
        183, 373, 461, -1,
        183, 461, 315, -1,
        183, 315, 180, -1,
        598, 28, 520, -1,
        598, 520, 351, -1,
        598, 351, 336, -1,
        598, 336, 315, -1,
        598, 315, 461, -1,
        57, 605, 433, -1,
        57, 433, 351, -1,
        57, 351, 520, -1,
        520, 28, 522, -1,
        649, 507, 471, -1,
        649, 471, 440, -1,
        649, 440, 356, -1,
        649, 356, 511, -1,
        649, 511, 651, -1,
        237, 131, 309, -1,
        237, 309, 467, -1,
        237, 467, 484, -1,
        237, 484, 511, -1,
        237, 511, 356, -1,
        95, 229, 376, -1,
        95, 376, 467, -1,
        95, 467, 309, -1,
        309, 131, 308, -1,
        432, 436, 56, -1,
        432, 56, 148, -1,
        432, 148, 176, -1,
        432, 176, 206, -1,
        636, 56, 436, -1,
        636, 436, 212, -1,
        636, 212, 191, -1,
        636, 191, 172, -1,
        636, 172, 27, -1,
        636, 27, 517, -1,
        460, 27, 172, -1,
        460, 172, 70, -1,
        460, 70, 625, -1,
        517, 27, 25, -1,
        105, 108, 496, -1,
        105, 496, 647, -1,
        105, 647, 6, -1,
        105, 6, 26, -1,
        397, 496, 108, -1,
        397, 108, 29, -1,
        397, 29, 15, -1,
        397, 15, 3, -1,
        397, 3, 443, -1,
        397, 443, 316, -1,
        273, 443, 3, -1,
        273, 3, 526, -1,
        273, 526, 393, -1,
        316, 443, 441, -1,
        50, 46, 326, -1,
        50, 326, 185, -1,
        50, 185, 155, -1,
        50, 155, 133, -1,
        402, 326, 46, -1,
        402, 46, 130, -1,
        402, 130, 144, -1,
        402, 144, 158, -1,
        402, 158, 370, -1,
        402, 370, 510, -1,
        570, 370, 158, -1,
        570, 158, 305, -1,
        570, 305, 409, -1,
        510, 370, 372, -1,
        268, 521, 561, -1,
        268, 561, 586, -1,
        268, 586, 39, -1,
        268, 39, 516, -1,
        268, 516, 264, -1,
        100, 211, 65, -1,
        100, 65, 566, -1,
        100, 566, 542, -1,
        100, 542, 516, -1,
        100, 516, 39, -1,
        243, 109, 22, -1,
        243, 22, 566, -1,
        243, 566, 65, -1,
        65, 211, 66, -1,
        321, 338, 506, -1,
        506, 338, 428, -1,
        506, 428, 51, -1,
        51, 428, 600, -1,
        170, 306, 589, -1,
        170, 589, 445, -1,
        170, 445, 358, -1,
        170, 358, 332, -1,
        170, 332, 300, -1,
        170, 300, 163, -1,
        503, 19, 506, -1,
        506, 19, 589, -1,
        506, 589, 321, -1,
        321, 589, 306, -1,
        504, 482, 319, -1,
        319, 482, 379, -1,
        319, 379, 99, -1,
        99, 379, 236, -1,
        655, 525, 249, -1,
        655, 249, 368, -1,
        655, 368, 458, -1,
        655, 458, 489, -1,
        655, 489, 533, -1,
        655, 533, 1, -1,
        322, 139, 319, -1,
        319, 139, 249, -1,
        319, 249, 504, -1,
        504, 249, 525, -1,
        447, 451, 197, -1,
        447, 197, 165, -1,
        447, 165, 63, -1,
        447, 63, 645, -1,
        447, 645, 220, -1,
        72, 186, 33, -1,
        72, 33, 468, -1,
        72, 468, 633, -1,
        33, 186, 204, -1,
        33, 204, 645, -1,
        33, 645, 535, -1,
        33, 535, 34, -1,
        645, 204, 220, -1,
        197, 451, 224, -1,
        116, 120, 18, -1,
        116, 18, 657, -1,
        116, 657, 513, -1,
        116, 513, 403, -1,
        116, 403, 37, -1,
        541, 11, 452, -1,
        541, 452, 278, -1,
        541, 278, 395, -1,
        452, 11, 24, -1,
        452, 24, 403, -1,
        452, 403, 330, -1,
        452, 330, 454, -1,
        403, 24, 37, -1,
        18, 120, 41, -1,
        40, 36, 140, -1,
        40, 140, 167, -1,
        40, 167, 314, -1,
        40, 314, 396, -1,
        40, 396, 119, -1,
        295, 147, 364, -1,
        295, 364, 565, -1,
        295, 565, 405, -1,
        364, 147, 134, -1,
        364, 134, 396, -1,
        364, 396, 491, -1,
        364, 491, 362, -1,
        396, 134, 119, -1,
        140, 36, 115, -1,
        523, 546, 61, -1,
        61, 546, 16, -1,
        61, 16, 238, -1,
        238, 16, 102, -1,
        254, 501, 91, -1,
        254, 91, 30, -1,
        254, 30, 574, -1,
        254, 574, 536, -1,
        254, 536, 494, -1,
        254, 494, 251, -1,
        59, 199, 61, -1,
        61, 199, 91, -1,
        61, 91, 523, -1,
        523, 91, 501, -1,
        143, 156, 563, -1,
        143, 563, 540, -1,
        17, 4, 350, -1,
        17, 350, 334, -1,
        469, 486, 194, -1,
        469, 194, 175, -1,
        214, 347, 371, -1,
        214, 371, 385, -1,
        214, 385, 492, -1,
        214, 492, 345, -1,
        214, 345, 209, -1,
        618, 47, 558, -1,
        618, 558, 374, -1,
        618, 374, 360, -1,
        618, 360, 345, -1,
        618, 345, 492, -1,
        71, 630, 464, -1,
        71, 464, 374, -1,
        71, 374, 558, -1,
        558, 47, 562, -1,
        626, 472, 442, -1,
        626, 442, 418, -1,
        626, 418, 328, -1,
        626, 328, 474, -1,
        626, 474, 629, -1,
        218, 107, 283, -1,
        218, 283, 437, -1,
        218, 437, 455, -1,
        218, 455, 474, -1,
        218, 474, 328, -1,
        83, 208, 353, -1,
        83, 353, 437, -1,
        83, 437, 283, -1,
        283, 107, 280, -1,
        413, 415, 42, -1,
        413, 42, 124, -1,
        413, 124, 150, -1,
        413, 150, 179, -1,
        612, 42, 415, -1,
        612, 415, 182, -1,
        612, 182, 161, -1,
        612, 161, 145, -1,
        612, 145, 8, -1,
        612, 8, 479, -1,
        430, 8, 145, -1,
        430, 145, 53, -1,
        430, 53, 603, -1,
        479, 8, 5, -1,
        88, 89, 463, -1,
        88, 463, 623, -1,
        88, 623, 648, -1,
        88, 648, 7, -1,
        387, 463, 89, -1,
        387, 89, 9, -1,
        387, 9, 654, -1,
        387, 654, 646, -1,
        387, 646, 421, -1,
        387, 421, 289, -1,
        246, 421, 646, -1,
        246, 646, 487, -1,
        246, 487, 382, -1,
        289, 421, 419, -1,
        64, 62, 354, -1,
        64, 354, 216, -1,
        64, 216, 184, -1,
        64, 184, 154, -1,
        414, 354, 62, -1,
        414, 62, 153, -1,
        414, 153, 171, -1,
        414, 171, 188, -1,
        414, 188, 383, -1,
        414, 383, 549, -1,
        593, 383, 188, -1,
        593, 188, 333, -1,
        593, 333, 422, -1,
        549, 383, 384, -1,
        296, 560, 585, -1,
        296, 585, 607, -1,
        296, 607, 54, -1,
        296, 54, 555, -1,
        296, 555, 292, -1,
        121, 230, 78, -1,
        121, 78, 588, -1,
        121, 588, 575, -1,
        121, 575, 555, -1,
        121, 555, 54, -1,
        271, 132, 44, -1,
        271, 44, 588, -1,
        271, 588, 78, -1,
        78, 230, 79, -1,
        585, 560, 154, -1,
        585, 154, 184, -1,
        7, 648, 371, -1,
        7, 371, 347, -1,
        179, 150, 442, -1,
        179, 442, 472, -1,
        201, 425, 274, -1,
        201, 274, 303, -1,
        201, 303, 642, -1,
        201, 642, 495, -1,
        178, 257, 94, -1,
        94, 257, 277, -1,
        94, 277, 425, -1,
        425, 277, 346, -1,
        425, 346, 473, -1,
        473, 346, 568, -1,
        473, 568, 23, -1,
        23, 568, 529, -1,
        23, 529, 576, -1,
        576, 529, 193, -1,
        576, 193, 98, -1,
        98, 193, 327, -1,
        98, 327, 20, -1,
        532, 138, 52, -1,
        532, 52, 266, -1,
        532, 266, 135, -1,
        532, 135, 277, -1,
        257, 178, 446, -1,
        94, 425, 142, -1,
        346, 277, 135, -1,
        274, 425, 473, -1,
        182, 415, 260, -1,
        182, 260, 287, -1,
        182, 287, 629, -1,
        182, 629, 474, -1,
        159, 272, 87, -1,
        87, 272, 292, -1,
        87, 292, 415, -1,
        415, 292, 359, -1,
        415, 359, 457, -1,
        457, 359, 580, -1,
        457, 580, 12, -1,
        12, 580, 552, -1,
        12, 552, 559, -1,
        559, 552, 209, -1,
        559, 209, 89, -1,
        89, 209, 345, -1,
        89, 345, 9, -1,
        555, 153, 62, -1,
        555, 62, 282, -1,
        555, 282, 146, -1,
        555, 146, 292, -1,
        272, 159, 465, -1,
        87, 415, 129, -1,
        359, 292, 146, -1,
        260, 415, 457, -1,
        126, 129, 415, -1,
        126, 415, 413, -1,
        626, 629, 287, -1,
        626, 287, 284, -1,
        284, 287, 260, -1,
        284, 260, 256, -1,
        256, 260, 457, -1,
        256, 457, 453, -1,
        453, 457, 12, -1,
        453, 12, 10, -1,
        10, 12, 559, -1,
        10, 559, 554, -1,
        554, 559, 89, -1,
        554, 89, 88, -1,
        296, 292, 272, -1,
        296, 272, 275, -1,
        214, 209, 552, -1,
        214, 552, 557, -1,
        557, 552, 580, -1,
        557, 580, 583, -1,
        583, 580, 359, -1,
        583, 359, 363, -1,
        363, 359, 146, -1,
        363, 146, 151, -1,
        151, 146, 282, -1,
        151, 282, 286, -1,
        286, 282, 62, -1,
        286, 62, 64, -1,
        540, 281, 136, -1,
        540, 136, 269, -1,
        540, 269, 55, -1,
        540, 55, 143, -1,
        173, 137, 450, -1,
        450, 137, 423, -1,
        450, 423, 281, -1,
        281, 423, 470, -1,
        281, 470, 349, -1,
        349, 470, 21, -1,
        349, 21, 572, -1,
        572, 21, 573, -1,
        572, 573, 539, -1,
        539, 573, 96, -1,
        539, 96, 200, -1,
        200, 96, 17, -1,
        200, 17, 334, -1,
        194, 486, 638, -1,
        194, 638, 297, -1,
        194, 297, 270, -1,
        194, 270, 423, -1,
        137, 173, 92, -1,
        450, 281, 261, -1,
        470, 423, 270, -1,
        136, 281, 349, -1,
        137, 142, 425, -1,
        137, 425, 423, -1,
        638, 642, 303, -1,
        638, 303, 297, -1,
        297, 303, 274, -1,
        297, 274, 270, -1,
        270, 274, 473, -1,
        270, 473, 470, -1,
        470, 473, 23, -1,
        470, 23, 21, -1,
        21, 23, 576, -1,
        21, 576, 573, -1,
        573, 576, 98, -1,
        573, 98, 96, -1,
        281, 277, 257, -1,
        281, 257, 261, -1,
        200, 193, 529, -1,
        200, 529, 539, -1,
        539, 529, 568, -1,
        539, 568, 572, -1,
        572, 568, 346, -1,
        572, 346, 349, -1,
        349, 346, 135, -1,
        349, 135, 136, -1,
        136, 135, 266, -1,
        136, 266, 269, -1,
        269, 266, 52, -1,
        269, 52, 55, -1,
        501, 254, 113, -1,
        501, 113, 242, -1,
        501, 242, 40, -1,
        501, 40, 119, -1,
        202, 160, 424, -1,
        424, 160, 447, -1,
        424, 447, 254, -1,
        254, 447, 505, -1,
        254, 505, 320, -1,
        320, 505, 43, -1,
        320, 43, 537, -1,
        537, 43, 594, -1,
        537, 594, 500, -1,
        500, 594, 116, -1,
        500, 116, 170, -1,
        170, 116, 37, -1,
        170, 37, 306, -1,
        220, 525, 655, -1,
        220, 655, 324, -1,
        220, 324, 298, -1,
        220, 298, 447, -1,
        160, 202, 112, -1,
        424, 254, 235, -1,
        505, 447, 298, -1,
        113, 254, 320, -1,
        166, 451, 447, -1,
        166, 447, 160, -1,
        1, 331, 324, -1,
        1, 324, 655, -1,
        331, 304, 298, -1,
        331, 298, 324, -1,
        304, 509, 505, -1,
        304, 505, 298, -1,
        509, 45, 43, -1,
        509, 43, 505, -1,
        45, 597, 594, -1,
        45, 594, 43, -1,
        597, 120, 116, -1,
        597, 116, 594, -1,
        251, 232, 235, -1,
        251, 235, 254, -1,
        163, 490, 500, -1,
        163, 500, 170, -1,
        490, 528, 537, -1,
        490, 537, 500, -1,
        528, 317, 320, -1,
        528, 320, 537, -1,
        317, 111, 113, -1,
        317, 113, 320, -1,
        111, 239, 242, -1,
        111, 242, 113, -1,
        239, 36, 40, -1,
        239, 40, 242, -1,
        521, 268, 127, -1,
        521, 127, 259, -1,
        521, 259, 50, -1,
        521, 50, 133, -1,
        187, 149, 438, -1,
        438, 149, 432, -1,
        438, 432, 268, -1,
        268, 432, 483, -1,
        268, 483, 337, -1,
        337, 483, 31, -1,
        337, 31, 556, -1,
        556, 31, 582, -1,
        556, 582, 519, -1,
        519, 582, 105, -1,
        519, 105, 183, -1,
        183, 105, 26, -1,
        183, 26, 318, -1,
        206, 507, 649, -1,
        206, 649, 310, -1,
        206, 310, 285, -1,
        206, 285, 432, -1,
        149, 187, 101, -1,
        438, 268, 248, -1,
        483, 432, 285, -1,
        127, 268, 337, -1,
        212, 436, 288, -1,
        212, 288, 313, -1,
        212, 313, 651, -1,
        212, 651, 511, -1,
        189, 244, 103, -1,
        103, 244, 264, -1,
        103, 264, 436, -1,
        436, 264, 335, -1,
        436, 335, 485, -1,
        485, 335, 551, -1,
        485, 551, 32, -1,
        32, 551, 514, -1,
        32, 514, 584, -1,
        584, 514, 180, -1,
        584, 180, 108, -1,
        108, 180, 315, -1,
        108, 315, 29, -1,
        516, 130, 46, -1,
        516, 46, 255, -1,
        516, 255, 123, -1,
        516, 123, 264, -1,
        244, 189, 434, -1,
        103, 436, 152, -1,
        335, 264, 123, -1,
        288, 436, 485, -1,
        149, 152, 436, -1,
        149, 436, 432, -1,
        651, 313, 310, -1,
        651, 310, 649, -1,
        313, 288, 285, -1,
        313, 285, 310, -1,
        285, 288, 485, -1,
        285, 485, 483, -1,
        483, 485, 32, -1,
        483, 32, 31, -1,
        31, 32, 584, -1,
        31, 584, 582, -1,
        582, 584, 108, -1,
        582, 108, 105, -1,
        268, 264, 244, -1,
        268, 244, 248, -1,
        183, 180, 514, -1,
        183, 514, 519, -1,
        519, 514, 551, -1,
        519, 551, 556, -1,
        556, 551, 335, -1,
        556, 335, 337, -1,
        337, 335, 123, -1,
        337, 123, 127, -1,
        127, 123, 255, -1,
        127, 255, 259, -1,
        259, 255, 46, -1,
        259, 46, 50, -1
          ]
      normalIndex
      [
5, 5, 5, -1,
        5, 5, 5, -1,
        5, 5, 5, -1,
        5, 5, 5, -1,
        5, 5, 5, -1,
        5, 5, 5, -1,
        5, 5, 5, -1,
        5, 5, 5, -1,
        5, 5, 5, -1,
        5, 5, 5, -1,
        5, 5, 5, -1,
        5, 5, 5, -1,
        5, 5, 5, -1,
        5, 5, 5, -1,
        5, 5, 5, -1,
        5, 5, 5, -1,
        5, 5, 5, -1,
        5, 5, 5, -1,
        5, 5, 5, -1,
        5, 5, 5, -1,
        5, 5, 5, -1,
        5, 5, 5, -1,
        5, 5, 5, -1,
        5, 5, 5, -1,
        4, 4, 4, -1,
        4, 4, 4, -1,
        4, 4, 4, -1,
        4, 4, 4, -1,
        4, 4, 4, -1,
        4, 4, 4, -1,
        4, 4, 4, -1,
        4, 4, 4, -1,
        4, 4, 4, -1,
        4, 4, 4, -1,
        4, 4, 4, -1,
        4, 4, 4, -1,
        4, 4, 4, -1,
        4, 4, 4, -1,
        4, 4, 4, -1,
        4, 4, 4, -1,
        4, 4, 4, -1,
        4, 4, 4, -1,
        4, 4, 4, -1,
        4, 4, 4, -1,
        4, 4, 4, -1,
        4, 4, 4, -1,
        4, 4, 4, -1,
        4, 4, 4, -1,
        33, 33, 33, -1,
        33, 33, 33, -1,
        33, 33, 33, -1,
        33, 33, 33, -1,
        33, 33, 33, -1,
        33, 33, 33, -1,
        33, 33, 33, -1,
        33, 33, 33, -1,
        33, 33, 33, -1,
        33, 33, 33, -1,
        33, 33, 33, -1,
        33, 33, 33, -1,
        33, 33, 33, -1,
        33, 33, 33, -1,
        33, 33, 33, -1,
        33, 33, 33, -1,
        33, 33, 33, -1,
        33, 33, 33, -1,
        33, 33, 33, -1,
        33, 33, 33, -1,
        33, 33, 33, -1,
        33, 33, 33, -1,
        33, 33, 33, -1,
        33, 33, 33, -1,
        22, 22, 22, -1,
        22, 22, 22, -1,
        22, 22, 22, -1,
        22, 22, 22, -1,
        22, 22, 22, -1,
        22, 22, 22, -1,
        35, 35, 35, -1,
        35, 35, 35, -1,
        35, 35, 35, -1,
        35, 35, 35, -1,
        35, 35, 35, -1,
        35, 35, 35, -1,
        35, 35, 35, -1,
        35, 35, 35, -1,
        35, 35, 35, -1,
        35, 35, 35, -1,
        35, 35, 35, -1,
        35, 35, 35, -1,
        35, 35, 35, -1,
        35, 35, 35, -1,
        35, 35, 35, -1,
        35, 35, 35, -1,
        35, 35, 35, -1,
        35, 35, 35, -1,
        35, 35, 35, -1,
        35, 35, 35, -1,
        35, 35, 35, -1,
        35, 35, 35, -1,
        35, 35, 35, -1,
        35, 35, 35, -1,
        46, 46, 46, -1,
        46, 46, 46, -1,
        46, 46, 46, -1,
        0, 0, 19, -1,
        0, 19, 19, -1,
        0, 0, 19, -1,
        0, 19, 19, -1,
        0, 0, 19, -1,
        0, 19, 19, -1,
        19, 19, 31, -1,
        19, 31, 31, -1,
        19, 19, 31, -1,
        19, 31, 31, -1,
        19, 19, 31, -1,
        19, 31, 31, -1,
        34, 34, 34, -1,
        34, 34, 34, -1,
        34, 34, 34, -1,
        34, 34, 34, -1,
        34, 34, 34, -1,
        34, 34, 34, -1,
        34, 34, 34, -1,
        34, 34, 34, -1,
        34, 34, 34, -1,
        34, 34, 34, -1,
        34, 34, 34, -1,
        34, 34, 34, -1,
        34, 34, 34, -1,
        34, 34, 34, -1,
        34, 34, 34, -1,
        34, 34, 34, -1,
        34, 34, 34, -1,
        34, 34, 34, -1,
        34, 34, 34, -1,
        34, 34, 34, -1,
        34, 34, 34, -1,
        51, 53, 53, -1,
        51, 53, 51, -1,
        52, 51, 51, -1,
        52, 51, 52, -1,
        53, 39, 45, -1,
        53, 45, 45, -1,
        53, 45, 53, -1,
        45, 42, 54, -1,
        45, 54, 54, -1,
        45, 54, 45, -1,
        54, 54, 41, -1,
        54, 41, 41, -1,
        41, 41, 36, -1,
        41, 36, 36, -1,
        51, 53, 53, -1,
        51, 53, 51, -1,
        52, 51, 51, -1,
        52, 51, 52, -1,
        53, 39, 45, -1,
        53, 45, 45, -1,
        53, 45, 53, -1,
        45, 42, 54, -1,
        45, 54, 54, -1,
        45, 54, 45, -1,
        54, 54, 41, -1,
        54, 41, 41, -1,
        41, 41, 36, -1,
        41, 36, 36, -1,
        41, 41, 36, -1,
        41, 36, 36, -1,
        52, 51, 51, -1,
        52, 51, 52, -1,
        54, 54, 41, -1,
        54, 41, 41, -1,
        51, 53, 53, -1,
        51, 53, 51, -1,
        53, 39, 45, -1,
        53, 45, 45, -1,
        53, 45, 53, -1,
        45, 42, 54, -1,
        45, 54, 54, -1,
        45, 54, 45, -1,
        30, 30, 18, -1,
        30, 18, 18, -1,
        30, 30, 18, -1,
        30, 18, 18, -1,
        30, 30, 18, -1,
        30, 18, 18, -1,
        18, 18, 1, -1,
        18, 1, 1, -1,
        18, 18, 1, -1,
        18, 1, 1, -1,
        18, 18, 1, -1,
        18, 1, 1, -1,
        23, 23, 23, -1,
        23, 23, 23, -1,
        23, 23, 23, -1,
        23, 23, 23, -1,
        23, 23, 23, -1,
        23, 23, 23, -1,
        47, 47, 47, -1,
        47, 47, 47, -1,
        47, 47, 47, -1,
        32, 32, 32, -1,
        32, 32, 32, -1,
        32, 32, 32, -1,
        32, 32, 32, -1,
        32, 32, 32, -1,
        32, 32, 32, -1,
        32, 32, 32, -1,
        32, 32, 32, -1,
        32, 32, 32, -1,
        32, 32, 32, -1,
        32, 32, 32, -1,
        32, 32, 32, -1,
        32, 32, 32, -1,
        32, 32, 32, -1,
        32, 32, 32, -1,
        32, 32, 32, -1,
        32, 32, 32, -1,
        32, 32, 32, -1,
        32, 32, 32, -1,
        32, 32, 32, -1,
        32, 32, 32, -1,
        29, 29, 13, -1,
        29, 13, 13, -1,
        29, 29, 13, -1,
        29, 13, 13, -1,
        29, 29, 13, -1,
        29, 13, 13, -1,
        13, 13, 8, -1,
        13, 8, 8, -1,
        13, 13, 8, -1,
        13, 8, 8, -1,
        13, 13, 8, -1,
        13, 8, 8, -1,
        26, 26, 26, -1,
        26, 26, 26, -1,
        26, 26, 26, -1,
        26, 26, 26, -1,
        26, 26, 26, -1,
        26, 26, 26, -1,
        51, 51, 53, -1,
        51, 53, 53, -1,
        52, 52, 51, -1,
        52, 51, 51, -1,
        53, 53, 45, -1,
        53, 45, 45, -1,
        53, 45, 39, -1,
        45, 54, 54, -1,
        45, 54, 42, -1,
        45, 42, 45, -1,
        54, 41, 41, -1,
        54, 41, 54, -1,
        41, 36, 36, -1,
        41, 36, 41, -1,
        51, 51, 53, -1,
        51, 53, 53, -1,
        52, 52, 51, -1,
        52, 51, 51, -1,
        53, 53, 45, -1,
        53, 45, 45, -1,
        53, 45, 39, -1,
        45, 54, 54, -1,
        45, 54, 42, -1,
        45, 42, 45, -1,
        54, 41, 41, -1,
        54, 41, 54, -1,
        41, 36, 36, -1,
        41, 36, 41, -1,
        41, 36, 36, -1,
        41, 36, 41, -1,
        52, 52, 51, -1,
        52, 51, 51, -1,
        54, 41, 41, -1,
        54, 41, 54, -1,
        51, 51, 53, -1,
        51, 53, 53, -1,
        53, 53, 45, -1,
        53, 45, 45, -1,
        53, 45, 39, -1,
        45, 54, 54, -1,
        45, 54, 42, -1,
        45, 42, 45, -1,
        34, 34, 34, -1,
        34, 34, 34, -1,
        34, 34, 34, -1,
        34, 34, 34, -1,
        34, 34, 34, -1,
        34, 34, 34, -1,
        34, 34, 34, -1,
        34, 34, 34, -1,
        34, 34, 34, -1,
        34, 34, 34, -1,
        34, 34, 34, -1,
        34, 34, 34, -1,
        34, 34, 34, -1,
        34, 34, 34, -1,
        34, 34, 34, -1,
        34, 34, 34, -1,
        34, 34, 34, -1,
        34, 34, 34, -1,
        34, 34, 34, -1,
        34, 34, 34, -1,
        34, 34, 34, -1,
        35, 35, 35, -1,
        35, 35, 35, -1,
        35, 35, 35, -1,
        35, 35, 35, -1,
        35, 35, 35, -1,
        35, 35, 35, -1,
        35, 35, 35, -1,
        35, 35, 35, -1,
        35, 35, 35, -1,
        35, 35, 35, -1,
        35, 35, 35, -1,
        35, 35, 35, -1,
        35, 35, 35, -1,
        35, 35, 35, -1,
        35, 35, 35, -1,
        35, 35, 35, -1,
        35, 35, 35, -1,
        35, 35, 35, -1,
        35, 35, 35, -1,
        35, 35, 35, -1,
        35, 35, 35, -1,
        35, 35, 35, -1,
        35, 35, 35, -1,
        35, 35, 35, -1,
        46, 46, 46, -1,
        46, 46, 46, -1,
        46, 46, 46, -1,
        0, 0, 19, -1,
        0, 19, 19, -1,
        0, 0, 19, -1,
        0, 19, 19, -1,
        0, 0, 19, -1,
        0, 19, 19, -1,
        19, 19, 31, -1,
        19, 31, 31, -1,
        19, 19, 31, -1,
        19, 31, 31, -1,
        19, 19, 31, -1,
        19, 31, 31, -1,
        51, 53, 53, -1,
        51, 53, 51, -1,
        52, 51, 51, -1,
        52, 51, 52, -1,
        53, 39, 45, -1,
        53, 45, 45, -1,
        53, 45, 53, -1,
        45, 42, 54, -1,
        45, 54, 54, -1,
        45, 54, 45, -1,
        54, 54, 41, -1,
        54, 41, 41, -1,
        41, 41, 36, -1,
        41, 36, 36, -1,
        51, 53, 53, -1,
        51, 53, 51, -1,
        52, 51, 51, -1,
        52, 51, 52, -1,
        53, 39, 45, -1,
        53, 45, 45, -1,
        53, 45, 53, -1,
        45, 42, 54, -1,
        45, 54, 54, -1,
        45, 54, 45, -1,
        54, 54, 41, -1,
        54, 41, 41, -1,
        41, 41, 36, -1,
        41, 36, 36, -1,
        41, 41, 36, -1,
        41, 36, 36, -1,
        52, 51, 51, -1,
        52, 51, 52, -1,
        54, 54, 41, -1,
        54, 41, 41, -1,
        51, 53, 53, -1,
        51, 53, 51, -1,
        53, 39, 45, -1,
        53, 45, 45, -1,
        53, 45, 53, -1,
        45, 42, 54, -1,
        45, 54, 54, -1,
        45, 54, 45, -1,
        30, 30, 18, -1,
        30, 18, 18, -1,
        30, 30, 18, -1,
        30, 18, 18, -1,
        30, 30, 18, -1,
        30, 18, 18, -1,
        18, 18, 1, -1,
        18, 1, 1, -1,
        18, 18, 1, -1,
        18, 1, 1, -1,
        18, 18, 1, -1,
        18, 1, 1, -1,
        23, 23, 23, -1,
        23, 23, 23, -1,
        23, 23, 23, -1,
        23, 23, 23, -1,
        23, 23, 23, -1,
        23, 23, 23, -1,
        27, 27, 27, -1,
        27, 27, 27, -1,
        27, 27, 27, -1,
        27, 27, 27, -1,
        27, 27, 27, -1,
        27, 27, 27, -1,
        28, 12, 12, -1,
        28, 12, 28, -1,
        28, 12, 12, -1,
        28, 12, 28, -1,
        12, 28, 28, -1,
        12, 28, 12, -1,
        9, 9, 12, -1,
        9, 12, 12, -1,
        9, 9, 12, -1,
        9, 12, 12, -1,
        9, 9, 12, -1,
        9, 12, 12, -1,
        33, 33, 33, -1,
        33, 33, 33, -1,
        33, 33, 33, -1,
        33, 33, 33, -1,
        33, 33, 33, -1,
        33, 33, 33, -1,
        33, 33, 33, -1,
        33, 33, 33, -1,
        33, 33, 33, -1,
        33, 33, 33, -1,
        33, 33, 33, -1,
        33, 33, 33, -1,
        33, 33, 33, -1,
        33, 33, 33, -1,
        33, 33, 33, -1,
        33, 33, 33, -1,
        33, 33, 33, -1,
        33, 33, 33, -1,
        33, 33, 33, -1,
        33, 33, 33, -1,
        33, 33, 33, -1,
        33, 33, 33, -1,
        33, 33, 33, -1,
        33, 33, 33, -1,
        47, 47, 47, -1,
        47, 47, 47, -1,
        47, 47, 47, -1,
        32, 32, 32, -1,
        32, 32, 32, -1,
        32, 32, 32, -1,
        32, 32, 32, -1,
        32, 32, 32, -1,
        32, 32, 32, -1,
        32, 32, 32, -1,
        32, 32, 32, -1,
        32, 32, 32, -1,
        32, 32, 32, -1,
        32, 32, 32, -1,
        32, 32, 32, -1,
        32, 32, 32, -1,
        32, 32, 32, -1,
        32, 32, 32, -1,
        32, 32, 32, -1,
        32, 32, 32, -1,
        32, 32, 32, -1,
        32, 32, 32, -1,
        32, 32, 32, -1,
        32, 32, 32, -1,
        29, 29, 13, -1,
        29, 13, 13, -1,
        29, 29, 13, -1,
        29, 13, 13, -1,
        29, 29, 13, -1,
        29, 13, 13, -1,
        13, 13, 8, -1,
        13, 8, 8, -1,
        13, 13, 8, -1,
        13, 8, 8, -1,
        13, 13, 8, -1,
        13, 8, 8, -1,
        51, 51, 53, -1,
        51, 53, 53, -1,
        52, 52, 51, -1,
        52, 51, 51, -1,
        53, 53, 45, -1,
        53, 45, 45, -1,
        53, 45, 39, -1,
        45, 54, 54, -1,
        45, 54, 42, -1,
        45, 42, 45, -1,
        54, 41, 41, -1,
        54, 41, 54, -1,
        41, 36, 36, -1,
        41, 36, 41, -1,
        51, 51, 53, -1,
        51, 53, 53, -1,
        52, 52, 51, -1,
        52, 51, 51, -1,
        53, 53, 45, -1,
        53, 45, 45, -1,
        53, 45, 39, -1,
        45, 54, 54, -1,
        45, 54, 42, -1,
        45, 42, 45, -1,
        54, 41, 41, -1,
        54, 41, 54, -1,
        41, 36, 36, -1,
        41, 36, 41, -1,
        41, 36, 36, -1,
        41, 36, 41, -1,
        52, 52, 51, -1,
        52, 51, 51, -1,
        54, 41, 41, -1,
        54, 41, 54, -1,
        51, 51, 53, -1,
        51, 53, 53, -1,
        53, 53, 45, -1,
        53, 45, 45, -1,
        53, 45, 39, -1,
        45, 54, 54, -1,
        45, 54, 42, -1,
        45, 42, 45, -1,
        27, 27, 27, -1,
        27, 27, 27, -1,
        27, 27, 27, -1,
        27, 27, 27, -1,
        27, 27, 27, -1,
        27, 27, 27, -1,
        9, 9, 12, -1,
        9, 12, 12, -1,
        9, 9, 12, -1,
        9, 12, 12, -1,
        9, 9, 12, -1,
        9, 12, 12, -1,
        12, 12, 28, -1,
        12, 28, 28, -1,
        12, 12, 28, -1,
        12, 28, 28, -1,
        12, 12, 28, -1,
        12, 28, 28, -1,
        49, 49, 49, -1,
        49, 49, 49, -1,
        49, 49, 49, -1,
        49, 49, 49, -1,
        49, 49, 49, -1,
        49, 49, 49, -1,
        4, 4, 4, -1,
        4, 4, 4, -1,
        4, 4, 4, -1,
        4, 4, 4, -1,
        44, 44, 44, -1,
        44, 44, 44, -1,
        44, 44, 44, -1,
        44, 44, 44, -1,
        44, 44, 44, -1,
        44, 44, 44, -1,
        44, 44, 44, -1,
        44, 44, 44, -1,
        44, 44, 44, -1,
        44, 44, 44, -1,
        44, 44, 44, -1,
        44, 44, 44, -1,
        44, 44, 44, -1,
        44, 44, 44, -1,
        38, 38, 38, -1,
        38, 38, 38, -1,
        38, 38, 38, -1,
        5, 5, 5, -1,
        5, 5, 5, -1,
        21, 21, 21, -1,
        21, 21, 21, -1,
        38, 38, 38, -1,
        38, 38, 38, -1,
        38, 38, 38, -1,
        38, 38, 38, -1,
        5, 5, 5, -1,
        5, 5, 5, -1,
        38, 38, 38, -1,
        38, 38, 38, -1,
        38, 38, 38, -1,
        4, 4, 4, -1,
        4, 4, 4, -1,
        5, 5, 5, -1,
        5, 5, 5, -1,
        48, 48, 48, -1,
        48, 48, 48, -1,
        48, 48, 48, -1,
        48, 48, 48, -1,
        48, 48, 48, -1,
        48, 48, 48, -1,
        48, 48, 48, -1,
        48, 48, 48, -1,
        48, 48, 48, -1,
        48, 48, 48, -1,
        48, 48, 48, -1,
        48, 48, 48, -1,
        48, 48, 48, -1,
        48, 48, 48, -1,
        21, 21, 21, -1,
        21, 21, 21, -1,
        38, 38, 38, -1,
        38, 38, 38, -1,
        38, 38, 38, -1,
        38, 38, 38, -1,
        21, 21, 21, -1,
        21, 21, 21, -1,
        17, 11, 11, -1,
        17, 11, 17, -1,
        11, 17, 17, -1,
        11, 17, 11, -1,
        17, 11, 11, -1,
        17, 11, 17, -1,
        10, 16, 16, -1,
        10, 16, 10, -1,
        10, 16, 16, -1,
        10, 16, 10, -1,
        16, 10, 10, -1,
        16, 10, 16, -1,
        6, 2, 2, -1,
        6, 2, 6, -1,
        6, 2, 2, -1,
        6, 2, 6, -1,
        2, 6, 6, -1,
        2, 6, 2, -1,
        3, 7, 7, -1,
        3, 7, 3, -1,
        7, 3, 3, -1,
        7, 3, 7, -1,
        7, 3, 3, -1,
        7, 3, 7, -1,
        6, 14, 14, -1,
        6, 14, 6, -1,
        14, 6, 6, -1,
        14, 6, 14, -1,
        6, 14, 14, -1,
        6, 14, 6, -1,
        15, 7, 7, -1,
        15, 7, 15, -1,
        7, 15, 15, -1,
        7, 15, 7, -1,
        15, 7, 7, -1,
        15, 7, 15, -1,
        16, 24, 24, -1,
        16, 24, 16, -1,
        24, 16, 16, -1,
        24, 16, 24, -1,
        24, 16, 16, -1,
        24, 16, 24, -1,
        16, 24, 24, -1,
        16, 24, 16, -1,
        16, 24, 24, -1,
        16, 24, 16, -1,
        24, 16, 16, -1,
        24, 16, 24, -1,
        25, 17, 17, -1,
        25, 17, 25, -1,
        25, 17, 17, -1,
        25, 17, 25, -1,
        17, 25, 25, -1,
        17, 25, 17, -1,
        14, 6, 6, -1,
        14, 6, 14, -1,
        6, 14, 14, -1,
        6, 14, 6, -1,
        6, 14, 14, -1,
        6, 14, 6, -1,
        15, 7, 7, -1,
        15, 7, 15, -1,
        7, 15, 15, -1,
        7, 15, 7, -1,
        15, 7, 7, -1,
        15, 7, 15, -1,
        25, 17, 17, -1,
        25, 17, 25, -1,
        17, 25, 25, -1,
        17, 25, 17, -1,
        17, 25, 25, -1,
        17, 25, 17, -1,
        26, 26, 26, -1,
        26, 26, 26, -1,
        26, 26, 26, -1,
        26, 26, 26, -1,
        26, 26, 26, -1,
        26, 26, 26, -1,
        22, 22, 22, -1,
        22, 22, 22, -1,
        22, 22, 22, -1,
        22, 22, 22, -1,
        22, 22, 22, -1,
        22, 22, 22, -1,
        7, 3, 3, -1,
        7, 3, 7, -1,
        7, 3, 3, -1,
        7, 3, 7, -1,
        3, 7, 7, -1,
        3, 7, 3, -1,
        10, 16, 16, -1,
        10, 16, 10, -1,
        16, 10, 10, -1,
        16, 10, 16, -1,
        16, 10, 10, -1,
        16, 10, 16, -1,
        21, 21, 21, -1,
        21, 21, 21, -1,
        21, 21, 21, -1,
        21, 21, 21, -1,
        21, 21, 21, -1,
        21, 21, 21, -1,
        21, 21, 21, -1,
        21, 21, 21, -1,
        21, 21, 21, -1,
        21, 21, 21, -1,
        21, 21, 21, -1,
        21, 21, 21, -1,
        21, 21, 21, -1,
        21, 21, 21, -1,
        21, 21, 21, -1,
        21, 21, 21, -1,
        21, 21, 21, -1,
        21, 21, 21, -1,
        21, 21, 21, -1,
        21, 21, 21, -1,
        21, 21, 21, -1,
        21, 21, 21, -1,
        21, 21, 21, -1,
        21, 21, 21, -1,
        21, 21, 21, -1,
        21, 21, 21, -1,
        21, 21, 21, -1,
        21, 21, 21, -1,
        20, 20, 20, -1,
        20, 20, 20, -1,
        20, 20, 20, -1,
        20, 20, 20, -1,
        20, 20, 20, -1,
        20, 20, 20, -1,
        20, 20, 20, -1,
        20, 20, 20, -1,
        20, 20, 20, -1,
        20, 20, 20, -1,
        20, 20, 20, -1,
        20, 20, 20, -1,
        20, 20, 20, -1,
        20, 20, 20, -1,
        20, 20, 20, -1,
        20, 20, 20, -1,
        20, 20, 20, -1,
        20, 20, 20, -1,
        20, 20, 20, -1,
        20, 20, 20, -1,
        20, 20, 20, -1,
        20, 20, 20, -1,
        20, 20, 20, -1,
        20, 20, 20, -1,
        20, 20, 20, -1,
        20, 20, 20, -1,
        20, 20, 20, -1,
        20, 20, 20, -1,
        20, 20, 20, -1,
        20, 20, 20, -1,
        20, 20, 20, -1,
        20, 20, 20, -1,
        20, 20, 20, -1,
        20, 20, 20, -1,
        20, 20, 20, -1,
        20, 20, 20, -1,
        20, 20, 20, -1,
        20, 20, 20, -1,
        20, 20, 20, -1,
        20, 20, 20, -1,
        20, 20, 20, -1,
        20, 20, 20, -1,
        21, 21, 21, -1,
        21, 21, 21, -1,
        21, 21, 21, -1,
        21, 21, 21, -1,
        21, 21, 21, -1,
        21, 21, 21, -1,
        21, 21, 21, -1,
        21, 21, 21, -1,
        21, 21, 21, -1,
        21, 21, 21, -1,
        21, 21, 21, -1,
        21, 21, 21, -1,
        21, 21, 21, -1,
        21, 21, 21, -1,
        21, 21, 21, -1,
        21, 21, 21, -1,
        21, 21, 21, -1,
        21, 21, 21, -1,
        21, 21, 21, -1,
        21, 21, 21, -1,
        21, 21, 21, -1,
        21, 21, 21, -1,
        21, 21, 21, -1,
        21, 21, 21, -1,
        21, 21, 21, -1,
        21, 21, 21, -1,
        21, 21, 21, -1,
        21, 21, 21, -1,
        21, 21, 21, -1,
        21, 21, 21, -1,
        21, 21, 21, -1,
        21, 21, 21, -1,
        21, 21, 21, -1,
        21, 21, 21, -1,
        21, 21, 21, -1,
        21, 21, 21, -1,
        21, 21, 21, -1,
        21, 21, 21, -1,
        21, 21, 21, -1,
        21, 21, 21, -1,
        21, 21, 21, -1,
        21, 21, 21, -1,
        20, 20, 20, -1,
        20, 20, 20, -1,
        20, 20, 20, -1,
        20, 20, 20, -1,
        20, 20, 20, -1,
        20, 20, 20, -1,
        20, 20, 20, -1,
        20, 20, 20, -1,
        20, 20, 20, -1,
        20, 20, 20, -1,
        20, 20, 20, -1,
        20, 20, 20, -1,
        20, 20, 20, -1,
        20, 20, 20, -1,
        20, 20, 20, -1,
        20, 20, 20, -1,
        20, 20, 20, -1,
        20, 20, 20, -1,
        20, 20, 20, -1,
        20, 20, 20, -1,
        20, 20, 20, -1,
        20, 20, 20, -1,
        20, 20, 20, -1,
        20, 20, 20, -1,
        20, 20, 20, -1,
        20, 20, 20, -1,
        20, 20, 20, -1,
        20, 20, 20, -1,
        20, 20, 20, -1,
        20, 20, 20, -1,
        20, 20, 20, -1,
        20, 20, 20, -1,
        20, 20, 20, -1,
        20, 20, 20, -1,
        20, 20, 20, -1,
        20, 20, 20, -1,
        20, 20, 20, -1,
        20, 20, 20, -1,
        20, 20, 20, -1,
        20, 20, 20, -1,
        20, 20, 20, -1,
        20, 20, 20, -1,
        21, 21, 21, -1,
        21, 21, 21, -1,
        21, 21, 21, -1,
        21, 21, 21, -1,
        21, 21, 21, -1,
        21, 21, 21, -1,
        21, 21, 21, -1,
        21, 21, 21, -1,
        21, 21, 21, -1,
        21, 21, 21, -1,
        21, 21, 21, -1,
        21, 21, 21, -1,
        21, 21, 21, -1,
        21, 21, 21, -1,
        21, 21, 21, -1,
        21, 21, 21, -1,
        21, 21, 21, -1,
        21, 21, 21, -1,
        21, 21, 21, -1,
        21, 21, 21, -1,
        21, 21, 21, -1,
        21, 21, 21, -1,
        21, 21, 21, -1,
        21, 21, 21, -1,
        21, 21, 21, -1,
        21, 21, 21, -1,
        21, 21, 21, -1,
        21, 21, 21, -1,
        21, 21, 21, -1,
        21, 21, 21, -1,
        21, 21, 21, -1,
        21, 21, 21, -1,
        21, 21, 21, -1,
        21, 21, 21, -1,
        21, 21, 21, -1,
        21, 21, 21, -1,
        21, 21, 21, -1,
        21, 21, 21, -1,
        21, 21, 21, -1,
        21, 21, 21, -1,
        21, 21, 21, -1,
        21, 21, 21, -1,
        20, 20, 20, -1,
        20, 20, 20, -1,
        20, 20, 20, -1,
        20, 20, 20, -1,
        20, 20, 20, -1,
        20, 20, 20, -1,
        20, 20, 20, -1,
        20, 20, 20, -1,
        20, 20, 20, -1,
        20, 20, 20, -1,
        20, 20, 20, -1,
        20, 20, 20, -1,
        20, 20, 20, -1,
        20, 20, 20, -1,
        20, 20, 20, -1,
        20, 20, 20, -1,
        20, 20, 20, -1,
        20, 20, 20, -1,
        20, 20, 20, -1,
        20, 20, 20, -1,
        20, 20, 20, -1,
        20, 20, 20, -1,
        20, 20, 20, -1,
        20, 20, 20, -1,
        20, 20, 20, -1,
        20, 20, 20, -1,
        20, 20, 20, -1,
        20, 20, 20, -1,
        20, 20, 20, -1,
        20, 20, 20, -1,
        20, 20, 20, -1,
        20, 20, 20, -1,
        20, 20, 20, -1,
        20, 20, 20, -1,
        20, 20, 20, -1,
        20, 20, 20, -1,
        20, 20, 20, -1,
        20, 20, 20, -1,
        20, 20, 20, -1,
        20, 20, 20, -1,
        20, 20, 20, -1,
        20, 20, 20, -1,
        21, 21, 21, -1,
        21, 21, 21, -1,
        21, 21, 21, -1,
        21, 21, 21, -1,
        21, 21, 21, -1,
        21, 21, 21, -1,
        21, 21, 21, -1,
        21, 21, 21, -1,
        21, 21, 21, -1,
        21, 21, 21, -1,
        21, 21, 21, -1,
        21, 21, 21, -1,
        21, 21, 21, -1,
        21, 21, 21, -1,
        2, 6, 6, -1,
        2, 6, 2, -1,
        2, 6, 6, -1,
        2, 6, 2, -1,
        6, 2, 2, -1,
        6, 2, 6, -1,
        21, 21, 21, -1,
        21, 21, 21, -1,
        21, 21, 21, -1,
        21, 21, 21, -1,
        21, 21, 21, -1,
        21, 21, 21, -1,
        21, 21, 21, -1,
        21, 21, 21, -1,
        21, 21, 21, -1,
        21, 21, 21, -1,
        21, 21, 21, -1,
        21, 21, 21, -1,
        21, 21, 21, -1,
        21, 21, 21, -1,
        21, 21, 21, -1,
        21, 21, 21, -1,
        21, 21, 21, -1,
        21, 21, 21, -1,
        21, 21, 21, -1,
        21, 21, 21, -1,
        21, 21, 21, -1,
        21, 21, 21, -1,
        21, 21, 21, -1,
        21, 21, 21, -1,
        21, 21, 21, -1,
        21, 21, 21, -1,
        21, 21, 21, -1,
        21, 21, 21, -1,
        20, 20, 20, -1,
        20, 20, 20, -1,
        20, 20, 20, -1,
        20, 20, 20, -1,
        20, 20, 20, -1,
        20, 20, 20, -1,
        20, 20, 20, -1,
        20, 20, 20, -1,
        20, 20, 20, -1,
        20, 20, 20, -1,
        20, 20, 20, -1,
        20, 20, 20, -1,
        20, 20, 20, -1,
        20, 20, 20, -1,
        20, 20, 20, -1,
        20, 20, 20, -1,
        20, 20, 20, -1,
        20, 20, 20, -1,
        20, 20, 20, -1,
        20, 20, 20, -1,
        20, 20, 20, -1,
        20, 20, 20, -1,
        20, 20, 20, -1,
        20, 20, 20, -1,
        20, 20, 20, -1,
        20, 20, 20, -1,
        20, 20, 20, -1,
        20, 20, 20, -1,
        20, 20, 20, -1,
        20, 20, 20, -1,
        20, 20, 20, -1,
        20, 20, 20, -1,
        20, 20, 20, -1,
        20, 20, 20, -1,
        20, 20, 20, -1,
        20, 20, 20, -1,
        20, 20, 20, -1,
        20, 20, 20, -1,
        20, 20, 20, -1,
        20, 20, 20, -1,
        20, 20, 20, -1,
        20, 20, 20, -1,
        21, 21, 21, -1,
        21, 21, 21, -1,
        21, 21, 21, -1,
        21, 21, 21, -1,
        21, 21, 21, -1,
        21, 21, 21, -1,
        21, 21, 21, -1,
        21, 21, 21, -1,
        21, 21, 21, -1,
        21, 21, 21, -1,
        21, 21, 21, -1,
        21, 21, 21, -1,
        21, 21, 21, -1,
        21, 21, 21, -1,
        17, 11, 11, -1,
        17, 11, 17, -1,
        11, 17, 17, -1,
        11, 17, 11, -1,
        11, 17, 17, -1,
        11, 17, 11, -1,
        5, 5, 5, -1,
        5, 5, 5, -1,
        5, 5, 5, -1,
        5, 5, 5, -1,
        5, 5, 5, -1,
        5, 5, 5, -1,
        5, 5, 5, -1,
        5, 5, 5, -1,
        5, 5, 5, -1,
        5, 5, 5, -1,
        5, 5, 5, -1,
        5, 5, 5, -1,
        5, 5, 5, -1,
        5, 5, 5, -1,
        5, 5, 5, -1,
        5, 5, 5, -1,
        5, 5, 5, -1,
        5, 5, 5, -1,
        5, 5, 5, -1,
        5, 5, 5, -1,
        5, 5, 5, -1,
        5, 5, 5, -1,
        5, 5, 5, -1,
        5, 5, 5, -1,
        5, 5, 5, -1,
        5, 5, 5, -1,
        5, 5, 5, -1,
        5, 5, 5, -1,
        5, 5, 5, -1,
        5, 5, 5, -1,
        5, 5, 5, -1,
        5, 5, 5, -1,
        5, 5, 5, -1,
        5, 5, 5, -1,
        5, 5, 5, -1,
        5, 5, 5, -1,
        5, 5, 5, -1,
        5, 5, 5, -1,
        5, 5, 5, -1,
        5, 5, 5, -1,
        5, 5, 5, -1,
        5, 5, 5, -1,
        5, 5, 5, -1,
        5, 5, 5, -1,
        5, 5, 5, -1,
        5, 5, 5, -1,
        5, 5, 5, -1,
        5, 5, 5, -1,
        5, 5, 5, -1,
        5, 5, 5, -1,
        49, 49, 49, -1,
        49, 49, 49, -1,
        50, 50, 37, -1,
        50, 37, 37, -1,
        37, 37, 54, -1,
        37, 54, 54, -1,
        54, 54, 45, -1,
        54, 45, 45, -1,
        45, 45, 53, -1,
        45, 53, 53, -1,
        53, 53, 43, -1,
        53, 43, 43, -1,
        43, 43, 40, -1,
        43, 40, 40, -1,
        49, 49, 49, -1,
        49, 49, 49, -1,
        50, 50, 37, -1,
        50, 37, 37, -1,
        37, 37, 54, -1,
        37, 54, 54, -1,
        54, 54, 45, -1,
        54, 45, 45, -1,
        45, 45, 53, -1,
        45, 53, 53, -1,
        53, 53, 43, -1,
        53, 43, 43, -1,
        43, 43, 40, -1,
        43, 40, 40, -1,
        4, 4, 4, -1,
        4, 4, 4, -1,
        4, 4, 4, -1,
        4, 4, 4, -1,
        4, 4, 4, -1,
        4, 4, 4, -1,
        4, 4, 4, -1,
        4, 4, 4, -1,
        4, 4, 4, -1,
        4, 4, 4, -1,
        4, 4, 4, -1,
        4, 4, 4, -1,
        4, 4, 4, -1,
        4, 4, 4, -1,
        4, 4, 4, -1,
        4, 4, 4, -1,
        4, 4, 4, -1,
        4, 4, 4, -1,
        4, 4, 4, -1,
        4, 4, 4, -1,
        4, 4, 4, -1,
        4, 4, 4, -1,
        4, 4, 4, -1,
        4, 4, 4, -1,
        4, 4, 4, -1,
        49, 49, 49, -1,
        49, 49, 49, -1,
        50, 50, 37, -1,
        50, 37, 37, -1,
        37, 37, 54, -1,
        37, 54, 54, -1,
        54, 54, 45, -1,
        54, 45, 45, -1,
        45, 45, 53, -1,
        45, 53, 53, -1,
        53, 53, 43, -1,
        53, 43, 43, -1,
        43, 43, 40, -1,
        43, 40, 40, -1,
        49, 49, 49, -1,
        49, 49, 49, -1,
        50, 50, 37, -1,
        50, 37, 37, -1,
        37, 37, 54, -1,
        37, 54, 54, -1,
        54, 54, 45, -1,
        54, 45, 45, -1,
        45, 45, 53, -1,
        45, 53, 53, -1,
        53, 53, 43, -1,
        53, 43, 43, -1,
        43, 43, 40, -1,
        43, 40, 40, -1,
        4, 4, 4, -1,
        4, 4, 4, -1,
        4, 4, 4, -1,
        4, 4, 4, -1,
        4, 4, 4, -1,
        4, 4, 4, -1,
        4, 4, 4, -1,
        4, 4, 4, -1,
        4, 4, 4, -1,
        4, 4, 4, -1,
        4, 4, 4, -1,
        4, 4, 4, -1,
        4, 4, 4, -1,
        4, 4, 4, -1,
        4, 4, 4, -1,
        4, 4, 4, -1,
        4, 4, 4, -1,
        4, 4, 4, -1,
        4, 4, 4, -1,
        4, 4, 4, -1,
        4, 4, 4, -1,
        4, 4, 4, -1,
        4, 4, 4, -1,
        4, 4, 4, -1,
        4, 4, 4, -1,
        49, 49, 49, -1,
        49, 49, 49, -1,
        50, 37, 37, -1,
        50, 37, 50, -1,
        37, 54, 54, -1,
        37, 54, 37, -1,
        54, 45, 45, -1,
        54, 45, 54, -1,
        45, 53, 53, -1,
        45, 53, 45, -1,
        53, 43, 43, -1,
        53, 43, 53, -1,
        43, 40, 40, -1,
        43, 40, 43, -1,
        49, 49, 49, -1,
        49, 49, 49, -1,
        50, 37, 37, -1,
        50, 37, 50, -1,
        37, 54, 54, -1,
        37, 54, 37, -1,
        54, 45, 45, -1,
        54, 45, 54, -1,
        45, 53, 53, -1,
        45, 53, 45, -1,
        53, 43, 43, -1,
        53, 43, 53, -1,
        43, 40, 40, -1,
        43, 40, 43, -1,
        4, 4, 4, -1,
        4, 4, 4, -1,
        4, 4, 4, -1,
        4, 4, 4, -1,
        4, 4, 4, -1,
        4, 4, 4, -1,
        4, 4, 4, -1,
        4, 4, 4, -1,
        4, 4, 4, -1,
        4, 4, 4, -1,
        4, 4, 4, -1,
        4, 4, 4, -1,
        4, 4, 4, -1,
        4, 4, 4, -1,
        4, 4, 4, -1,
        4, 4, 4, -1,
        4, 4, 4, -1,
        4, 4, 4, -1,
        4, 4, 4, -1,
        4, 4, 4, -1,
        4, 4, 4, -1,
        4, 4, 4, -1,
        4, 4, 4, -1,
        4, 4, 4, -1,
        4, 4, 4, -1,
        5, 5, 5, -1,
        5, 5, 5, -1,
        5, 5, 5, -1,
        5, 5, 5, -1,
        5, 5, 5, -1,
        5, 5, 5, -1,
        5, 5, 5, -1,
        5, 5, 5, -1,
        5, 5, 5, -1,
        5, 5, 5, -1,
        5, 5, 5, -1,
        5, 5, 5, -1,
        5, 5, 5, -1,
        5, 5, 5, -1,
        5, 5, 5, -1,
        5, 5, 5, -1,
        5, 5, 5, -1,
        5, 5, 5, -1,
        5, 5, 5, -1,
        5, 5, 5, -1,
        5, 5, 5, -1,
        5, 5, 5, -1,
        5, 5, 5, -1,
        5, 5, 5, -1,
        5, 5, 5, -1,
        49, 49, 49, -1,
        49, 49, 49, -1,
        50, 37, 37, -1,
        50, 37, 50, -1,
        37, 54, 54, -1,
        37, 54, 37, -1,
        54, 54, 45, -1,
        54, 45, 45, -1,
        45, 45, 53, -1,
        45, 53, 53, -1,
        53, 53, 43, -1,
        53, 43, 43, -1,
        43, 43, 40, -1,
        43, 40, 40, -1,
        49, 49, 49, -1,
        49, 49, 49, -1,
        50, 50, 37, -1,
        50, 37, 37, -1,
        37, 37, 54, -1,
        37, 54, 54, -1,
        54, 54, 45, -1,
        54, 45, 45, -1,
        45, 45, 53, -1,
        45, 53, 53, -1,
        53, 53, 43, -1,
        53, 43, 43, -1,
        43, 43, 40, -1,
        43, 40, 40, -1
              ]
      }
    }
  }
}
DEF _ET60S-D02-R1_pow Group
{
Shape 
{
  Node_info
  {
    fields [SFString node_type, SFString node_name]
    node_type "Poly_Geom_Data"
    node_name ""
  }

    Material
    {
      ambientColor [0.50 0.50 0.50]
      diffuseColor [0.50 0.50 0.50]
      specularColor [0.8 0.8 0.8]
      shininess [0.5]
      transparency [0.00]
    }

  Coordinate3
  {
    point
    [
      6.32 4.16642 2.53, 6.82 4.16642 2.53, 
      -4.6675 11.42 3.54, -4.5675 11.42 3.54, 
      6.32 15.26 3.50056, -3.9275 11.42 3.54, 
      6.82 15.26 3.50056, -1.5725 11.42 3.54, 
      -0.9325 11.42 3.54, -5 0 3.54, 
      -4.6675 0 3.54, 0.9325 11.42 3.54, 
      1.5725 11.42 3.54, 5.82 15.26 2.74766, 
      6.32 15.26 2.74766, 3.9275 11.42 3.54, 
      -0.9325 0 3.54, -0.5 0 3.54, 
      4.5675 11.42 3.54, 4.6675 11.42 3.54, 
      0.5 0 3.54, -6.18 15.01 -3.52571, 
      0.9325 0 3.54, -6.68 15.01 -3.52571, 
      4.6675 0 3.54, 5 0 3.54, 
      -7 0 4, -6.4 0 4, 
      -5 11.42 5, -6.68 15.01 -2.77281, 
      -7.18 15.01 -2.77281, 3.56 25.22 -3.515, 
      5.82 4.52699 1.59462, -6.18 15.193 -3.70873, 
      6.32 4.52699 1.59462, -6.68 15.193 -3.70873, 
      -7.18 0 5, 1.94 25.22 -3.515, 
      -6.18 0 5, 5.82 0 -5, 
      -0.5 11.42 5, -5.16 0 5, 
      -5 0 5, 0.5 11.42 5, 
      -1.94 25.22 -3.515, -3.56 25.22 -3.515, 
      -0.5 0 5, 4.8 11.42 5, 
      5 11.42 5, -6.68 15.193 -2.95583, 
      0.5 0 5, -6.4 0 -4, 
      -7.18 15.193 -2.95583, -7 0 -4, 
      -6.68 3.71 2.49007, 5 0 5, 
      -6.18 3.71 2.49007, 5.82 0 5, 
      -6.68 14.8036 3.46063, 4.5675 13.88 -3.01, 
      -6.18 14.8036 3.46063, -7.18 0 -5, 
      3.9275 13.88 -3.01, -6.18 14.8036 -3.46063, 
      -6.68 14.8036 -3.46063, -3.56 13.42 3.54, 
      1.5725 13.88 -3.01, 0.9325 13.88 -3.01, 
      -1.94 13.42 3.54, -0.9325 13.88 -3.01, 
      -1.5725 13.88 -3.01, -7.18 14.8036 2.70773, 
      -6.68 14.8036 2.70773, 1.94 13.42 3.54, 
      -3.9275 13.88 -3.01, -4.5675 13.88 -3.01, 
      -6.68 14.8036 -2.70773, 6.32 4.46 -1, 
      -7.18 14.8036 -2.70773, 3.56 13.42 3.54, 
      5.82 4.46 -1, -5 11.42 4.2, 
      -4.6675 11.42 4.2, -4.5675 11.42 4.2, 
      -3.9275 11.42 4.2, 6.82 15.26 -3.50056, 
      6.32 15.26 -3.50056, 6.32 4.46 -1.34462, 
      -1.5725 11.42 4.2, 5.82 4.46 -1.34462, 
      -0.9325 11.42 4.2, -6.68 15.01 3.52571, 
      -0.5 11.42 4.2, -6.18 15.01 3.52571, 
      -5 0 4.2, -4.6675 0 4.2, 
      6.32 3.71 2.0319, 0.5 11.42 4.2, 
      6.82 3.71 2.0319, 0.9325 11.42 4.2, 
      3.56 13.42 -3.515, 1.5725 11.42 4.2, 
      1.94 13.42 -3.515, 6.32 3.71 1, 
      6.82 3.71 1, 3.9275 11.42 4.2, 
      -0.9325 0 4.2, -0.5 0 4.2, 
      -6.18 15.26 -3.95873, 4.5675 11.42 4.2, 
      4.6675 11.42 4.2, -6.68 15.26 -3.95873, 
      5 11.42 4.2, 0.5 0 4.2, 
      6.32 15.26 -2.74766, -6.68 4.46 -1.80278, 
      0.9325 0 4.2, 5.82 15.26 -2.74766, 
      -7.18 4.46 -1.80278, -7.18 15.01 2.77281, 
      -1.94 13.42 -3.515, -6.68 15.01 2.77281, 
      -3.56 13.42 -3.515, 4.5675 0 -4.25, 
      3.9275 0 -4.25, 4.6675 0 4.2, 
      5 0 4.2, 5.82 15.26 1, 
      6.32 15.26 1, 1.5725 0 -4.25, 
      6.82 15.26 1, 0.9325 0 -4.25, 
      -6.68 15.26 -3.20583, -7.18 15.26 -3.20583, 
      -0.9325 0 -4.25, 5.82 4.71 1.77763, 
      -1.5725 0 -4.25, 6.32 4.71 1.77763, 
      -3.9275 0 -4.25, -4.5675 0 -4.25, 
      6.32 4.91642 -1.84271, 5.82 4.91642 -1.84271, 
      -7.18 15.26 5, -6.18 15.26 5, 
      -5.16 15.26 5, -6.18 15.26 6, 
      -5.16 15.26 6, 3.56 13.42 -3.01, 
      5.82 4.91642 1.84271, -4.5675 13.88 3.54, 
      6.32 4.91642 1.84271, -3.9275 13.88 3.54, 
      1.94 13.42 -3.01, 4.8 15.26 5, 
      5.82 15.26 5, 6.32 4.52699 -1.59462, 
      -1.5725 13.88 3.54, 5.82 4.52699 -1.59462, 
      -0.9325 13.88 3.54, -6.18 25.22 5, 
      -1.94 13.42 -3.01, -5.16 25.22 5, 
      0.9325 13.88 3.54, 1.5725 13.88 3.54, 
      -3.56 13.42 -3.01, 4.8 15.26 6, 
      3.9275 13.88 3.54, 5.82 15.26 6, 
      4.5675 13.88 3.54, -6.18 25.22 6, 
      -5.16 25.22 6, 6.32 4.71 -1.77763, 
      -6.4 2.61 -4, 5.82 4.71 -1.77763, 
      -7 2.61 -4, -6.68 15.193 3.70873, 
      -6.18 15.193 3.70873, 4.8 25.22 5, 
      5.82 25.22 5, 6.32 3.77699 2.2819, 
      6.82 3.77699 2.2819, 4.8 25.22 6, 
      -7.18 15.193 2.95583, 5.82 25.22 6, 
      -6.68 15.193 2.95583, -3.56 13.42 4.235, 
      -1.94 13.42 4.235, 6.82 15.26 -1, 
      6.32 15.26 -1, 5 0 -3.01, 
      5.82 15.26 -1, 1.94 13.42 4.235, 
      4.5675 0 -3.01, -7 2.61 4, 
      3.9275 0 -3.01, -6.4 2.61 4, 
      3.56 13.42 4.235, 1.5725 0 -3.01, 
      0.9325 0 -3.01, 6.82 3.71 -2.0319, 
      -7.18 4.46 1.80278, 0.5 0 -3.01, 
      6.32 3.71 -2.0319, -6.68 4.46 1.80278, 
      -0.5 0 -3.01, -0.9325 0 -3.01, 
      -1.5725 0 -3.01, 6.82 3.71 -1, 
      6.32 3.71 -1, -3.9275 0 -3.01, 
      -4.5675 0 -3.01, -5 0 -3.01, 
      5.82 25.22 -5, -6.18 3.71 -2.49007, 
      -6.68 3.71 -2.49007, -4.5675 13.88 4.2, 
      5.82 4.46 1, -3.9275 13.88 4.2, 
      6.32 4.46 1, -1.5725 13.88 4.2, 
      -0.9325 13.88 4.2, -5 24.22 3.54, 
      -6.18 25.22 -5, 0.9325 13.88 4.2, 
      -3.56 24.22 3.54, 5.82 4.46 1.34462, 
      1.5725 13.88 4.2, 6.32 4.46 1.34462, 
      6.82 4.16642 -2.53, -1.94 24.22 3.54, 
      6.32 4.16642 -2.53, 3.9275 13.88 4.2, 
      -0.5 24.22 3.54, 4.5675 13.88 4.2, 
      0.5 24.22 3.54, -3.56 25.22 4.235, 
      1.94 24.22 3.54, -1.94 25.22 4.235, 
      3.56 24.22 3.54, 5 24.22 3.54, 
      1.94 25.22 4.235, -6.68 15.26 3.95873, 
      -6.18 15.26 3.95873, 3.56 25.22 4.235, 
      -6.18 15.26 -5, 4.5675 13.88 -4.25, 
      6.32 3.96 2.46491, 5 24.22 -3.01, 
      3.9275 13.88 -4.25, 6.82 3.96 2.46491, 
      -7.18 15.26 -5, 3.56 24.22 -3.01, 
      1.5725 13.88 -4.25, 1.94 24.22 -3.01, 
      0.9325 13.88 -4.25, 6.82 3.77699 -2.2819, 
      0.5 24.22 -3.01, 6.32 3.77699 -2.2819, 
      -0.9325 13.88 -4.25, -0.5 24.22 -3.01, 
      -1.5725 13.88 -4.25, -7.18 15.26 3.20583, 
      -6.68 15.26 3.20583, -1.94 24.22 -3.01, 
      -3.9275 13.88 -4.25, -3.56 24.22 -3.01, 
      -4.5675 13.88 -4.25, -5 24.22 -3.01, 
      6.82 3.96 -2.46491, 6.32 3.96 -2.46491
    ]
  }

  Normal
  {
    vector
    [
      -1.0000 0.0000 0.0000,1.0000 0.0000 0.0000,
      0.0000 -0.3007 0.9537,0.0000 0.3007 -0.9537,
      0.0000 0.0000 -1.0000,0.0000 0.0000 1.0000,
      0.0000 -0.9659 0.2588,0.0000 0.9659 -0.2588,
      0.0000 -0.5039 0.8304,0.0000 0.5039 -0.8304,
      0.0000 -0.9659 -0.2588,0.0000 0.9659 0.2588,
      0.0000 -0.3007 -0.9537,0.0000 0.3007 0.9537,
      0.0000 1.0000 0.0000,0.0000 -1.0000 0.0000,
      0.0000 -0.0872 0.9962,0.0000 0.0872 -0.9962,
      0.0000 -0.0872 -0.9962,0.0000 0.0872 0.9962,
      0.0000 -0.8365 0.4830,0.0000 0.8365 -0.4830,
      0.0000 -0.8365 -0.4830,0.0000 0.8365 0.4830,
      0.0000 -0.5039 -0.8304,0.0000 0.5039 0.8304
    ]
  }

    Node_Info
    {
      fields [SFString node_type, SFString node_name]
      node_type "Poly_Surface"
      node_name ""
    }
    NormalBinding { value PER_VERTEX_INDEXED }
    Separator
    {
      MatrixTransform
      {
      matrix 1.0000 0.0000 0.0000 0.0000
             0.0000 0.0000 1.0000 0.0000
             0.0000 -1.0000 0.0000 0.0000
             18.1300 0.0000 0.0000 1.0000
      }
      IndexedFaceSet
      {
      coordIndex
      [
        38, 36, 94, -1,
        94, 36, 26, -1,
        94, 26, 95, -1,
        95, 26, 27, -1,
        95, 27, 9, -1,
        9, 27, 211, -1,
        51, 53, 139, -1,
        51, 139, 210, -1,
        51, 210, 211, -1,
        51, 211, 27, -1,
        41, 38, 94, -1,
        41, 94, 42, -1,
        138, 139, 61, -1,
        61, 139, 53, -1,
        61, 53, 36, -1,
        36, 53, 26, -1,
        24, 25, 57, -1,
        57, 25, 189, -1,
        57, 189, 39, -1,
        39, 189, 123, -1,
        39, 123, 61, -1,
        61, 123, 124, -1,
        61, 124, 129, -1,
        129, 124, 194, -1,
        129, 194, 197, -1,
        61, 129, 131, -1,
        61, 131, 134, -1,
        61, 134, 136, -1,
        61, 136, 138, -1,
        138, 136, 206, -1,
        138, 206, 209, -1,
        134, 131, 198, -1,
        134, 198, 201, -1,
        134, 201, 204, -1,
        134, 204, 205, -1,
        204, 20, 17, -1,
        17, 20, 116, -1,
        17, 116, 16, -1,
        16, 116, 113, -1,
        16, 113, 107, -1,
        107, 113, 50, -1,
        107, 50, 46, -1,
        126, 125, 24, -1,
        126, 24, 57, -1,
        126, 57, 55, -1,
        192, 123, 189, -1,
        116, 20, 22, -1,
        16, 107, 106, -1,
        20, 204, 201, -1,
        95, 9, 10, -1,
        222, 45, 212, -1,
        212, 45, 44, -1,
        212, 44, 37, -1,
        37, 44, 237, -1,
        37, 237, 240, -1,
        240, 237, 159, -1,
        240, 159, 243, -1,
        243, 159, 161, -1,
        243, 161, 177, -1,
        178, 212, 31, -1,
        178, 31, 243, -1,
        178, 243, 177, -1,
        178, 177, 181, -1,
        178, 181, 183, -1,
        161, 159, 169, -1,
        161, 169, 170, -1,
        159, 237, 235, -1,
        159, 235, 45, -1,
        159, 45, 222, -1,
        31, 212, 37, -1,
        48, 55, 57, -1,
        48, 57, 154, -1,
        48, 154, 153, -1,
        48, 153, 47, -1,
        41, 144, 143, -1,
        41, 143, 38, -1,
        43, 47, 153, -1,
        43, 153, 177, -1,
        43, 177, 40, -1,
        43, 40, 50, -1,
        40, 177, 28, -1,
        28, 177, 161, -1,
        28, 161, 42, -1,
        42, 161, 144, -1,
        42, 144, 41, -1,
        50, 40, 46, -1,
        36, 38, 143, -1,
        36, 143, 142, -1,
        244, 222, 212, -1,
        244, 212, 39, -1,
        244, 39, 61, -1,
        244, 61, 250, -1,
        98, 104, 130, -1,
        98, 130, 6, -1,
        98, 6, 1, -1,
        98, 1, 249, -1,
        98, 249, 180, -1,
        85, 187, 207, -1,
        85, 207, 199, -1,
        85, 199, 255, -1,
        85, 255, 268, -1,
        85, 268, 228, -1,
        250, 61, 118, -1,
        250, 118, 78, -1,
        250, 78, 30, -1,
        250, 30, 52, -1,
        250, 52, 133, -1,
        200, 118, 61, -1,
        200, 61, 36, -1,
        200, 36, 142, -1,
        200, 142, 71, -1,
        142, 261, 182, -1,
        142, 182, 119, -1,
        142, 119, 71, -1,
        31, 37, 102, -1,
        31, 102, 100, -1,
        45, 122, 120, -1,
        45, 120, 44, -1,
        248, 124, 123, -1,
        248, 123, 245, -1,
        254, 131, 129, -1,
        254, 129, 252, -1,
        260, 136, 134, -1,
        260, 134, 258, -1,
        266, 139, 138, -1,
        266, 138, 264, -1,
        254, 67, 198, -1,
        254, 198, 131, -1,
        260, 70, 206, -1,
        260, 206, 136, -1,
        74, 264, 138, -1,
        74, 138, 209, -1,
        266, 75, 210, -1,
        266, 210, 139, -1,
        75, 266, 264, -1,
        75, 264, 74, -1,
        70, 260, 258, -1,
        70, 258, 69, -1,
        69, 258, 134, -1,
        69, 134, 205, -1,
        248, 62, 194, -1,
        248, 194, 124, -1,
        67, 254, 252, -1,
        67, 252, 66, -1,
        66, 252, 129, -1,
        66, 129, 197, -1,
        62, 248, 245, -1,
        62, 245, 59, -1,
        59, 245, 123, -1,
        59, 123, 192, -1,
        250, 133, 132, -1,
        250, 132, 111, -1,
        250, 111, 108, -1,
        250, 108, 244, -1,
        193, 174, 172, -1,
        193, 172, 195, -1,
        26, 53, 174, -1,
        26, 174, 193, -1,
        172, 174, 53, -1,
        172, 53, 51, -1,
        111, 35, 33, -1,
        111, 33, 108, -1,
        35, 23, 21, -1,
        35, 21, 33, -1,
        23, 64, 63, -1,
        23, 63, 21, -1,
        195, 172, 51, -1,
        195, 51, 27, -1,
        191, 240, 243, -1,
        191, 243, 196, -1,
        185, 235, 237, -1,
        185, 237, 186, -1,
        32, 135, 57, -1,
        57, 135, 148, -1,
        57, 148, 154, -1,
        154, 148, 13, -1,
        154, 13, 212, -1,
        212, 13, 127, -1,
        212, 127, 190, -1,
        190, 127, 216, -1,
        190, 216, 80, -1,
        80, 216, 57, -1,
        80, 57, 89, -1,
        89, 57, 157, -1,
        225, 32, 57, -1,
        225, 57, 216, -1,
        190, 117, 212, -1,
        212, 117, 141, -1,
        212, 141, 39, -1,
        39, 141, 173, -1,
        39, 173, 157, -1,
        39, 157, 57, -1,
        154, 212, 178, -1,
        159, 222, 244, -1,
        159, 244, 108, -1,
        159, 108, 242, -1,
        159, 242, 143, -1,
        50, 113, 97, -1,
        50, 97, 43, -1,
        107, 46, 40, -1,
        107, 40, 92, -1,
        42, 94, 81, -1,
        42, 81, 28, -1,
        126, 55, 48, -1,
        126, 48, 112, -1,
        241, 262, 261, -1,
        241, 261, 142, -1,
        241, 142, 143, -1,
        241, 143, 242, -1,
        236, 253, 37, -1,
        236, 37, 240, -1,
        236, 240, 191, -1,
        236, 191, 73, -1,
        152, 102, 37, -1,
        152, 37, 253, -1,
        263, 229, 237, -1,
        263, 237, 44, -1,
        263, 44, 120, -1,
        263, 120, 160, -1,
        68, 186, 237, -1,
        68, 237, 229, -1,
        101, 99, 223, -1,
        101, 223, 226, -1,
        90, 88, 219, -1,
        90, 219, 220, -1,
        223, 99, 11, -1,
        223, 11, 162, -1,
        219, 88, 7, -1,
        219, 7, 156, -1,
        219, 156, 158, -1,
        219, 158, 220, -1,
        158, 8, 90, -1,
        158, 90, 220, -1,
        223, 162, 163, -1,
        223, 163, 226, -1,
        163, 12, 101, -1,
        163, 101, 226, -1,
        16, 106, 90, -1,
        16, 90, 8, -1,
        92, 90, 106, -1,
        92, 106, 107, -1,
        99, 97, 113, -1,
        99, 113, 116, -1,
        116, 22, 11, -1,
        116, 11, 99, -1,
        234, 20, 201, -1,
        234, 201, 256, -1,
        17, 232, 259, -1,
        17, 259, 204, -1,
        232, 229, 263, -1,
        232, 263, 259, -1,
        256, 253, 236, -1,
        256, 236, 234, -1,
        65, 185, 186, -1,
        65, 186, 68, -1,
        122, 164, 160, -1,
        122, 160, 120, -1,
        64, 214, 213, -1,
        64, 213, 63, -1,
        5, 88, 84, -1,
        84, 88, 40, -1,
        84, 40, 83, -1,
        83, 40, 82, -1,
        83, 82, 2, -1,
        81, 82, 40, -1,
        81, 40, 28, -1,
        90, 92, 40, -1,
        90, 40, 88, -1,
        83, 2, 3, -1,
        88, 5, 7, -1,
        217, 84, 83, -1,
        217, 83, 215, -1,
        84, 217, 151, -1,
        84, 151, 5, -1,
        215, 83, 3, -1,
        215, 3, 149, -1,
        82, 81, 94, -1,
        82, 94, 95, -1,
        95, 10, 2, -1,
        95, 2, 82, -1,
        27, 26, 193, -1,
        27, 193, 195, -1,
        221, 9, 211, -1,
        221, 211, 267, -1,
        214, 54, 56, -1,
        214, 56, 213, -1,
        60, 56, 54, -1,
        60, 54, 58, -1,
        72, 203, 200, -1,
        72, 200, 71, -1,
        78, 118, 115, -1,
        78, 115, 76, -1,
        118, 200, 203, -1,
        118, 203, 115, -1,
        224, 265, 45, -1,
        224, 45, 235, -1,
        224, 235, 185, -1,
        224, 185, 65, -1,
        164, 122, 45, -1,
        164, 45, 265, -1,
        263, 160, 206, -1,
        206, 160, 164, -1,
        206, 164, 74, -1,
        74, 164, 265, -1,
        74, 265, 75, -1,
        75, 265, 267, -1,
        75, 267, 210, -1,
        210, 267, 211, -1,
        205, 204, 69, -1,
        69, 204, 259, -1,
        69, 259, 70, -1,
        70, 259, 263, -1,
        70, 263, 206, -1,
        206, 74, 209, -1,
        133, 52, 49, -1,
        133, 49, 132, -1,
        5, 151, 224, -1,
        224, 151, 149, -1,
        224, 149, 221, -1,
        221, 149, 2, -1,
        221, 2, 9, -1,
        9, 2, 10, -1,
        8, 158, 232, -1,
        232, 158, 156, -1,
        232, 156, 68, -1,
        68, 156, 7, -1,
        68, 7, 65, -1,
        65, 7, 5, -1,
        65, 5, 224, -1,
        16, 8, 232, -1,
        16, 232, 17, -1,
        232, 68, 229, -1,
        3, 2, 149, -1,
        213, 60, 63, -1,
        63, 60, 93, -1,
        63, 93, 21, -1,
        21, 93, 176, -1,
        21, 176, 33, -1,
        33, 176, 242, -1,
        33, 242, 108, -1,
        60, 213, 56, -1,
        215, 149, 151, -1,
        215, 151, 217, -1,
        203, 72, 58, -1,
        58, 72, 121, -1,
        58, 121, 91, -1,
        91, 121, 184, -1,
        91, 184, 175, -1,
        175, 184, 262, -1,
        175, 262, 241, -1,
        115, 203, 54, -1,
        115, 54, 214, -1,
        115, 214, 64, -1,
        115, 64, 76, -1,
        76, 23, 29, -1,
        29, 23, 35, -1,
        29, 35, 49, -1,
        49, 35, 111, -1,
        49, 111, 132, -1,
        76, 64, 23, -1,
        54, 203, 58, -1,
        175, 241, 242, -1,
        175, 242, 176, -1,
        176, 93, 91, -1,
        176, 91, 175, -1,
        58, 91, 93, -1,
        58, 93, 60, -1,
        182, 261, 262, -1,
        182, 262, 184, -1,
        71, 119, 121, -1,
        71, 121, 72, -1,
        119, 182, 184, -1,
        119, 184, 121, -1,
        52, 30, 29, -1,
        52, 29, 49, -1,
        30, 78, 76, -1,
        30, 76, 29, -1,
        224, 221, 267, -1,
        224, 267, 265, -1,
        251, 238, 243, -1,
        251, 243, 31, -1,
        251, 31, 100, -1,
        251, 100, 147, -1,
        79, 196, 243, -1,
        79, 243, 238, -1,
        251, 147, 194, -1,
        194, 147, 152, -1,
        194, 152, 66, -1,
        66, 152, 253, -1,
        66, 253, 67, -1,
        67, 253, 256, -1,
        67, 256, 198, -1,
        198, 256, 201, -1,
        192, 189, 59, -1,
        59, 189, 247, -1,
        59, 247, 62, -1,
        62, 247, 251, -1,
        62, 251, 194, -1,
        194, 66, 197, -1,
        155, 171, 230, -1,
        230, 171, 140, -1,
        230, 140, 86, -1,
        86, 140, 114, -1,
        230, 269, 77, -1,
        230, 77, 87, -1,
        230, 87, 155, -1,
        77, 269, 257, -1,
        77, 257, 202, -1,
        77, 202, 208, -1,
        230, 86, 85, -1,
        230, 85, 228, -1,
        114, 188, 187, -1,
        114, 187, 85, -1,
        114, 85, 86, -1,
        162, 11, 20, -1,
        162, 20, 234, -1,
        162, 234, 236, -1,
        162, 236, 163, -1,
        18, 168, 239, -1,
        239, 168, 166, -1,
        239, 166, 79, -1,
        79, 166, 15, -1,
        79, 15, 73, -1,
        73, 15, 12, -1,
        73, 12, 236, -1,
        236, 12, 163, -1,
        239, 25, 24, -1,
        239, 24, 19, -1,
        239, 19, 18, -1,
        239, 79, 238, -1,
        20, 11, 22, -1,
        18, 110, 109, -1,
        109, 110, 48, -1,
        109, 48, 105, -1,
        105, 48, 101, -1,
        105, 101, 12, -1,
        97, 99, 48, -1,
        97, 48, 47, -1,
        97, 47, 43, -1,
        48, 110, 112, -1,
        101, 48, 99, -1,
        105, 12, 15, -1,
        110, 18, 19, -1,
        109, 105, 231, -1,
        109, 231, 233, -1,
        231, 105, 15, -1,
        231, 15, 166, -1,
        231, 166, 168, -1,
        231, 168, 233, -1,
        168, 18, 109, -1,
        168, 109, 233, -1,
        24, 125, 110, -1,
        24, 110, 19, -1,
        112, 110, 125, -1,
        112, 125, 126, -1,
        239, 238, 251, -1,
        239, 251, 247, -1,
        247, 189, 25, -1,
        247, 25, 239, -1,
        0, 4, 150, -1,
        0, 150, 137, -1,
        0, 137, 34, -1,
        0, 34, 227, -1,
        0, 227, 218, -1,
        0, 218, 246, -1,
        179, 246, 218, -1,
        179, 218, 103, -1,
        179, 103, 96, -1,
        150, 4, 14, -1,
        77, 208, 207, -1,
        77, 207, 187, -1,
        77, 187, 188, -1,
        257, 269, 268, -1,
        257, 268, 255, -1,
        202, 257, 255, -1,
        202, 255, 199, -1,
        269, 230, 228, -1,
        269, 228, 268, -1,
        208, 202, 199, -1,
        208, 199, 207, -1,
        4, 0, 1, -1,
        4, 1, 6, -1,
        246, 179, 180, -1,
        246, 180, 249, -1,
        14, 4, 6, -1,
        14, 6, 130, -1,
        14, 130, 128, -1,
        0, 246, 249, -1,
        0, 249, 1, -1,
        179, 96, 98, -1,
        179, 98, 180, -1,
        96, 103, 104, -1,
        96, 104, 98, -1,
        218, 128, 130, -1,
        218, 130, 104, -1,
        218, 104, 103, -1,
        216, 127, 128, -1,
        216, 128, 218, -1,
        13, 148, 150, -1,
        13, 150, 14, -1,
        148, 135, 137, -1,
        148, 137, 150, -1,
        127, 13, 14, -1,
        127, 14, 128, -1,
        135, 32, 34, -1,
        135, 34, 137, -1,
        32, 225, 227, -1,
        32, 227, 34, -1,
        225, 216, 218, -1,
        225, 218, 227, -1,
        141, 117, 114, -1,
        141, 114, 140, -1,
        157, 173, 171, -1,
        157, 171, 155, -1,
        117, 190, 188, -1,
        117, 188, 114, -1,
        89, 157, 155, -1,
        89, 155, 87, -1,
        173, 141, 140, -1,
        173, 140, 171, -1,
        190, 80, 77, -1,
        190, 77, 188, -1,
        80, 89, 87, -1,
        80, 87, 77, -1,
        73, 191, 196, -1,
        73, 196, 79, -1,
        102, 152, 147, -1,
        102, 147, 100, -1,
        177, 153, 165, -1,
        177, 165, 181, -1,
        183, 167, 154, -1,
        183, 154, 178, -1,
        181, 165, 167, -1,
        181, 167, 183, -1,
        167, 165, 153, -1,
        167, 153, 154, -1,
        170, 146, 144, -1,
        170, 144, 161, -1,
        170, 169, 145, -1,
        170, 145, 146, -1,
        159, 143, 145, -1,
        159, 145, 169, -1,
        146, 145, 143, -1,
        146, 143, 144, -1
          ]
      normalIndex
      [
15, 15, 15, -1,
        15, 15, 15, -1,
        15, 15, 15, -1,
        15, 15, 15, -1,
        15, 15, 15, -1,
        15, 15, 15, -1,
        15, 15, 15, -1,
        15, 15, 15, -1,
        15, 15, 15, -1,
        15, 15, 15, -1,
        15, 15, 15, -1,
        15, 15, 15, -1,
        15, 15, 15, -1,
        15, 15, 15, -1,
        15, 15, 15, -1,
        15, 15, 15, -1,
        15, 15, 15, -1,
        15, 15, 15, -1,
        15, 15, 15, -1,
        15, 15, 15, -1,
        15, 15, 15, -1,
        15, 15, 15, -1,
        15, 15, 15, -1,
        15, 15, 15, -1,
        15, 15, 15, -1,
        15, 15, 15, -1,
        15, 15, 15, -1,
        15, 15, 15, -1,
        15, 15, 15, -1,
        15, 15, 15, -1,
        15, 15, 15, -1,
        15, 15, 15, -1,
        15, 15, 15, -1,
        15, 15, 15, -1,
        15, 15, 15, -1,
        15, 15, 15, -1,
        15, 15, 15, -1,
        15, 15, 15, -1,
        15, 15, 15, -1,
        15, 15, 15, -1,
        15, 15, 15, -1,
        15, 15, 15, -1,
        15, 15, 15, -1,
        15, 15, 15, -1,
        15, 15, 15, -1,
        15, 15, 15, -1,
        15, 15, 15, -1,
        15, 15, 15, -1,
        15, 15, 15, -1,
        15, 15, 15, -1,
        14, 14, 14, -1,
        14, 14, 14, -1,
        14, 14, 14, -1,
        14, 14, 14, -1,
        14, 14, 14, -1,
        14, 14, 14, -1,
        14, 14, 14, -1,
        14, 14, 14, -1,
        14, 14, 14, -1,
        14, 14, 14, -1,
        14, 14, 14, -1,
        14, 14, 14, -1,
        14, 14, 14, -1,
        14, 14, 14, -1,
        14, 14, 14, -1,
        14, 14, 14, -1,
        14, 14, 14, -1,
        14, 14, 14, -1,
        14, 14, 14, -1,
        14, 14, 14, -1,
        5, 5, 5, -1,
        5, 5, 5, -1,
        5, 5, 5, -1,
        5, 5, 5, -1,
        5, 5, 5, -1,
        5, 5, 5, -1,
        5, 5, 5, -1,
        5, 5, 5, -1,
        5, 5, 5, -1,
        5, 5, 5, -1,
        5, 5, 5, -1,
        5, 5, 5, -1,
        5, 5, 5, -1,
        5, 5, 5, -1,
        5, 5, 5, -1,
        5, 5, 5, -1,
        5, 5, 5, -1,
        5, 5, 5, -1,
        4, 4, 4, -1,
        4, 4, 4, -1,
        4, 4, 4, -1,
        4, 4, 4, -1,
        1, 1, 1, -1,
        1, 1, 1, -1,
        1, 1, 1, -1,
        1, 1, 1, -1,
        1, 1, 1, -1,
        1, 1, 1, -1,
        1, 1, 1, -1,
        1, 1, 1, -1,
        1, 1, 1, -1,
        1, 1, 1, -1,
        0, 0, 0, -1,
        0, 0, 0, -1,
        0, 0, 0, -1,
        0, 0, 0, -1,
        0, 0, 0, -1,
        0, 0, 0, -1,
        0, 0, 0, -1,
        0, 0, 0, -1,
        0, 0, 0, -1,
        0, 0, 0, -1,
        0, 0, 0, -1,
        0, 0, 0, -1,
        5, 5, 5, -1,
        5, 5, 5, -1,
        5, 5, 5, -1,
        5, 5, 5, -1,
        5, 5, 5, -1,
        5, 5, 5, -1,
        5, 5, 5, -1,
        5, 5, 5, -1,
        5, 5, 5, -1,
        5, 5, 5, -1,
        5, 5, 5, -1,
        5, 5, 5, -1,
        1, 1, 1, -1,
        1, 1, 1, -1,
        1, 1, 1, -1,
        1, 1, 1, -1,
        0, 0, 0, -1,
        0, 0, 0, -1,
        1, 1, 1, -1,
        1, 1, 1, -1,
        15, 15, 15, -1,
        15, 15, 15, -1,
        15, 15, 15, -1,
        15, 15, 15, -1,
        0, 0, 0, -1,
        0, 0, 0, -1,
        1, 1, 1, -1,
        1, 1, 1, -1,
        15, 15, 15, -1,
        15, 15, 15, -1,
        0, 0, 0, -1,
        0, 0, 0, -1,
        15, 15, 15, -1,
        15, 15, 15, -1,
        0, 0, 0, -1,
        0, 0, 0, -1,
        14, 14, 14, -1,
        14, 14, 14, -1,
        14, 14, 14, -1,
        14, 14, 14, -1,
        15, 15, 15, -1,
        15, 15, 15, -1,
        1, 1, 1, -1,
        1, 1, 1, -1,
        5, 5, 5, -1,
        5, 5, 5, -1,
        11, 23, 23, -1,
        11, 23, 11, -1,
        23, 25, 25, -1,
        23, 25, 23, -1,
        25, 13, 13, -1,
        25, 13, 25, -1,
        0, 0, 0, -1,
        0, 0, 0, -1,
        4, 4, 4, -1,
        4, 4, 4, -1,
        4, 4, 4, -1,
        4, 4, 4, -1,
        1, 1, 1, -1,
        1, 1, 1, -1,
        1, 1, 1, -1,
        1, 1, 1, -1,
        1, 1, 1, -1,
        1, 1, 1, -1,
        1, 1, 1, -1,
        1, 1, 1, -1,
        1, 1, 1, -1,
        1, 1, 1, -1,
        1, 1, 1, -1,
        1, 1, 1, -1,
        1, 1, 1, -1,
        1, 1, 1, -1,
        1, 1, 1, -1,
        1, 1, 1, -1,
        1, 1, 1, -1,
        1, 1, 1, -1,
        1, 1, 1, -1,
        1, 1, 1, -1,
        1, 1, 1, -1,
        0, 0, 0, -1,
        0, 0, 0, -1,
        0, 0, 0, -1,
        0, 0, 0, -1,
        1, 1, 1, -1,
        1, 1, 1, -1,
        0, 0, 0, -1,
        0, 0, 0, -1,
        1, 1, 1, -1,
        1, 1, 1, -1,
        0, 0, 0, -1,
        0, 0, 0, -1,
        14, 14, 14, -1,
        14, 14, 14, -1,
        14, 14, 14, -1,
        14, 14, 14, -1,
        1, 1, 1, -1,
        1, 1, 1, -1,
        1, 1, 1, -1,
        1, 1, 1, -1,
        1, 1, 1, -1,
        1, 1, 1, -1,
        0, 0, 0, -1,
        0, 0, 0, -1,
        0, 0, 0, -1,
        0, 0, 0, -1,
        0, 0, 0, -1,
        0, 0, 0, -1,
        4, 4, 4, -1,
        4, 4, 4, -1,
        4, 4, 4, -1,
        4, 4, 4, -1,
        1, 1, 1, -1,
        1, 1, 1, -1,
        1, 1, 1, -1,
        1, 1, 1, -1,
        15, 15, 15, -1,
        15, 15, 15, -1,
        0, 0, 0, -1,
        0, 0, 0, -1,
        15, 15, 15, -1,
        15, 15, 15, -1,
        0, 0, 0, -1,
        0, 0, 0, -1,
        0, 0, 0, -1,
        0, 0, 0, -1,
        5, 5, 5, -1,
        5, 5, 5, -1,
        5, 5, 5, -1,
        5, 5, 5, -1,
        1, 1, 1, -1,
        1, 1, 1, -1,
        1, 1, 1, -1,
        1, 1, 1, -1,
        0, 0, 0, -1,
        0, 0, 0, -1,
        15, 15, 15, -1,
        15, 15, 15, -1,
        15, 15, 15, -1,
        15, 15, 15, -1,
        14, 14, 14, -1,
        14, 14, 14, -1,
        14, 14, 14, -1,
        14, 14, 14, -1,
        19, 19, 19, -1,
        19, 19, 19, -1,
        15, 15, 15, -1,
        15, 15, 15, -1,
        15, 15, 15, -1,
        15, 15, 15, -1,
        15, 15, 15, -1,
        15, 15, 15, -1,
        15, 15, 15, -1,
        15, 15, 15, -1,
        15, 15, 15, -1,
        15, 15, 15, -1,
        15, 15, 15, -1,
        4, 4, 4, -1,
        4, 4, 4, -1,
        0, 0, 0, -1,
        0, 0, 0, -1,
        1, 1, 1, -1,
        1, 1, 1, -1,
        5, 5, 5, -1,
        5, 5, 5, -1,
        1, 1, 1, -1,
        1, 1, 1, -1,
        4, 4, 4, -1,
        4, 4, 4, -1,
        1, 1, 1, -1,
        1, 1, 1, -1,
        14, 14, 14, -1,
        14, 14, 14, -1,
        17, 17, 17, -1,
        17, 17, 17, -1,
        17, 17, 17, -1,
        17, 17, 17, -1,
        19, 19, 19, -1,
        19, 19, 19, -1,
        14, 14, 14, -1,
        14, 14, 14, -1,
        1, 1, 1, -1,
        1, 1, 1, -1,
        1, 1, 1, -1,
        1, 1, 1, -1,
        1, 1, 1, -1,
        1, 1, 1, -1,
        5, 5, 5, -1,
        5, 5, 5, -1,
        5, 5, 5, -1,
        5, 5, 5, -1,
        5, 5, 5, -1,
        5, 5, 5, -1,
        5, 5, 5, -1,
        5, 5, 5, -1,
        5, 5, 5, -1,
        5, 5, 5, -1,
        5, 5, 5, -1,
        5, 5, 5, -1,
        5, 5, 5, -1,
        5, 5, 5, -1,
        11, 23, 23, -1,
        11, 23, 11, -1,
        4, 4, 4, -1,
        4, 4, 4, -1,
        4, 4, 4, -1,
        4, 4, 4, -1,
        4, 4, 4, -1,
        4, 4, 4, -1,
        4, 4, 4, -1,
        4, 4, 4, -1,
        4, 4, 4, -1,
        4, 4, 4, -1,
        4, 4, 4, -1,
        4, 4, 4, -1,
        4, 4, 4, -1,
        4, 4, 4, -1,
        4, 4, 4, -1,
        4, 4, 4, -1,
        4, 4, 4, -1,
        0, 0, 0, -1,
        0, 0, 0, -1,
        0, 0, 0, -1,
        0, 0, 0, -1,
        0, 0, 0, -1,
        0, 0, 0, -1,
        0, 0, 0, -1,
        0, 0, 0, -1,
        15, 15, 15, -1,
        15, 15, 15, -1,
        1, 1, 1, -1,
        1, 1, 1, -1,
        1, 1, 1, -1,
        1, 1, 1, -1,
        1, 1, 1, -1,
        1, 1, 1, -1,
        1, 1, 1, -1,
        1, 1, 1, -1,
        1, 1, 1, -1,
        1, 1, 1, -1,
        1, 1, 1, -1,
        1, 1, 1, -1,
        1, 1, 1, -1,
        1, 1, 1, -1,
        1, 1, 1, -1,
        1, 1, 1, -1,
        1, 1, 1, -1,
        1, 1, 1, -1,
        21, 7, 7, -1,
        21, 7, 21, -1,
        21, 9, 9, -1,
        21, 9, 21, -1,
        3, 9, 9, -1,
        3, 9, 3, -1,
        21, 7, 7, -1,
        21, 7, 21, -1,
        3, 9, 9, -1,
        3, 9, 3, -1,
        9, 21, 21, -1,
        9, 21, 9, -1,
        23, 25, 25, -1,
        23, 25, 23, -1,
        25, 13, 13, -1,
        25, 13, 25, -1,
        15, 15, 15, -1,
        15, 15, 15, -1,
        0, 0, 0, -1,
        0, 0, 0, -1,
        0, 0, 0, -1,
        0, 0, 0, -1,
        0, 0, 0, -1,
        0, 0, 0, -1,
        5, 5, 5, -1,
        5, 5, 5, -1,
        5, 5, 5, -1,
        5, 5, 5, -1,
        5, 5, 5, -1,
        5, 5, 5, -1,
        5, 5, 5, -1,
        5, 5, 5, -1,
        5, 5, 5, -1,
        5, 5, 5, -1,
        5, 5, 5, -1,
        5, 5, 5, -1,
        5, 5, 5, -1,
        5, 5, 5, -1,
        0, 0, 0, -1,
        0, 0, 0, -1,
        0, 0, 0, -1,
        0, 0, 0, -1,
        0, 0, 0, -1,
        0, 0, 0, -1,
        0, 0, 0, -1,
        0, 0, 0, -1,
        0, 0, 0, -1,
        0, 0, 0, -1,
        18, 18, 18, -1,
        18, 18, 18, -1,
        14, 14, 14, -1,
        14, 14, 14, -1,
        14, 14, 14, -1,
        4, 4, 4, -1,
        4, 4, 4, -1,
        4, 4, 4, -1,
        4, 4, 4, -1,
        4, 4, 4, -1,
        4, 4, 4, -1,
        4, 4, 4, -1,
        4, 4, 4, -1,
        4, 4, 4, -1,
        4, 4, 4, -1,
        4, 4, 4, -1,
        4, 4, 4, -1,
        4, 4, 4, -1,
        4, 4, 4, -1,
        4, 4, 4, -1,
        4, 4, 4, -1,
        4, 4, 4, -1,
        15, 15, 15, -1,
        15, 15, 15, -1,
        15, 15, 15, -1,
        15, 15, 15, -1,
        15, 15, 15, -1,
        15, 15, 15, -1,
        15, 15, 15, -1,
        15, 15, 15, -1,
        15, 15, 15, -1,
        15, 15, 15, -1,
        15, 15, 15, -1,
        15, 15, 15, -1,
        4, 4, 4, -1,
        4, 4, 4, -1,
        1, 1, 1, -1,
        1, 1, 1, -1,
        15, 15, 15, -1,
        15, 15, 15, -1,
        0, 0, 0, -1,
        0, 0, 0, -1,
        0, 0, 0, -1,
        0, 0, 0, -1,
        5, 5, 5, -1,
        5, 5, 5, -1,
        15, 15, 15, -1,
        15, 15, 15, -1,
        0, 0, 0, -1,
        0, 0, 0, -1,
        0, 0, 0, -1,
        0, 0, 0, -1,
        0, 0, 0, -1,
        0, 0, 0, -1,
        0, 0, 0, -1,
        0, 0, 0, -1,
        0, 0, 0, -1,
        0, 0, 0, -1,
        0, 0, 0, -1,
        0, 0, 0, -1,
        5, 5, 5, -1,
        5, 5, 5, -1,
        5, 5, 5, -1,
        22, 24, 24, -1,
        22, 24, 22, -1,
        10, 22, 22, -1,
        10, 22, 10, -1,
        24, 12, 12, -1,
        24, 12, 24, -1,
        15, 15, 15, -1,
        15, 15, 15, -1,
        16, 16, 16, -1,
        16, 16, 16, -1,
        8, 20, 20, -1,
        8, 20, 8, -1,
        14, 14, 14, -1,
        14, 14, 14, -1,
        14, 14, 14, -1,
        2, 8, 8, -1,
        2, 8, 2, -1,
        20, 6, 6, -1,
        20, 6, 20, -1,
        15, 15, 15, -1,
        15, 15, 15, -1,
        4, 4, 4, -1,
        4, 4, 4, -1,
        4, 4, 4, -1,
        4, 4, 4, -1,
        4, 4, 4, -1,
        16, 16, 16, -1,
        16, 16, 16, -1,
        2, 8, 8, -1,
        2, 8, 2, -1,
        14, 14, 14, -1,
        14, 14, 14, -1,
        8, 20, 20, -1,
        8, 20, 8, -1,
        20, 6, 6, -1,
        20, 6, 20, -1,
        15, 15, 15, -1,
        15, 15, 15, -1,
        18, 18, 18, -1,
        18, 18, 18, -1,
        22, 24, 24, -1,
        22, 24, 22, -1,
        14, 14, 14, -1,
        14, 14, 14, -1,
        10, 22, 22, -1,
        10, 22, 10, -1,
        24, 12, 12, -1,
        24, 12, 24, -1,
        5, 5, 5, -1,
        5, 5, 5, -1,
        15, 15, 15, -1,
        15, 15, 15, -1,
        14, 14, 14, -1,
        14, 14, 14, -1,
        14, 14, 14, -1,
        14, 14, 14, -1,
        0, 0, 0, -1,
        0, 0, 0, -1,
        1, 1, 1, -1,
        1, 1, 1, -1,
        5, 5, 5, -1,
        5, 5, 5, -1,
        15, 15, 15, -1,
        15, 15, 15, -1,
        1, 1, 1, -1,
        1, 1, 1, -1,
        5, 5, 5, -1,
        5, 5, 5, -1,
        0, 0, 0, -1,
        0, 0, 0, -1,
        15, 15, 15, -1,
        15, 15, 15, -1
              ]
      }
    }
  }
}
DEF _ET60S-R1_guide_p Group
{
Shape 
{
  Node_info
  {
    fields [SFString node_type, SFString node_name]
    node_type "Poly_Geom_Data"
    node_name ""
  }

    Material
    {
      ambientColor [0.50 0.50 0.50]
      diffuseColor [0.50 0.50 0.50]
      specularColor [0.8 0.8 0.8]
      shininess [0.5]
      transparency [0.00]
    }

  Coordinate3
  {
    point
    [
      5.57 24.22 6, 1.44 0 -3.9, 
      0.32 15.01 -3.52571, 1.2 0 -3.9, 
      -0.18 15.01 -3.52571, 5.34 0 9.55224e-16, 
      2.9325 3.935 9.48, 5.20711 25.22 1.00939, 
      6.57 24.22 6, 3.25 3.935 9.48, 
      3.5675 3.935 9.48, 6.57 0 0, 
      1.2 0 3.9, 1.44 0 3.9, 
      4.8175 0 1.95, 2.9325 7.265 9.48, 
      3.25 7.265 9.48, 3.5675 7.265 9.48, 
      -0.18 15.01 -2.77281, -0.68 15.01 -2.77281, 
      0.32 15.193 -3.70873, -0.18 15.193 -3.70873, 
      2.79853 6.4175 5, 2.79853 4.7825 5, 
      3.70147 6.4175 5, 3.70147 4.7825 5, 
      3.39 0 -3.3775, -0.18 15.193 -2.95583, 
      -0.5 0 4, 0.5 0 -4, 
      -0.68 15.193 -2.95583, -0.5 0 -4, 
      0.5 0 4, 5.90013 25.22 -2.5, 
      1.57 0 -5, 3.39 0 3.3775, 
      -0.68 0 5, -0.68 0 -5, 
      0.32 14.8036 -3.46063, 5.20711 25.22 -1.00939, 
      -0.18 14.8036 -3.46063, 5.57 0 5, 
      6.57 0 5, -0.18 14.8036 -2.70773, 
      1.585 5.9175 9.48, -0.68 14.8036 -2.70773, 
      1.9325 5.9175 9.48, -0.18 3.71 2.49007, 
      2.9325 4.2825 9.48, 0.32 3.71 2.49007, 
      3.5675 4.2825 9.48, 4.5675 5.9175 9.48, 
      -0.18 14.8036 3.46063, 4.915 5.9175 9.48, 
      0.32 14.8036 3.46063, 4.07 0 -4.33013, 
      4.19772 0 -2.75772, -0.68 14.8036 2.70773, 
      -0.18 14.8036 2.70773, 0.32 15.26 -3.95873, 
      -0.18 15.26 -3.95873, -0.18 4.46 -1.80278, 
      -0.68 4.46 -1.80278, 2.4325 6.05147 9.48, 
      4.0675 6.05147 9.48, 2.4325 5.14853 5, 
      2.44939 25.22 3.76711, 4.0675 5.14853 5, 
      4.19772 0 2.75772, -0.18 15.01 3.52571, 
      0.65 15.26 3.9, -0.18 15.26 -3.20583, 
      0.32 15.01 3.52571, -0.5 2 4, 
      -0.68 15.26 -3.20583, 1.2 15.26 3.9, 
      0.5 2 4, 2.8641 25.22 -4.82963, 
      5.10553 25.22 -3.53553, -0.68 15.01 2.77281, 
      -0.18 15.01 2.77281, 1.585 5.2825 5, 
      1.9325 5.2825 5, 2.9325 6.9175 5, 
      3.5675 6.9175 5, 5.34 25.22 9.55224e-16, 
      4.5675 5.2825 5, 4.915 5.2825 5, 
      6.57 25.22 0, 0.65 25.22 3.9, 
      1.2 25.22 3.9, 1.44 25.22 3.9, 
      4.8175 25.22 1.95, -0.68 15.26 5, 
      0.65 15.26 5, 2.44939 25.22 -3.76711, 
      5.57 15.26 5, 6.57 15.26 5, 
      2.79853 6.4175 9.48, 2.79853 4.7825 9.48, 
      5.90013 0 -2.5, 3.70147 6.4175 9.48, 
      6.39963 25.22 -1.2941, 3.70147 4.7825 9.48, 
      5.57 15.26 6, 3.39 25.22 3.3775, 
      6.57 15.26 6, 0.65 25.22 5, 
      5.20711 0 -1.00939, 2.9325 3.935 5, 
      4.8175 25.22 -1.95, 3.25 3.935 5, 
      3.5675 3.935 5, 5.57 25.22 5, 
      6.57 25.22 5, 2.9325 7.265 5, 
      3.25 7.265 5, 3.5675 7.265 5, 
      -0.18 15.193 3.70873, 1.44 25.22 -3.9, 
      1.2 25.22 -3.9, 0.32 15.193 3.70873, 
      0.65 25.22 -3.9, 5.20711 0 1.00939, 
      -0.68 15.193 2.95583, -0.18 15.193 2.95583, 
      0.32 3.71 -2.49007, 1.2 15.26 -3.9, 
      -0.18 3.71 -2.49007, 0.65 15.26 -3.9, 
      3.39 25.22 -3.3775, 4.19772 25.22 2.75772, 
      -0.68 4.46 1.80278, -0.18 4.46 1.80278, 
      2.8641 0 -4.82963, 5.10553 0 -3.53553, 
      2.4325 5.14853 9.48, 1.57 25.22 -5, 
      0.65 25.22 -5, 4.0675 5.14853 9.48, 
      1.585 5.9175 5, 1.9325 5.9175 5, 
      2.9325 4.2825 5, 3.5675 4.2825 5, 
      4.5675 5.9175 5, 4.915 5.9175 5, 
      1.585 5.2825 9.48, 1.9325 5.2825 9.48, 
      2.9325 6.9175 9.48, 3.5675 6.9175 9.48, 
      0.65 15.26 -5, 4.5675 5.2825 9.48, 
      -0.68 15.26 -5, 4.915 5.2825 9.48, 
      4.07 25.22 -4.33013, 2.4325 6.05147 5, 
      4.0675 6.05147 5, 4.19772 25.22 -2.75772, 
      2.44939 0 -3.76711, 0.5 2 -4, 
      -0.5 2 -4, -0.18 15.26 3.95873, 
      0.32 15.26 3.95873, 2.44939 0 3.76711, 
      6.39963 0 -1.2941, -0.68 15.26 3.20583, 
      -0.18 15.26 3.20583, 4.8175 0 -1.95
    ]
  }

  Normal
  {
    vector
    [
      -0.9914 0.0000 0.0000,-1.0000 0.0000 0.0000,
      1.0000 0.0000 0.0000,0.0000 0.3007 -0.9537,
      0.0000 0.0000 -1.0000,0.0000 0.0000 1.0000,
      -0.9659 0.2588 0.0000,0.9659 -0.2588 0.0000,
      0.9659 0.2588 0.0000,-0.9659 -0.2588 0.0000,
      0.0000 0.9659 -0.2588,-0.8586 0.0000 0.4957,
      0.8586 0.0000 -0.4957,-0.8586 0.0000 -0.4957,
      -0.8365 0.4830 0.0000,0.8365 -0.4830 0.0000,
      0.8365 0.4830 0.0000,-0.8365 -0.4830 0.0000,
      0.0000 0.5039 -0.8304,0.0000 0.9659 0.2588,
      0.0000 0.3007 0.9537,0.4957 0.0000 -0.8586,
      -0.4957 0.0000 0.8586,-0.4957 0.0000 -0.8586,
      -0.2566 0.0000 0.9577,0.2566 0.0000 -0.9577,
      -0.2566 0.0000 -0.9577,-0.4830 0.8365 0.0000,
      0.4830 -0.8365 0.0000,-0.1305 0.0000 0.9914,
      0.1305 0.0000 -0.9914,-0.4830 -0.8365 0.0000,
      0.4830 0.8365 0.0000,-0.1305 0.0000 -0.9914,
      -0.2588 0.9659 0.0000,0.2588 -0.9659 0.0000,
      0.0000 0.7071 0.7071,-0.2588 -0.9659 0.0000,
      0.2588 0.9659 0.0000,0.0000 1.0000 0.0000,
      0.0000 -1.0000 0.0000,-0.9577 0.0000 0.2566,
      0.9577 0.0000 -0.2566,-0.9577 0.0000 -0.2566,
      0.0000 0.0872 -0.9962,-0.7011 0.0000 0.7011,
      0.7011 0.0000 -0.7011,-0.7011 0.0000 -0.7011,
      0.0000 0.0872 0.9962,0.9914 0.0000 -0.1305,
      0.0000 0.8365 -0.4830,0.0000 0.8365 0.4830,
      0.0000 0.5039 0.8304
    ]
  }

    Node_Info
    {
      fields [SFString node_type, SFString node_name]
      node_type "Poly_Surface"
      node_name ""
    }
    NormalBinding { value PER_VERTEX_INDEXED }
    Separator
    {
      MatrixTransform
      {
      matrix 1.0000 0.0000 0.0000 0.0000
             0.0000 0.0000 1.0000 0.0000
             0.0000 -1.0000 0.0000 0.0000
             24.6300 0.0000 0.0000 1.0000
      }
      IndexedFaceSet
      {
      coordIndex
      [
        26, 158, 135, -1,
        135, 158, 1, -1,
        135, 1, 29, -1,
        29, 1, 3, -1,
        29, 3, 32, -1,
        32, 3, 12, -1,
        32, 12, 42, -1,
        42, 12, 13, -1,
        42, 13, 163, -1,
        34, 134, 37, -1,
        37, 134, 31, -1,
        37, 31, 36, -1,
        36, 31, 28, -1,
        36, 28, 41, -1,
        41, 28, 42, -1,
        55, 135, 29, -1,
        55, 29, 31, -1,
        55, 31, 134, -1,
        42, 163, 35, -1,
        42, 35, 68, -1,
        42, 68, 14, -1,
        42, 14, 123, -1,
        42, 123, 5, -1,
        42, 5, 11, -1,
        56, 100, 167, -1,
        167, 100, 164, -1,
        167, 164, 108, -1,
        108, 164, 11, -1,
        108, 11, 5, -1,
        26, 135, 100, -1,
        26, 100, 56, -1,
        32, 42, 28, -1,
        91, 90, 107, -1,
        91, 107, 113, -1,
        91, 113, 114, -1,
        91, 114, 66, -1,
        114, 88, 85, -1,
        114, 85, 7, -1,
        114, 7, 92, -1,
        114, 92, 131, -1,
        114, 131, 105, -1,
        114, 105, 66, -1,
        130, 157, 33, -1,
        33, 157, 110, -1,
        33, 110, 102, -1,
        102, 110, 39, -1,
        102, 39, 88, -1,
        88, 39, 85, -1,
        78, 154, 119, -1,
        78, 119, 95, -1,
        78, 95, 130, -1,
        78, 130, 33, -1,
        154, 77, 122, -1,
        154, 122, 120, -1,
        154, 120, 119, -1,
        137, 138, 122, -1,
        137, 122, 77, -1,
        107, 90, 89, -1,
        5, 123, 7, -1,
        5, 7, 85, -1,
        96, 41, 42, -1,
        96, 42, 97, -1,
        100, 135, 78, -1,
        100, 78, 33, -1,
        164, 100, 33, -1,
        164, 33, 102, -1,
        11, 164, 102, -1,
        11, 102, 88, -1,
        97, 42, 11, -1,
        97, 11, 88, -1,
        97, 88, 114, -1,
        97, 114, 8, -1,
        97, 8, 106, -1,
        0, 104, 106, -1,
        0, 106, 8, -1,
        113, 96, 104, -1,
        113, 104, 0, -1,
        106, 104, 96, -1,
        106, 96, 97, -1,
        114, 113, 0, -1,
        114, 0, 8, -1,
        144, 51, 53, -1,
        144, 53, 145, -1,
        87, 153, 151, -1,
        87, 151, 86, -1,
        153, 87, 145, -1,
        153, 145, 53, -1,
        151, 139, 67, -1,
        151, 67, 86, -1,
        51, 144, 156, -1,
        51, 156, 64, -1,
        16, 15, 9, -1,
        9, 15, 148, -1,
        9, 148, 48, -1,
        48, 148, 98, -1,
        48, 98, 99, -1,
        99, 98, 63, -1,
        99, 63, 136, -1,
        136, 63, 46, -1,
        136, 46, 147, -1,
        147, 46, 44, -1,
        147, 44, 146, -1,
        16, 9, 10, -1,
        16, 10, 50, -1,
        16, 50, 149, -1,
        16, 149, 17, -1,
        149, 103, 101, -1,
        101, 103, 139, -1,
        101, 139, 64, -1,
        64, 139, 151, -1,
        64, 151, 51, -1,
        51, 151, 153, -1,
        51, 153, 53, -1,
        103, 149, 50, -1,
        9, 48, 6, -1,
        26, 56, 157, -1,
        26, 157, 130, -1,
        134, 34, 137, -1,
        134, 137, 77, -1,
        55, 134, 77, -1,
        55, 77, 154, -1,
        154, 78, 135, -1,
        154, 135, 55, -1,
        12, 3, 127, -1,
        12, 127, 75, -1,
        150, 138, 137, -1,
        150, 137, 34, -1,
        150, 34, 37, -1,
        150, 37, 152, -1,
        152, 37, 62, -1,
        152, 62, 45, -1,
        152, 45, 19, -1,
        152, 19, 30, -1,
        152, 30, 74, -1,
        132, 62, 37, -1,
        132, 37, 36, -1,
        132, 36, 93, -1,
        132, 93, 57, -1,
        93, 165, 124, -1,
        93, 124, 79, -1,
        93, 79, 57, -1,
        152, 60, 150, -1,
        150, 60, 59, -1,
        150, 59, 129, -1,
        129, 59, 162, -1,
        129, 162, 127, -1,
        127, 162, 70, -1,
        127, 70, 75, -1,
        93, 94, 162, -1,
        93, 162, 161, -1,
        93, 161, 166, -1,
        93, 166, 165, -1,
        60, 152, 74, -1,
        60, 74, 71, -1,
        70, 162, 94, -1,
        133, 58, 52, -1,
        52, 58, 80, -1,
        52, 80, 69, -1,
        69, 80, 125, -1,
        69, 125, 118, -1,
        118, 125, 166, -1,
        118, 166, 161, -1,
        61, 133, 47, -1,
        61, 47, 128, -1,
        61, 128, 40, -1,
        61, 40, 43, -1,
        43, 4, 18, -1,
        18, 4, 21, -1,
        18, 21, 27, -1,
        27, 21, 60, -1,
        27, 60, 71, -1,
        43, 40, 4, -1,
        47, 133, 52, -1,
        126, 54, 38, -1,
        38, 54, 72, -1,
        38, 72, 2, -1,
        2, 72, 121, -1,
        2, 121, 20, -1,
        20, 121, 162, -1,
        20, 162, 59, -1,
        54, 126, 49, -1,
        73, 160, 159, -1,
        73, 159, 76, -1,
        31, 29, 159, -1,
        31, 159, 160, -1,
        29, 32, 76, -1,
        29, 76, 159, -1,
        32, 28, 73, -1,
        32, 73, 76, -1,
        60, 21, 20, -1,
        60, 20, 59, -1,
        40, 128, 126, -1,
        40, 126, 38, -1,
        21, 4, 2, -1,
        21, 2, 20, -1,
        4, 40, 38, -1,
        4, 38, 2, -1,
        128, 47, 49, -1,
        128, 49, 126, -1,
        54, 49, 47, -1,
        54, 47, 52, -1,
        118, 161, 162, -1,
        118, 162, 121, -1,
        52, 69, 72, -1,
        52, 72, 54, -1,
        69, 118, 121, -1,
        69, 121, 72, -1,
        124, 165, 166, -1,
        124, 166, 125, -1,
        58, 133, 132, -1,
        58, 132, 57, -1,
        80, 58, 57, -1,
        80, 57, 79, -1,
        79, 124, 125, -1,
        79, 125, 80, -1,
        45, 62, 61, -1,
        45, 61, 43, -1,
        28, 31, 160, -1,
        28, 160, 73, -1,
        62, 132, 133, -1,
        62, 133, 61, -1,
        74, 30, 27, -1,
        74, 27, 71, -1,
        30, 19, 18, -1,
        30, 18, 27, -1,
        43, 18, 19, -1,
        43, 19, 45, -1,
        150, 129, 122, -1,
        150, 122, 138, -1,
        70, 94, 107, -1,
        70, 107, 89, -1,
        120, 122, 129, -1,
        120, 129, 127, -1,
        70, 89, 90, -1,
        70, 90, 75, -1,
        35, 163, 66, -1,
        35, 66, 105, -1,
        109, 142, 23, -1,
        109, 23, 65, -1,
        109, 65, 82, -1,
        109, 82, 41, -1,
        109, 41, 111, -1,
        41, 96, 145, -1,
        41, 145, 87, -1,
        41, 87, 86, -1,
        41, 86, 67, -1,
        41, 67, 25, -1,
        41, 25, 143, -1,
        41, 143, 112, -1,
        41, 112, 111, -1,
        113, 107, 140, -1,
        113, 140, 141, -1,
        113, 141, 155, -1,
        113, 155, 22, -1,
        113, 22, 115, -1,
        113, 115, 116, -1,
        113, 116, 117, -1,
        113, 117, 24, -1,
        113, 24, 156, -1,
        113, 156, 144, -1,
        113, 144, 145, -1,
        113, 145, 96, -1,
        81, 140, 107, -1,
        81, 107, 94, -1,
        81, 94, 93, -1,
        81, 93, 36, -1,
        81, 36, 41, -1,
        81, 41, 82, -1,
        24, 117, 84, -1,
        115, 22, 83, -1,
        141, 140, 44, -1,
        141, 44, 46, -1,
        10, 112, 143, -1,
        10, 143, 50, -1,
        109, 6, 48, -1,
        109, 48, 142, -1,
        9, 111, 112, -1,
        9, 112, 10, -1,
        6, 109, 111, -1,
        6, 111, 9, -1,
        146, 81, 82, -1,
        146, 82, 147, -1,
        140, 81, 146, -1,
        140, 146, 44, -1,
        99, 23, 142, -1,
        99, 142, 48, -1,
        136, 65, 23, -1,
        136, 23, 99, -1,
        147, 82, 65, -1,
        147, 65, 136, -1,
        103, 25, 67, -1,
        103, 67, 139, -1,
        50, 143, 25, -1,
        50, 25, 103, -1,
        98, 22, 155, -1,
        98, 155, 63, -1,
        84, 117, 17, -1,
        84, 17, 149, -1,
        101, 24, 84, -1,
        101, 84, 149, -1,
        64, 156, 24, -1,
        64, 24, 101, -1,
        148, 83, 22, -1,
        148, 22, 98, -1,
        116, 115, 15, -1,
        116, 15, 16, -1,
        117, 116, 16, -1,
        117, 16, 17, -1,
        115, 83, 148, -1,
        115, 148, 15, -1,
        63, 155, 141, -1,
        63, 141, 46, -1,
        158, 26, 130, -1,
        158, 130, 95, -1,
        163, 13, 91, -1,
        163, 91, 66, -1,
        68, 35, 105, -1,
        68, 105, 131, -1,
        14, 68, 131, -1,
        14, 131, 92, -1,
        123, 14, 92, -1,
        123, 92, 7, -1,
        108, 5, 85, -1,
        108, 85, 39, -1,
        91, 13, 12, -1,
        91, 12, 75, -1,
        91, 75, 90, -1,
        167, 108, 39, -1,
        167, 39, 110, -1,
        56, 167, 110, -1,
        56, 110, 157, -1,
        1, 158, 95, -1,
        1, 95, 119, -1,
        1, 119, 120, -1,
        1, 120, 127, -1,
        1, 127, 3, -1
          ]
      normalIndex
      [
40, 40, 40, -1,
        40, 40, 40, -1,
        40, 40, 40, -1,
        40, 40, 40, -1,
        40, 40, 40, -1,
        40, 40, 40, -1,
        40, 40, 40, -1,
        40, 40, 40, -1,
        40, 40, 40, -1,
        40, 40, 40, -1,
        40, 40, 40, -1,
        40, 40, 40, -1,
        40, 40, 40, -1,
        40, 40, 40, -1,
        40, 40, 40, -1,
        40, 40, 40, -1,
        40, 40, 40, -1,
        40, 40, 40, -1,
        40, 40, 40, -1,
        40, 40, 40, -1,
        40, 40, 40, -1,
        40, 40, 40, -1,
        40, 40, 40, -1,
        40, 40, 40, -1,
        40, 40, 40, -1,
        40, 40, 40, -1,
        40, 40, 40, -1,
        40, 40, 40, -1,
        40, 40, 40, -1,
        40, 40, 40, -1,
        40, 40, 40, -1,
        40, 40, 40, -1,
        39, 39, 39, -1,
        39, 39, 39, -1,
        39, 39, 39, -1,
        39, 39, 39, -1,
        39, 39, 39, -1,
        39, 39, 39, -1,
        39, 39, 39, -1,
        39, 39, 39, -1,
        39, 39, 39, -1,
        39, 39, 39, -1,
        39, 39, 39, -1,
        39, 39, 39, -1,
        39, 39, 39, -1,
        39, 39, 39, -1,
        39, 39, 39, -1,
        39, 39, 39, -1,
        39, 39, 39, -1,
        39, 39, 39, -1,
        39, 39, 39, -1,
        39, 39, 39, -1,
        39, 39, 39, -1,
        39, 39, 39, -1,
        39, 39, 39, -1,
        39, 39, 39, -1,
        39, 39, 39, -1,
        39, 39, 39, -1,
        0, 43, 43, -1,
        0, 43, 0, -1,
        5, 5, 5, -1,
        5, 5, 5, -1,
        12, 46, 46, -1,
        12, 46, 12, -1,
        42, 12, 12, -1,
        42, 12, 42, -1,
        49, 42, 42, -1,
        49, 42, 49, -1,
        2, 2, 2, -1,
        2, 2, 2, -1,
        2, 2, 2, -1,
        2, 2, 2, -1,
        2, 2, 2, -1,
        5, 5, 5, -1,
        5, 5, 5, -1,
        1, 1, 1, -1,
        1, 1, 1, -1,
        40, 40, 40, -1,
        40, 40, 40, -1,
        36, 36, 36, -1,
        36, 36, 36, -1,
        39, 39, 39, -1,
        39, 39, 39, -1,
        40, 40, 40, -1,
        40, 40, 40, -1,
        2, 2, 2, -1,
        2, 2, 2, -1,
        35, 28, 28, -1,
        35, 28, 35, -1,
        38, 38, 32, -1,
        38, 32, 32, -1,
        5, 5, 5, -1,
        5, 5, 5, -1,
        5, 5, 5, -1,
        5, 5, 5, -1,
        5, 5, 5, -1,
        5, 5, 5, -1,
        5, 5, 5, -1,
        5, 5, 5, -1,
        5, 5, 5, -1,
        5, 5, 5, -1,
        5, 5, 5, -1,
        5, 5, 5, -1,
        5, 5, 5, -1,
        5, 5, 5, -1,
        5, 5, 5, -1,
        5, 5, 5, -1,
        5, 5, 5, -1,
        5, 5, 5, -1,
        5, 5, 5, -1,
        5, 5, 5, -1,
        5, 5, 5, -1,
        5, 5, 5, -1,
        5, 5, 5, -1,
        5, 5, 5, -1,
        22, 45, 45, -1,
        22, 45, 22, -1,
        25, 30, 30, -1,
        25, 30, 25, -1,
        21, 25, 25, -1,
        21, 25, 21, -1,
        21, 46, 46, -1,
        21, 46, 21, -1,
        2, 2, 2, -1,
        2, 2, 2, -1,
        4, 4, 4, -1,
        4, 4, 4, -1,
        4, 4, 4, -1,
        4, 4, 4, -1,
        1, 1, 1, -1,
        1, 1, 1, -1,
        1, 1, 1, -1,
        1, 1, 1, -1,
        1, 1, 1, -1,
        1, 1, 1, -1,
        1, 1, 1, -1,
        1, 1, 1, -1,
        1, 1, 1, -1,
        1, 1, 1, -1,
        1, 1, 1, -1,
        1, 1, 1, -1,
        39, 39, 39, -1,
        39, 39, 39, -1,
        39, 39, 39, -1,
        39, 39, 39, -1,
        39, 39, 39, -1,
        39, 39, 39, -1,
        39, 39, 39, -1,
        39, 39, 39, -1,
        39, 39, 39, -1,
        39, 39, 39, -1,
        39, 39, 39, -1,
        39, 39, 39, -1,
        39, 39, 39, -1,
        39, 39, 39, -1,
        2, 2, 2, -1,
        2, 2, 2, -1,
        2, 2, 2, -1,
        2, 2, 2, -1,
        2, 2, 2, -1,
        2, 2, 2, -1,
        2, 2, 2, -1,
        2, 2, 2, -1,
        2, 2, 2, -1,
        2, 2, 2, -1,
        2, 2, 2, -1,
        2, 2, 2, -1,
        2, 2, 2, -1,
        2, 2, 2, -1,
        2, 2, 2, -1,
        2, 2, 2, -1,
        2, 2, 2, -1,
        2, 2, 2, -1,
        1, 1, 1, -1,
        1, 1, 1, -1,
        1, 1, 1, -1,
        1, 1, 1, -1,
        1, 1, 1, -1,
        1, 1, 1, -1,
        1, 1, 1, -1,
        1, 1, 1, -1,
        40, 40, 40, -1,
        40, 40, 40, -1,
        5, 5, 5, -1,
        5, 5, 5, -1,
        1, 1, 1, -1,
        1, 1, 1, -1,
        4, 4, 4, -1,
        4, 4, 4, -1,
        19, 51, 51, -1,
        19, 51, 19, -1,
        48, 48, 48, -1,
        48, 48, 48, -1,
        51, 52, 52, -1,
        51, 52, 51, -1,
        52, 20, 20, -1,
        52, 20, 52, -1,
        39, 39, 39, -1,
        39, 39, 39, -1,
        44, 44, 44, -1,
        44, 44, 44, -1,
        50, 10, 10, -1,
        50, 10, 50, -1,
        3, 18, 18, -1,
        3, 18, 3, -1,
        18, 50, 50, -1,
        18, 50, 18, -1,
        50, 10, 10, -1,
        50, 10, 50, -1,
        44, 44, 44, -1,
        44, 44, 44, -1,
        18, 3, 3, -1,
        18, 3, 18, -1,
        18, 50, 50, -1,
        18, 50, 18, -1,
        48, 48, 48, -1,
        48, 48, 48, -1,
        2, 2, 2, -1,
        2, 2, 2, -1,
        39, 39, 39, -1,
        39, 39, 39, -1,
        19, 51, 51, -1,
        19, 51, 19, -1,
        51, 52, 52, -1,
        51, 52, 51, -1,
        20, 52, 52, -1,
        20, 52, 20, -1,
        1, 1, 1, -1,
        1, 1, 1, -1,
        1, 1, 1, -1,
        1, 1, 1, -1,
        5, 5, 5, -1,
        5, 5, 5, -1,
        4, 4, 4, -1,
        4, 4, 4, -1,
        23, 26, 26, -1,
        23, 26, 23, -1,
        5, 5, 5, -1,
        5, 5, 5, -1,
        5, 5, 5, -1,
        5, 5, 5, -1,
        5, 5, 5, -1,
        5, 5, 5, -1,
        5, 5, 5, -1,
        5, 5, 5, -1,
        5, 5, 5, -1,
        5, 5, 5, -1,
        5, 5, 5, -1,
        5, 5, 5, -1,
        5, 5, 5, -1,
        5, 5, 5, -1,
        5, 5, 5, -1,
        5, 5, 5, -1,
        5, 5, 5, -1,
        5, 5, 5, -1,
        5, 5, 5, -1,
        5, 5, 5, -1,
        5, 5, 5, -1,
        5, 5, 5, -1,
        5, 5, 5, -1,
        5, 5, 5, -1,
        5, 5, 5, -1,
        5, 5, 5, -1,
        5, 5, 5, -1,
        5, 5, 5, -1,
        5, 5, 5, -1,
        5, 5, 5, -1,
        5, 5, 5, -1,
        5, 5, 5, -1,
        5, 5, 5, -1,
        39, 39, 39, -1,
        39, 39, 39, -1,
        2, 2, 2, -1,
        2, 2, 2, -1,
        1, 1, 1, -1,
        1, 1, 1, -1,
        40, 40, 40, -1,
        40, 40, 40, -1,
        40, 40, 40, -1,
        40, 40, 40, -1,
        40, 40, 40, -1,
        40, 40, 40, -1,
        1, 1, 1, -1,
        1, 1, 1, -1,
        17, 17, 9, -1,
        17, 9, 9, -1,
        31, 31, 17, -1,
        31, 17, 17, -1,
        37, 37, 31, -1,
        37, 31, 31, -1,
        15, 15, 28, -1,
        15, 28, 28, -1,
        7, 7, 15, -1,
        7, 15, 15, -1,
        14, 14, 27, -1,
        14, 27, 27, -1,
        2, 2, 2, -1,
        2, 2, 2, -1,
        16, 16, 8, -1,
        16, 8, 8, -1,
        32, 32, 16, -1,
        32, 16, 16, -1,
        6, 6, 14, -1,
        6, 14, 14, -1,
        39, 39, 39, -1,
        39, 39, 39, -1,
        39, 39, 39, -1,
        39, 39, 39, -1,
        1, 1, 1, -1,
        1, 1, 1, -1,
        27, 27, 34, -1,
        27, 34, 34, -1,
        24, 22, 22, -1,
        24, 22, 24, -1,
        26, 33, 33, -1,
        26, 33, 26, -1,
        47, 23, 23, -1,
        47, 23, 47, -1,
        13, 47, 47, -1,
        13, 47, 13, -1,
        43, 13, 13, -1,
        43, 13, 43, -1,
        41, 0, 0, -1,
        41, 0, 41, -1,
        4, 4, 4, -1,
        4, 4, 4, -1,
        4, 4, 4, -1,
        11, 41, 41, -1,
        11, 41, 11, -1,
        45, 11, 11, -1,
        45, 11, 45, -1,
        29, 24, 24, -1,
        29, 24, 29, -1,
        5, 5, 5, -1,
        5, 5, 5, -1,
        5, 5, 5, -1
              ]
      }
    }
  }
}
DEF _ET60S-D02-R1_pow Group
{
Shape 
{
  Node_info
  {
    fields [SFString node_type, SFString node_name]
    node_type "Poly_Geom_Data"
    node_name ""
  }

    Material
    {
      ambientColor [0.77 0.77 0.77]
      diffuseColor [0.77 0.77 0.77]
      specularColor [0.8 0.8 0.8]
      shininess [0.5]
      transparency [0.00]
    }

  Coordinate3
  {
    point
    [
      -4.57 11.3201 4.18, -4.57 5.28 4.65, 
      -1.57 3.495 4.5201, 0.93 5.718 7.84, 
      -3.93 11.3201 4.18, -3.93 5.28 4.65, 
      -0.93 3.495 4.5201, 1.57 5.718 7.84, 
      0.93 3.495 4.5201, -1.57 11.3201 4.18, 
      -1.57 5.28 4.65, 1.57 3.495 4.5201, 
      -4.57 10.718 7.84, 3.93 5.718 7.84, 
      -0.93 11.3201 4.18, -0.93 5.28 4.65, 
      -3.93 10.718 7.84, 4.57 5.718 7.84, 
      -4.57 5.205 4.5201, -3.93 5.205 4.5201, 
      0.93 11.3201 4.18, 0.93 5.28 4.65, 
      -4.57 8.495 4.5201, 3.93 3.495 4.5201, 
      1.57 11.3201 4.18, 1.57 5.28 4.65, 
      -3.93 8.495 4.5201, 4.57 3.495 4.5201, 
      -1.57 10.718 7.84, -0.93 10.718 7.84, 
      -1.57 5.205 4.5201, -0.93 5.205 4.5201, 
      -4.57 10.28 4.65, 3.93 11.3201 4.18, 
      3.93 5.28 4.65, -1.57 8.495 4.5201, 
      0.93 10.718 7.84, -3.93 10.28 4.65, 
      -0.93 8.495 4.5201, 4.57 11.3201 4.18, 
      4.57 5.28 4.65, 1.57 10.718 7.84, 
      0.93 5.205 4.5201, 1.57 5.205 4.5201, 
      0.93 8.495 4.5201, -1.57 10.28 4.65, 
      1.57 8.495 4.5201, 3.93 10.718 7.84, 
      -0.93 10.28 4.65, 4.57 10.718 7.84, 
      -4.57 10.205 4.5201, 3.93 5.205 4.5201, 
      -4.57 11.07 4.79, -3.93 10.205 4.5201, 
      4.57 5.205 4.5201, -3.93 11.07 4.79, 
      0.93 10.28 4.65, 3.93 8.495 4.5201, 
      4.57 0.28 -4.15, 1.57 10.28 4.65, 
      4.57 8.495 4.5201, 3.93 0.28 -4.15, 
      -1.57 10.205 4.5201, -1.57 11.07 4.79, 
      -0.93 10.205 4.5201, -0.93 11.07 4.79, 
      3.93 10.28 4.65, 1.57 0.28 -4.15, 
      4.57 10.28 4.65, 0.93 10.205 4.5201, 
      0.93 0.28 -4.15, 0.93 11.07 4.79, 
      1.57 10.205 4.5201, 1.57 11.07 4.79, 
      -0.93 0.28 -4.15, -1.57 0.28 -4.15, 
      3.93 10.205 4.5201, 3.93 11.07 4.79, 
      4.57 10.205 4.5201, 4.57 11.07 4.79, 
      -3.93 0.28 -4.15, -4.57 10.92 4.94, 
      3.93 13 -3.98311, -4.57 0.28 -4.15, 
      -3.93 10.92 4.94, 1.57 13 -3.98311, 
      -1.57 10.92 4.94, 0.93 13 -3.98311, 
      -0.93 10.92 4.94, -0.93 13 -3.98311, 
      0.93 10.92 4.94, -1.57 13 -3.98311, 
      1.57 10.92 4.94, -3.93 13 -3.98311, 
      3.93 10.92 4.94, 4.57 10.92 4.94, 
      -4.57 3.42 7.49, -3.93 3.42 7.49, 
      -4.57 11.3 4.79, -1.57 3.42 7.49, 
      -3.93 11.3 4.79, -0.93 3.42 7.49, 
      -4.57 2.63 4.5, -3.93 2.63 4.5, 
      -1.57 11.3 4.79, 0.93 3.42 7.49, 
      -0.93 11.3 4.79, 1.57 3.42 7.49, 
      -1.57 2.63 4.5, -0.93 2.63 4.5, 
      0.93 11.3 4.79, -4.57 8.42 7.49, 
      3.93 3.42 7.49, 1.57 11.3 4.79, 
      -4.57 10.995 4.8101, -3.93 8.42 7.49, 
      4.57 3.42 7.49, 0.93 2.63 4.5, 
      -3.93 10.995 4.8101, 1.57 2.63 4.5, 
      3.93 11.3 4.79, -1.57 8.42 7.49, 
      4.57 11.3 4.79, -4.57 1.07 4.5, 
      -1.57 10.995 4.8101, -0.93 8.42 7.49, 
      -3.93 1.07 4.5, -4.57 7.63 4.5, 
      3.93 2.63 4.5, -0.93 10.995 4.8101, 
      -3.93 7.63 4.5, 4.57 2.63 4.5, 
      -4.57 0.28 7.49, 0.93 8.42 7.49, 
      -3.93 0.28 7.49, 0.93 10.995 4.8101, 
      -1.57 1.07 4.5, 1.57 8.42 7.49, 
      1.57 10.995 4.8101, -1.57 7.63 4.5, 
      -0.93 1.07 4.5, -4.57 3.4401 4.575, 
      -4.57 2.982 7.84, -0.93 7.63 4.5, 
      -3.93 3.4401 4.575, -3.93 2.982 7.84, 
      -1.57 0.28 7.49, 3.93 8.42 7.49, 
      0.93 1.07 4.5, -0.93 0.28 7.49, 
      3.93 10.995 4.8101, 4.57 8.42 7.49, 
      0.93 7.63 4.5, 1.57 1.07 4.5, 
      4.57 10.995 4.8101, 1.57 7.63 4.5, 
      -1.57 3.4401 4.575, -1.57 2.982 7.84, 
      -0.93 3.4401 4.575, 0.93 0.28 7.49, 
      -0.93 2.982 7.84, 1.57 0.28 7.49, 
      -4.57 6.07 4.5, 3.93 1.07 4.5, 
      -3.93 6.07 4.5, 3.93 7.63 4.5, 
      4.57 1.07 4.5, 0.93 3.4401 4.575, 
      0.93 2.982 7.84, 4.57 7.63 4.5, 
      1.57 3.4401 4.575, 1.57 2.982 7.84, 
      -4.57 0.92 4.65, -4.57 5.28 7.49, 
      3.93 0.28 7.49, -3.93 0.92 4.65, 
      -3.93 5.28 7.49, 4.57 0.28 7.49, 
      -1.57 6.07 4.5, -0.93 6.07 4.5, 
      -4.57 8.4401 4.575, 3.93 3.4401 4.575, 
      -4.57 7.982 7.84, 3.93 2.982 7.84, 
      -3.93 8.4401 4.575, 4.57 3.4401 4.575, 
      -3.93 7.982 7.84, 4.57 2.982 7.84, 
      -1.57 0.92 4.65, -1.57 5.28 7.49, 
      0.93 6.07 4.5, -0.93 0.92 4.65, 
      -0.93 5.28 7.49, -3.93 13 4.03803, 
      1.57 6.07 4.5, -1.57 8.4401 4.575, 
      -1.57 7.982 7.84, 4.57 0.28 -2.336, 
      0.93 0.92 4.65, -0.93 8.4401 4.575, 
      0.93 5.28 7.49, -0.93 7.982 7.84, 
      3.93 0.28 -2.336, 1.57 0.92 4.65, 
      -4.57 12.884 4.105, 1.57 5.28 7.49, 
      -1.57 13 4.03803, 3.93 6.07 4.5, 
      -3.93 12.884 4.105, -0.93 13 4.03803, 
      4.57 6.07 4.5, 0.93 8.4401 4.575, 
      0.93 7.982 7.84, 3.93 13.1 -3.3, 
      1.57 8.4401 4.575, 1.57 7.982 7.84, 
      1.57 0.28 -2.336, -4.57 5.92 4.65, 
      3.93 0.92 4.65, -4.57 10.28 7.49, 
      3.93 5.28 7.49, 0.93 0.28 -2.336, 
      0.93 13 4.03803, -3.93 5.92 4.65, 
      4.57 0.92 4.65, -1.57 12.884 4.105, 
      -3.93 10.28 7.49, 4.57 5.28 7.49, 
      1.57 13 4.03803, -0.93 12.884 4.105, 
      1.57 13.1 -3.3, 3.93 8.4401 4.575, 
      3.93 7.982 7.84, -0.93 0.28 -2.336, 
      0.93 13.1 -3.3, 4.57 8.4401 4.575, 
      4.57 7.982 7.84, -1.57 0.28 -2.336, 
      -1.57 5.92 4.65, -1.57 10.28 7.49, 
      -4.57 5.2599 4.575, 0.93 12.884 4.105, 
      3.93 13 4.03803, -0.93 5.92 4.65, 
      -0.93 10.28 7.49, -3.93 5.2599 4.575, 
      1.57 12.884 4.105, -0.93 13.1 -3.3, 
      -1.57 13.1 -3.3, -3.93 0.28 -2.336, 
      0.93 5.92 4.65, 0.93 10.28 7.49, 
      -4.57 0.28 -2.336, 1.57 5.92 4.65, 
      -1.57 5.2599 4.575, 3.93 12.884 4.105, 
      1.57 10.28 7.49, -0.93 5.2599 4.575, 
      4.57 12.884 4.105, -3.93 13.1 -3.3, 
      3.93 5.92 4.65, 3.93 10.28 7.49, 
      0.93 5.2599 4.575, -4.57 3.218 7.84, 
      4.57 5.92 4.65, 4.57 10.28 7.49, 
      1.57 5.2599 4.575, -3.93 3.218 7.84, 
      3.93 13 -3.3, -4.57 0.995 4.5201, 
      -3.93 0.995 4.5201, -4.57 10.2599 4.575, 
      3.93 5.2599 4.575, -1.57 3.218 7.84, 
      1.57 13 -3.3, -3.93 10.2599 4.575, 
      -0.93 3.218 7.84, 4.57 5.2599 4.575, 
      0.93 13 -3.3, -4.57 2.78 4.65, 
      -1.57 0.995 4.5201, 0.93 3.218 7.84, 
      -3.93 2.78 4.65, -0.93 0.995 4.5201, 
      -0.93 13 -3.3, -1.57 10.2599 4.575, 
      1.57 3.218 7.84, -1.57 13 -3.3, 
      -0.93 10.2599 4.575, 0.93 0.995 4.5201, 
      -1.57 2.78 4.65, 1.57 0.995 4.5201, 
      0.93 10.2599 4.575, -4.57 8.218 7.84, 
      3.93 3.218 7.84, -0.93 2.78 4.65, 
      -3.93 13 -3.3, 1.57 10.2599 4.575, 
      -3.93 8.218 7.84, 4.57 3.218 7.84, 
      -4.57 2.705 4.5201, 4.57 12.711 -4.15, 
      -4.57 11.45 4.105, -3.93 2.705 4.5201, 
      3.93 12.711 -4.15, -3.93 11.45 4.105, 
      0.93 2.78 4.65, -4.57 5.995 4.5201, 
      3.93 0.995 4.5201, 1.57 2.78 4.65, 
      -3.93 5.995 4.5201, 4.57 0.995 4.5201, 
      3.93 10.2599 4.575, -1.57 8.218 7.84, 
      -0.93 8.218 7.84, 4.57 10.2599 4.575, 
      -1.57 2.705 4.5201, 1.57 12.711 -4.15, 
      -1.57 11.45 4.105, -0.93 2.705 4.5201, 
      0.93 12.711 -4.15, -0.93 11.45 4.105, 
      -4.57 7.78 4.65, 3.93 2.78 4.65, 
      -1.57 5.995 4.5201, 0.93 8.218 7.84, 
      -3.93 7.78 4.65, -0.93 5.995 4.5201, 
      4.57 2.78 4.65, 1.57 8.218 7.84, 
      0.93 2.705 4.5201, -0.93 12.711 -4.15, 
      0.93 11.45 4.105, 1.57 2.705 4.5201, 
      -1.57 12.711 -4.15, 1.57 11.45 4.105, 
      0.93 5.995 4.5201, -1.57 7.78 4.65, 
      1.57 5.995 4.5201, 3.93 8.218 7.84, 
      -0.93 7.78 4.65, 4.57 8.218 7.84, 
      -4.57 7.705 4.5201, 3.93 2.705 4.5201, 
      4.57 13.1 -3.92536, -3.93 12.711 -4.15, 
      3.93 11.45 4.105, -3.93 7.705 4.5201, 
      4.57 2.705 4.5201, -4.57 12.711 -4.15, 
      4.57 11.45 4.105, 0.93 7.78 4.65, 
      3.93 5.995 4.5201, 1.57 7.78 4.65, 
      4.57 5.995 4.5201, -4.57 11.3 4.255, 
      -3.93 11.3 4.255, -1.57 7.705 4.5201, 
      -0.93 7.705 4.5201, -4.57 10.9401 4.865, 
      3.93 7.78 4.65, -3.93 10.9401 4.865, 
      4.57 7.78 4.65, -1.57 11.3 4.255, 
      0.93 7.705 4.5201, -0.93 11.3 4.255, 
      1.57 7.705 4.5201, -1.57 10.9401 4.865, 
      0.93 11.3 4.255, -0.93 10.9401 4.865, 
      1.57 11.3 4.255, 3.93 7.705 4.5201, 
      4.57 7.705 4.5201, -4.57 13.1 -3.92536, 
      0.93 10.9401 4.865, 1.57 10.9401 4.865, 
      3.93 11.3 4.255, 4.57 11.3 4.255, 
      3.93 10.9401 4.865, -4.57 0.7 2.396, 
      4.57 10.9401 4.865, -3.93 0.7 2.396, 
      -1.57 0.7 2.396, -0.93 0.7 2.396, 
      -4.57 0.28 3.056, -3.93 0.28 3.056, 
      0.93 0.7 2.396, 1.57 0.7 2.396, 
      -1.57 0.28 3.056, -4.57 0.92 7.49, 
      -0.93 0.28 3.056, -4.57 11.375 4.1251, 
      -3.93 0.92 7.49, 3.93 0.7 2.396, 
      -3.93 11.375 4.1251, 4.57 0.7 2.396, 
      0.93 0.28 3.056, 1.57 0.28 3.056, 
      -1.57 0.92 7.49, -1.57 11.375 4.1251, 
      -0.93 0.92 7.49, -0.93 11.375 4.1251, 
      3.93 0.28 3.056, 0.93 0.92 7.49, 
      4.57 0.28 3.056, 0.93 11.375 4.1251, 
      1.57 0.92 7.49, 1.57 11.375 4.1251, 
      -4.57 5.92 7.49, 3.93 0.92 7.49, 
      -3.93 5.92 7.49, 3.93 11.375 4.1251, 
      4.57 0.92 7.49, 4.57 11.375 4.1251, 
      -1.57 5.92 7.49, -0.93 5.92 7.49, 
      -4.57 5.13 4.5, -3.93 5.13 4.5, 
      0.93 5.92 7.49, 1.57 5.92 7.49, 
      -1.57 5.13 4.5, -4.57 0.940096 4.575, 
      -4.57 0.482 7.84, -0.93 5.13 4.5, 
      -3.93 0.940096 4.575, -3.93 0.482 7.84, 
      -4.57 10.92 7.49, 3.93 5.92 7.49, 
      -3.93 10.92 7.49, 4.57 5.92 7.49, 
      0.93 5.13 4.5, 1.57 5.13 4.5, 
      -1.57 0.940096 4.575, -1.57 0.482 7.84, 
      -0.93 0.940096 4.575, -0.93 0.482 7.84, 
      -1.57 10.92 7.49, -4.57 3.57 4.5, 
      -0.93 10.92 7.49, -3.93 3.57 4.5, 
      -4.57 10.13 4.5, 3.93 5.13 4.5, 
      0.93 0.940096 4.575, 0.93 0.482 7.84, 
      -3.93 10.13 4.5, 4.57 5.13 4.5, 
      1.57 0.940096 4.575, 1.57 0.482 7.84, 
      -4.57 2.78 7.49, 0.93 10.92 7.49, 
      -3.93 2.78 7.49, -1.57 3.57 4.5, 
      1.57 10.92 7.49, -0.93 3.57 4.5, 
      -1.57 10.13 4.5, -4.57 5.9401 4.575, 
      3.93 0.940096 4.575, -4.57 5.482 7.84, 
      3.93 0.482 7.84, -0.93 10.13 4.5, 
      -3.93 5.9401 4.575, 4.57 0.940096 4.575, 
      -3.93 5.482 7.84, 4.57 0.482 7.84, 
      4.57 0.7 -1.676, -1.57 2.78 7.49, 
      3.93 10.92 7.49, 0.93 3.57 4.5, 
      3.93 0.7 -1.676, -0.93 2.78 7.49, 
      4.57 10.92 7.49, 1.57 3.57 4.5, 
      0.93 10.13 4.5, 1.57 10.13 4.5, 
      -1.57 5.9401 4.575, -1.57 5.482 7.84, 
      -0.93 5.9401 4.575, 0.93 2.78 7.49, 
      -0.93 5.482 7.84, 1.57 0.7 -1.676, 
      1.57 2.78 7.49, -4.57 8.57 4.5, 
      3.93 3.57 4.5, 0.93 0.7 -1.676, 
      -3.93 8.57 4.5, 4.57 3.57 4.5, 
      3.93 10.13 4.5, 0.93 5.9401 4.575, 
      0.93 5.482 7.84, 4.57 10.13 4.5, 
      1.57 5.9401 4.575, 1.57 5.482 7.84, 
      -4.57 3.42 4.65, -0.93 0.7 -1.676, 
      -4.57 7.78 7.49, 3.93 2.78 7.49, 
      -3.93 3.42 4.65, -1.57 0.7 -1.676, 
      -3.93 7.78 7.49, 4.57 2.78 7.49, 
      -1.57 8.57 4.5, -0.93 8.57 4.5, 
      3.93 5.9401 4.575, -4.57 10.482 7.84, 
      3.93 5.482 7.84, 4.57 5.9401 4.575, 
      -3.93 10.482 7.84, 4.57 5.482 7.84, 
      -1.57 3.42 4.65, -3.93 0.7 -1.676, 
      -1.57 7.78 7.49, -4.57 2.7599 4.575, 
      0.93 8.57 4.5, -0.93 3.42 4.65, 
      -4.57 0.7 -1.676, -0.93 7.78 7.49, 
      -3.93 2.7599 4.575, 1.57 8.57 4.5, 
      -1.57 10.482 7.84, -4.57 13.1 3.98029, 
      0.93 3.42 4.65, 0.93 7.78 7.49, 
      -0.93 10.482 7.84, -3.93 13.1 3.98029, 
      1.57 3.42 4.65, -1.57 2.7599 4.575, 
      1.57 7.78 7.49, 3.93 8.57 4.5, 
      -0.93 2.7599 4.575, 4.57 8.57 4.5, 
      0.93 10.482 7.84, 1.57 10.482 7.84, 
      -1.57 13.1 3.98029, -4.57 8.42 4.65, 
      3.93 3.42 4.65, 3.93 7.78 7.49, 
      0.93 2.7599 4.575, -4.57 0.718 7.84, 
      -0.93 13.1 3.98029, -3.93 8.42 4.65, 
      4.57 3.42 4.65, 4.57 7.78 7.49, 
      1.57 2.7599 4.575, -3.93 0.718 7.84, 
      3.93 10.482 7.84, 0.93 13.1 3.98029, 
      4.57 10.482 7.84, 1.57 13.1 3.98029, 
      -1.57 8.42 4.65, -4.57 7.7599 4.575, 
      3.93 2.7599 4.575, -1.57 0.718 7.84, 
      -0.93 8.42 4.65, -3.93 7.7599 4.575, 
      -0.93 0.718 7.84, 4.57 2.7599 4.575, 
      3.93 13.1 3.98029, 0.93 8.42 4.65, 
      0.93 0.718 7.84, 4.57 13.1 3.98029, 
      1.57 8.42 4.65, -1.57 7.7599 4.575, 
      1.57 0.718 7.84, -0.93 7.7599 4.575, 
      3.93 8.42 4.65, 0.93 7.7599 4.575, 
      -4.57 5.718 7.84, 3.93 0.718 7.84, 
      4.57 8.42 4.65, 1.57 7.7599 4.575, 
      -3.93 5.718 7.84, 4.57 0.718 7.84, 
      -4.57 3.495 4.5201, -3.93 3.495 4.5201, 
      3.93 7.7599 4.575, -1.57 5.718 7.84, 
      -0.93 5.718 7.84, 4.57 7.7599 4.575
    ]
  }

  Normal
  {
    vector
    [
      1.0000 0.0000 0.0000,-1.0000 0.0000 0.0000,
      0.0000 0.0000 1.0000,0.0000 0.0000 -1.0000,
      0.0000 0.8661 0.4999,0.0000 0.2588 0.9659,
      0.0000 0.5000 0.8660,0.0000 -0.9659 0.2588,
      0.0000 -0.8437 0.5369,0.0000 -0.8437 -0.5369,
      0.0000 0.4830 0.8365,0.0000 0.9659 0.2588,
      0.0000 0.5001 -0.8660,0.0000 -1.0000 0.0000,
      0.0000 1.0000 0.0000,0.0000 -0.4830 0.8365,
      0.0000 -0.2588 0.9659,0.0000 -0.8365 0.4830,
      0.0000 -0.8661 0.4999,0.0000 0.8365 0.4830
    ]
  }

    Node_Info
    {
      fields [SFString node_type, SFString node_name]
      node_type "Poly_Surface"
      node_name ""
    }
    NormalBinding { value PER_VERTEX_INDEXED }
    Separator
    {
      MatrixTransform
      {
      matrix 1.0000 0.0000 0.0000 0.0000
             0.0000 0.0000 1.0000 0.0000
             0.0000 -1.0000 0.0000 0.0000
             18.1300 0.0000 0.0000 1.0000
      }
      IndexedFaceSet
      {
      coordIndex
      [
        391, 302, 349, -1,
        349, 302, 204, -1,
        349, 204, 373, -1,
        373, 204, 519, -1,
        349, 83, 514, -1,
        349, 514, 269, -1,
        349, 269, 123, -1,
        349, 123, 102, -1,
        349, 102, 300, -1,
        349, 300, 511, -1,
        349, 511, 279, -1,
        349, 279, 572, -1,
        349, 572, 437, -1,
        349, 437, 416, -1,
        349, 416, 18, -1,
        349, 18, 240, -1,
        349, 240, 1, -1,
        349, 1, 455, -1,
        349, 455, 307, -1,
        349, 307, 162, -1,
        349, 162, 127, -1,
        349, 127, 342, -1,
        349, 342, 549, -1,
        349, 549, 322, -1,
        349, 322, 180, -1,
        349, 180, 22, -1,
        349, 22, 481, -1,
        349, 481, 440, -1,
        349, 440, 50, -1,
        349, 50, 271, -1,
        349, 271, 32, -1,
        349, 32, 81, -1,
        349, 81, 359, -1,
        349, 359, 114, -1,
        349, 114, 52, -1,
        349, 52, 355, -1,
        349, 355, 0, -1,
        349, 0, 391, -1,
        81, 32, 503, -1,
        81, 503, 12, -1,
        81, 12, 426, -1,
        533, 180, 322, -1,
        533, 322, 182, -1,
        533, 182, 293, -1,
        533, 293, 111, -1,
        217, 455, 1, -1,
        217, 1, 457, -1,
        217, 457, 566, -1,
        217, 566, 408, -1,
        492, 141, 279, -1,
        492, 279, 142, -1,
        492, 142, 263, -1,
        492, 263, 96, -1,
        537, 389, 172, -1,
        537, 172, 514, -1,
        537, 514, 379, -1,
        537, 379, 422, -1,
        421, 269, 514, -1,
        421, 514, 172, -1,
        384, 132, 422, -1,
        384, 422, 379, -1,
        142, 279, 448, -1,
        457, 1, 173, -1,
        182, 322, 494, -1,
        503, 32, 219, -1,
        514, 83, 252, -1,
        572, 279, 141, -1,
        355, 52, 98, -1,
        311, 461, 395, -1,
        395, 461, 224, -1,
        395, 224, 571, -1,
        571, 224, 412, -1,
        540, 116, 299, -1,
        540, 299, 187, -1,
        540, 187, 499, -1,
        540, 499, 328, -1,
        540, 328, 185, -1,
        264, 429, 17, -1,
        264, 17, 507, -1,
        264, 507, 227, -1,
        264, 227, 40, -1,
        264, 40, 505, -1,
        568, 151, 341, -1,
        568, 341, 236, -1,
        568, 236, 541, -1,
        568, 541, 362, -1,
        568, 362, 235, -1,
        95, 470, 49, -1,
        95, 49, 546, -1,
        95, 546, 265, -1,
        95, 265, 301, -1,
        95, 301, 380, -1,
        413, 39, 301, -1,
        301, 39, 377, -1,
        301, 377, 79, -1,
        79, 377, 122, -1,
        258, 350, 301, -1,
        258, 301, 344, -1,
        258, 344, 559, -1,
        154, 380, 301, -1,
        154, 301, 79, -1,
        301, 265, 68, -1,
        301, 68, 315, -1,
        301, 315, 78, -1,
        301, 78, 489, -1,
        301, 489, 529, -1,
        301, 529, 60, -1,
        301, 60, 235, -1,
        301, 235, 362, -1,
        301, 362, 577, -1,
        301, 577, 372, -1,
        301, 372, 169, -1,
        301, 169, 210, -1,
        301, 210, 354, -1,
        301, 354, 505, -1,
        301, 505, 40, -1,
        301, 40, 277, -1,
        301, 277, 54, -1,
        301, 54, 445, -1,
        301, 445, 485, -1,
        301, 485, 27, -1,
        301, 27, 328, -1,
        301, 328, 555, -1,
        301, 555, 348, -1,
        301, 348, 131, -1,
        301, 131, 166, -1,
        301, 166, 311, -1,
        301, 311, 395, -1,
        301, 395, 464, -1,
        301, 464, 197, -1,
        301, 197, 58, -1,
        395, 571, 463, -1,
        395, 463, 177, -1,
        395, 177, 404, -1,
        328, 27, 185, -1,
        413, 301, 350, -1,
        317, 67, 70, -1,
        317, 70, 320, -1,
        61, 304, 301, -1,
        61, 301, 58, -1,
        75, 334, 331, -1,
        75, 331, 74, -1,
        83, 349, 345, -1,
        83, 345, 80, -1,
        325, 212, 215, -1,
        325, 215, 329, -1,
        7, 3, 488, -1,
        7, 488, 491, -1,
        281, 168, 171, -1,
        281, 171, 286, -1,
        558, 443, 447, -1,
        558, 447, 562, -1,
        36, 530, 531, -1,
        36, 531, 41, -1,
        339, 232, 236, -1,
        339, 236, 341, -1,
        13, 504, 507, -1,
        13, 507, 17, -1,
        294, 183, 187, -1,
        294, 187, 299, -1,
        567, 458, 463, -1,
        567, 463, 571, -1,
        47, 544, 546, -1,
        47, 546, 49, -1,
        313, 196, 201, -1,
        313, 201, 314, -1,
        575, 475, 478, -1,
        575, 478, 576, -1,
        276, 273, 157, -1,
        276, 157, 160, -1,
        551, 433, 435, -1,
        551, 435, 554, -1,
        28, 518, 522, -1,
        28, 522, 29, -1,
        293, 182, 186, -1,
        293, 186, 298, -1,
        566, 457, 462, -1,
        566, 462, 570, -1,
        263, 142, 145, -1,
        263, 145, 267, -1,
        537, 422, 425, -1,
        537, 425, 543, -1,
        12, 503, 506, -1,
        12, 506, 16, -1,
        209, 284, 247, -1,
        209, 247, 538, -1,
        283, 434, 383, -1,
        383, 434, 191, -1,
        383, 191, 554, -1,
        554, 191, 400, -1,
        513, 101, 276, -1,
        513, 276, 160, -1,
        513, 160, 469, -1,
        513, 469, 295, -1,
        513, 295, 158, -1,
        243, 415, 576, -1,
        243, 576, 478, -1,
        243, 478, 192, -1,
        243, 192, 15, -1,
        243, 15, 476, -1,
        552, 125, 314, -1,
        552, 314, 201, -1,
        552, 201, 515, -1,
        552, 515, 340, -1,
        552, 340, 199, -1,
        88, 438, 29, -1,
        88, 29, 522, -1,
        88, 522, 244, -1,
        88, 244, 331, -1,
        88, 331, 369, -1,
        401, 14, 331, -1,
        331, 14, 365, -1,
        331, 365, 65, -1,
        65, 365, 106, -1,
        229, 321, 331, -1,
        229, 331, 89, -1,
        229, 89, 284, -1,
        229, 284, 209, -1,
        129, 369, 331, -1,
        129, 331, 65, -1,
        331, 244, 48, -1,
        331, 48, 288, -1,
        331, 288, 64, -1,
        331, 64, 459, -1,
        331, 459, 501, -1,
        331, 501, 38, -1,
        331, 38, 199, -1,
        331, 199, 340, -1,
        331, 340, 563, -1,
        331, 563, 358, -1,
        331, 358, 143, -1,
        331, 143, 179, -1,
        331, 179, 327, -1,
        331, 327, 476, -1,
        331, 476, 15, -1,
        331, 15, 257, -1,
        331, 257, 31, -1,
        331, 31, 423, -1,
        331, 423, 453, -1,
        331, 453, 6, -1,
        331, 6, 295, -1,
        331, 295, 528, -1,
        331, 528, 319, -1,
        331, 319, 109, -1,
        331, 109, 140, -1,
        331, 140, 283, -1,
        331, 283, 383, -1,
        331, 383, 493, -1,
        331, 493, 233, -1,
        331, 233, 74, -1,
        383, 554, 435, -1,
        383, 435, 149, -1,
        383, 149, 390, -1,
        295, 6, 158, -1,
        401, 331, 321, -1,
        193, 296, 259, -1,
        193, 259, 523, -1,
        270, 424, 381, -1,
        381, 424, 175, -1,
        381, 175, 543, -1,
        543, 175, 392, -1,
        496, 97, 267, -1,
        496, 267, 145, -1,
        496, 145, 450, -1,
        496, 450, 282, -1,
        496, 282, 144, -1,
        223, 410, 570, -1,
        223, 570, 462, -1,
        223, 462, 176, -1,
        223, 176, 5, -1,
        223, 5, 460, -1,
        539, 115, 298, -1,
        539, 298, 186, -1,
        539, 186, 498, -1,
        539, 498, 326, -1,
        539, 326, 184, -1,
        84, 428, 16, -1,
        84, 16, 506, -1,
        84, 506, 226, -1,
        84, 226, 345, -1,
        84, 345, 361, -1,
        394, 4, 345, -1,
        345, 4, 356, -1,
        345, 356, 55, -1,
        55, 356, 100, -1,
        208, 305, 345, -1,
        208, 345, 93, -1,
        208, 93, 296, -1,
        208, 296, 193, -1,
        118, 361, 345, -1,
        118, 345, 55, -1,
        345, 226, 37, -1,
        345, 37, 275, -1,
        345, 275, 53, -1,
        345, 53, 444, -1,
        345, 444, 484, -1,
        345, 484, 26, -1,
        345, 26, 184, -1,
        345, 184, 326, -1,
        345, 326, 553, -1,
        345, 553, 347, -1,
        345, 347, 130, -1,
        345, 130, 164, -1,
        345, 164, 310, -1,
        345, 310, 460, -1,
        345, 460, 5, -1,
        345, 5, 245, -1,
        345, 245, 19, -1,
        345, 19, 417, -1,
        345, 417, 439, -1,
        345, 439, 573, -1,
        345, 573, 282, -1,
        345, 282, 516, -1,
        345, 516, 303, -1,
        345, 303, 103, -1,
        345, 103, 126, -1,
        345, 126, 270, -1,
        345, 270, 381, -1,
        345, 381, 509, -1,
        345, 509, 249, -1,
        345, 249, 80, -1,
        381, 543, 425, -1,
        381, 425, 134, -1,
        381, 134, 385, -1,
        282, 573, 144, -1,
        394, 345, 305, -1,
        37, 226, 219, -1,
        37, 219, 32, -1,
        93, 345, 349, -1,
        93, 349, 373, -1,
        93, 373, 344, -1,
        93, 344, 91, -1,
        89, 331, 334, -1,
        89, 334, 91, -1,
        89, 91, 344, -1,
        89, 344, 87, -1,
        85, 317, 320, -1,
        85, 320, 87, -1,
        85, 87, 344, -1,
        85, 344, 82, -1,
        304, 82, 344, -1,
        304, 344, 301, -1,
        55, 100, 98, -1,
        55, 98, 52, -1,
        204, 302, 305, -1,
        204, 305, 208, -1,
        519, 204, 208, -1,
        519, 208, 193, -1,
        519, 193, 523, -1,
        302, 391, 394, -1,
        302, 394, 305, -1,
        391, 0, 4, -1,
        391, 4, 394, -1,
        0, 355, 356, -1,
        0, 356, 4, -1,
        355, 98, 100, -1,
        355, 100, 356, -1,
        81, 426, 428, -1,
        81, 428, 84, -1,
        426, 12, 16, -1,
        426, 16, 428, -1,
        503, 219, 226, -1,
        503, 226, 506, -1,
        52, 114, 118, -1,
        52, 118, 55, -1,
        114, 359, 361, -1,
        114, 361, 118, -1,
        359, 81, 84, -1,
        359, 84, 361, -1,
        96, 263, 267, -1,
        96, 267, 97, -1,
        300, 102, 103, -1,
        300, 103, 303, -1,
        97, 496, 492, -1,
        97, 492, 96, -1,
        514, 252, 249, -1,
        514, 249, 509, -1,
        252, 83, 80, -1,
        252, 80, 249, -1,
        385, 134, 132, -1,
        385, 132, 384, -1,
        384, 379, 381, -1,
        384, 381, 385, -1,
        379, 514, 509, -1,
        379, 509, 381, -1,
        572, 141, 144, -1,
        572, 144, 573, -1,
        417, 19, 18, -1,
        417, 18, 416, -1,
        416, 437, 439, -1,
        416, 439, 417, -1,
        437, 572, 573, -1,
        437, 573, 439, -1,
        141, 492, 496, -1,
        141, 496, 144, -1,
        389, 537, 543, -1,
        389, 543, 392, -1,
        172, 389, 392, -1,
        172, 392, 175, -1,
        422, 132, 134, -1,
        422, 134, 425, -1,
        102, 123, 126, -1,
        102, 126, 103, -1,
        123, 269, 270, -1,
        123, 270, 126, -1,
        269, 421, 424, -1,
        269, 424, 270, -1,
        421, 172, 175, -1,
        421, 175, 424, -1,
        448, 279, 282, -1,
        448, 282, 450, -1,
        142, 448, 450, -1,
        142, 450, 145, -1,
        279, 511, 516, -1,
        279, 516, 282, -1,
        511, 300, 303, -1,
        511, 303, 516, -1,
        408, 566, 570, -1,
        408, 570, 410, -1,
        217, 408, 410, -1,
        217, 410, 223, -1,
        173, 1, 5, -1,
        173, 5, 176, -1,
        457, 173, 176, -1,
        457, 176, 462, -1,
        1, 240, 245, -1,
        1, 245, 5, -1,
        240, 18, 19, -1,
        240, 19, 245, -1,
        307, 455, 460, -1,
        307, 460, 310, -1,
        130, 347, 342, -1,
        130, 342, 127, -1,
        127, 162, 164, -1,
        127, 164, 130, -1,
        162, 307, 310, -1,
        162, 310, 164, -1,
        455, 217, 223, -1,
        455, 223, 460, -1,
        533, 111, 115, -1,
        533, 115, 539, -1,
        494, 322, 326, -1,
        494, 326, 498, -1,
        182, 494, 498, -1,
        182, 498, 186, -1,
        111, 293, 298, -1,
        111, 298, 115, -1,
        322, 549, 553, -1,
        322, 553, 326, -1,
        549, 342, 347, -1,
        549, 347, 553, -1,
        32, 271, 275, -1,
        32, 275, 37, -1,
        271, 50, 53, -1,
        271, 53, 275, -1,
        50, 440, 444, -1,
        50, 444, 53, -1,
        440, 481, 484, -1,
        440, 484, 444, -1,
        481, 22, 26, -1,
        481, 26, 484, -1,
        22, 180, 184, -1,
        22, 184, 26, -1,
        180, 533, 539, -1,
        180, 539, 184, -1,
        296, 93, 91, -1,
        296, 91, 287, -1,
        287, 206, 532, -1,
        287, 532, 248, -1,
        259, 296, 287, -1,
        259, 287, 248, -1,
        532, 206, 229, -1,
        532, 229, 209, -1,
        532, 209, 538, -1,
        229, 206, 225, -1,
        225, 206, 287, -1,
        225, 287, 91, -1,
        225, 91, 334, -1,
        225, 334, 318, -1,
        334, 75, 497, -1,
        334, 497, 280, -1,
        334, 280, 136, -1,
        334, 136, 108, -1,
        334, 108, 316, -1,
        334, 316, 525, -1,
        334, 525, 290, -1,
        334, 290, 2, -1,
        334, 2, 451, -1,
        334, 451, 420, -1,
        334, 420, 30, -1,
        334, 30, 254, -1,
        334, 254, 10, -1,
        334, 10, 474, -1,
        334, 474, 324, -1,
        334, 324, 178, -1,
        334, 178, 139, -1,
        334, 139, 357, -1,
        334, 357, 561, -1,
        334, 561, 337, -1,
        334, 337, 195, -1,
        334, 195, 35, -1,
        334, 35, 500, -1,
        334, 500, 454, -1,
        334, 454, 62, -1,
        334, 62, 285, -1,
        334, 285, 45, -1,
        334, 45, 86, -1,
        334, 86, 367, -1,
        334, 367, 124, -1,
        334, 124, 63, -1,
        334, 63, 363, -1,
        334, 363, 9, -1,
        334, 9, 399, -1,
        334, 399, 318, -1,
        86, 45, 518, -1,
        86, 518, 28, -1,
        86, 28, 436, -1,
        548, 195, 337, -1,
        548, 337, 196, -1,
        548, 196, 313, -1,
        548, 313, 121, -1,
        238, 474, 10, -1,
        238, 10, 475, -1,
        238, 475, 575, -1,
        238, 575, 414, -1,
        508, 156, 290, -1,
        508, 290, 157, -1,
        508, 157, 273, -1,
        508, 273, 99, -1,
        551, 398, 188, -1,
        551, 188, 497, -1,
        551, 497, 382, -1,
        551, 382, 433, -1,
        432, 280, 497, -1,
        432, 497, 188, -1,
        388, 146, 433, -1,
        388, 433, 382, -1,
        157, 290, 465, -1,
        475, 10, 189, -1,
        196, 337, 510, -1,
        518, 45, 239, -1,
        497, 75, 237, -1,
        2, 290, 156, -1,
        363, 63, 104, -1,
        48, 244, 239, -1,
        48, 239, 45, -1,
        65, 106, 104, -1,
        65, 104, 63, -1,
        229, 225, 318, -1,
        229, 318, 321, -1,
        321, 318, 399, -1,
        321, 399, 401, -1,
        401, 399, 9, -1,
        401, 9, 14, -1,
        14, 9, 363, -1,
        14, 363, 365, -1,
        365, 363, 104, -1,
        365, 104, 106, -1,
        88, 86, 436, -1,
        88, 436, 438, -1,
        438, 436, 28, -1,
        438, 28, 29, -1,
        522, 518, 239, -1,
        522, 239, 244, -1,
        65, 63, 124, -1,
        65, 124, 129, -1,
        129, 124, 367, -1,
        129, 367, 369, -1,
        369, 367, 86, -1,
        369, 86, 88, -1,
        101, 99, 273, -1,
        101, 273, 276, -1,
        319, 316, 108, -1,
        319, 108, 109, -1,
        101, 513, 508, -1,
        101, 508, 99, -1,
        493, 497, 237, -1,
        493, 237, 233, -1,
        233, 237, 75, -1,
        233, 75, 74, -1,
        390, 149, 146, -1,
        390, 146, 388, -1,
        390, 388, 382, -1,
        390, 382, 383, -1,
        383, 382, 497, -1,
        383, 497, 493, -1,
        6, 2, 156, -1,
        6, 156, 158, -1,
        423, 31, 30, -1,
        423, 30, 420, -1,
        423, 420, 451, -1,
        423, 451, 453, -1,
        453, 451, 2, -1,
        453, 2, 6, -1,
        158, 156, 508, -1,
        158, 508, 513, -1,
        400, 398, 551, -1,
        400, 551, 554, -1,
        191, 188, 398, -1,
        191, 398, 400, -1,
        435, 433, 146, -1,
        435, 146, 149, -1,
        109, 108, 136, -1,
        109, 136, 140, -1,
        140, 136, 280, -1,
        140, 280, 283, -1,
        283, 280, 432, -1,
        283, 432, 434, -1,
        434, 432, 188, -1,
        434, 188, 191, -1,
        469, 465, 290, -1,
        469, 290, 295, -1,
        160, 157, 465, -1,
        160, 465, 469, -1,
        295, 290, 525, -1,
        295, 525, 528, -1,
        528, 525, 316, -1,
        528, 316, 319, -1,
        415, 414, 575, -1,
        415, 575, 576, -1,
        243, 238, 414, -1,
        243, 414, 415, -1,
        192, 189, 10, -1,
        192, 10, 15, -1,
        478, 475, 189, -1,
        478, 189, 192, -1,
        15, 10, 254, -1,
        15, 254, 257, -1,
        257, 254, 30, -1,
        257, 30, 31, -1,
        327, 324, 474, -1,
        327, 474, 476, -1,
        143, 358, 357, -1,
        143, 357, 139, -1,
        143, 139, 178, -1,
        143, 178, 179, -1,
        179, 178, 324, -1,
        179, 324, 327, -1,
        476, 474, 238, -1,
        476, 238, 243, -1,
        552, 548, 121, -1,
        552, 121, 125, -1,
        515, 510, 337, -1,
        515, 337, 340, -1,
        201, 196, 510, -1,
        201, 510, 515, -1,
        125, 121, 313, -1,
        125, 313, 314, -1,
        340, 337, 561, -1,
        340, 561, 563, -1,
        563, 561, 357, -1,
        563, 357, 358, -1,
        48, 45, 285, -1,
        48, 285, 288, -1,
        288, 285, 62, -1,
        288, 62, 64, -1,
        64, 62, 454, -1,
        64, 454, 459, -1,
        459, 454, 500, -1,
        459, 500, 501, -1,
        501, 500, 35, -1,
        501, 35, 38, -1,
        38, 35, 195, -1,
        38, 195, 199, -1,
        199, 195, 548, -1,
        199, 548, 552, -1,
        268, 242, 556, -1,
        268, 556, 213, -1,
        255, 242, 268, -1,
        255, 268, 82, -1,
        255, 82, 304, -1,
        255, 304, 346, -1,
        304, 61, 468, -1,
        304, 468, 308, -1,
        304, 308, 163, -1,
        304, 163, 128, -1,
        304, 128, 343, -1,
        304, 343, 550, -1,
        304, 550, 323, -1,
        304, 323, 23, -1,
        304, 23, 482, -1,
        304, 482, 441, -1,
        304, 441, 51, -1,
        304, 51, 272, -1,
        304, 272, 34, -1,
        304, 34, 502, -1,
        304, 502, 352, -1,
        304, 352, 207, -1,
        304, 207, 165, -1,
        304, 165, 371, -1,
        304, 371, 574, -1,
        304, 574, 360, -1,
        304, 360, 231, -1,
        304, 231, 57, -1,
        304, 57, 527, -1,
        304, 527, 486, -1,
        304, 486, 76, -1,
        304, 76, 312, -1,
        304, 312, 66, -1,
        304, 66, 94, -1,
        304, 94, 378, -1,
        304, 378, 150, -1,
        304, 150, 77, -1,
        304, 77, 376, -1,
        304, 376, 33, -1,
        304, 33, 411, -1,
        304, 411, 346, -1,
        94, 66, 544, -1,
        94, 544, 47, -1,
        94, 47, 466, -1,
        564, 231, 360, -1,
        564, 360, 232, -1,
        564, 232, 339, -1,
        564, 339, 147, -1,
        260, 502, 34, -1,
        260, 34, 504, -1,
        260, 504, 13, -1,
        260, 13, 427, -1,
        534, 181, 323, -1,
        534, 323, 183, -1,
        534, 183, 294, -1,
        534, 294, 112, -1,
        567, 409, 218, -1,
        567, 218, 468, -1,
        567, 468, 393, -1,
        567, 393, 458, -1,
        456, 308, 468, -1,
        456, 468, 218, -1,
        402, 174, 458, -1,
        402, 458, 393, -1,
        183, 323, 495, -1,
        504, 34, 220, -1,
        232, 360, 535, -1,
        544, 66, 261, -1,
        468, 61, 202, -1,
        23, 323, 181, -1,
        376, 77, 120, -1,
        68, 265, 261, -1,
        68, 261, 66, -1,
        79, 122, 120, -1,
        79, 120, 77, -1,
        258, 255, 346, -1,
        258, 346, 350, -1,
        258, 559, 556, -1,
        258, 556, 242, -1,
        258, 242, 255, -1,
        350, 346, 411, -1,
        350, 411, 413, -1,
        413, 411, 33, -1,
        413, 33, 39, -1,
        39, 33, 376, -1,
        39, 376, 377, -1,
        377, 376, 120, -1,
        377, 120, 122, -1,
        95, 94, 466, -1,
        95, 466, 470, -1,
        470, 466, 47, -1,
        470, 47, 49, -1,
        546, 544, 261, -1,
        546, 261, 265, -1,
        79, 77, 150, -1,
        79, 150, 154, -1,
        154, 150, 378, -1,
        154, 378, 380, -1,
        380, 378, 94, -1,
        380, 94, 95, -1,
        116, 112, 294, -1,
        116, 294, 299, -1,
        348, 343, 128, -1,
        348, 128, 131, -1,
        116, 540, 534, -1,
        116, 534, 112, -1,
        464, 468, 202, -1,
        464, 202, 197, -1,
        197, 202, 61, -1,
        197, 61, 58, -1,
        404, 177, 174, -1,
        404, 174, 402, -1,
        404, 402, 393, -1,
        404, 393, 395, -1,
        395, 393, 468, -1,
        395, 468, 464, -1,
        27, 23, 181, -1,
        27, 181, 185, -1,
        445, 54, 51, -1,
        445, 51, 441, -1,
        445, 441, 482, -1,
        445, 482, 485, -1,
        485, 482, 23, -1,
        485, 23, 27, -1,
        185, 181, 534, -1,
        185, 534, 540, -1,
        412, 409, 567, -1,
        412, 567, 571, -1,
        224, 218, 409, -1,
        224, 409, 412, -1,
        463, 458, 174, -1,
        463, 174, 177, -1,
        131, 128, 163, -1,
        131, 163, 166, -1,
        166, 163, 308, -1,
        166, 308, 311, -1,
        311, 308, 456, -1,
        311, 456, 461, -1,
        461, 456, 218, -1,
        461, 218, 224, -1,
        499, 495, 323, -1,
        499, 323, 328, -1,
        187, 183, 495, -1,
        187, 495, 499, -1,
        328, 323, 550, -1,
        328, 550, 555, -1,
        555, 550, 343, -1,
        555, 343, 348, -1,
        429, 427, 13, -1,
        429, 13, 17, -1,
        264, 260, 427, -1,
        264, 427, 429, -1,
        227, 220, 34, -1,
        227, 34, 40, -1,
        507, 504, 220, -1,
        507, 220, 227, -1,
        40, 34, 272, -1,
        40, 272, 277, -1,
        277, 272, 51, -1,
        277, 51, 54, -1,
        354, 352, 502, -1,
        354, 502, 505, -1,
        169, 372, 371, -1,
        169, 371, 165, -1,
        169, 165, 207, -1,
        169, 207, 210, -1,
        210, 207, 352, -1,
        210, 352, 354, -1,
        505, 502, 260, -1,
        505, 260, 264, -1,
        568, 564, 147, -1,
        568, 147, 151, -1,
        541, 535, 360, -1,
        541, 360, 362, -1,
        236, 232, 535, -1,
        236, 535, 541, -1,
        151, 147, 339, -1,
        151, 339, 341, -1,
        362, 360, 574, -1,
        362, 574, 577, -1,
        577, 574, 371, -1,
        577, 371, 372, -1,
        68, 66, 312, -1,
        68, 312, 315, -1,
        315, 312, 76, -1,
        315, 76, 78, -1,
        78, 76, 486, -1,
        78, 486, 489, -1,
        489, 486, 527, -1,
        489, 527, 529, -1,
        529, 527, 57, -1,
        529, 57, 60, -1,
        60, 57, 231, -1,
        60, 231, 235, -1,
        235, 231, 564, -1,
        235, 564, 568, -1,
        228, 274, 230, -1,
        228, 230, 547, -1,
        291, 446, 387, -1,
        387, 446, 203, -1,
        387, 203, 562, -1,
        562, 203, 406, -1,
        524, 107, 286, -1,
        524, 286, 171, -1,
        524, 171, 480, -1,
        524, 480, 309, -1,
        524, 309, 170, -1,
        253, 419, 7, -1,
        253, 7, 491, -1,
        253, 491, 205, -1,
        253, 205, 25, -1,
        253, 25, 490, -1,
        560, 137, 329, -1,
        560, 329, 215, -1,
        560, 215, 526, -1,
        560, 526, 353, -1,
        560, 353, 214, -1,
        92, 452, 41, -1,
        92, 41, 531, -1,
        92, 531, 256, -1,
        92, 256, 317, -1,
        92, 317, 375, -1,
        407, 24, 317, -1,
        317, 24, 370, -1,
        317, 370, 73, -1,
        73, 370, 113, -1,
        246, 335, 317, -1,
        246, 317, 85, -1,
        246, 85, 274, -1,
        246, 274, 228, -1,
        138, 375, 317, -1,
        138, 317, 73, -1,
        317, 256, 59, -1,
        317, 59, 297, -1,
        317, 297, 72, -1,
        317, 72, 473, -1,
        317, 473, 517, -1,
        317, 517, 46, -1,
        317, 46, 214, -1,
        317, 214, 353, -1,
        317, 353, 569, -1,
        317, 569, 366, -1,
        317, 366, 155, -1,
        317, 155, 194, -1,
        317, 194, 338, -1,
        317, 338, 490, -1,
        317, 490, 25, -1,
        317, 25, 266, -1,
        317, 266, 43, -1,
        317, 43, 431, -1,
        317, 431, 471, -1,
        317, 471, 11, -1,
        317, 11, 309, -1,
        317, 309, 542, -1,
        317, 542, 333, -1,
        317, 333, 119, -1,
        317, 119, 153, -1,
        317, 153, 291, -1,
        317, 291, 387, -1,
        317, 387, 479, -1,
        317, 479, 216, -1,
        317, 216, 67, -1,
        387, 562, 447, -1,
        387, 447, 161, -1,
        387, 161, 397, -1,
        309, 11, 170, -1,
        407, 317, 335, -1,
        284, 89, 87, -1,
        284, 87, 278, -1,
        278, 222, 545, -1,
        278, 545, 234, -1,
        556, 559, 213, -1,
        213, 559, 344, -1,
        213, 344, 230, -1,
        230, 344, 234, -1,
        230, 234, 545, -1,
        532, 247, 248, -1,
        248, 247, 344, -1,
        248, 344, 259, -1,
        259, 344, 373, -1,
        259, 373, 519, -1,
        259, 519, 523, -1,
        247, 532, 538, -1,
        230, 545, 547, -1,
        234, 344, 247, -1,
        247, 284, 278, -1,
        247, 278, 234, -1,
        545, 222, 246, -1,
        545, 246, 228, -1,
        545, 228, 547, -1,
        246, 222, 241, -1,
        241, 222, 278, -1,
        241, 278, 87, -1,
        241, 87, 320, -1,
        241, 320, 332, -1,
        320, 70, 483, -1,
        320, 483, 289, -1,
        320, 289, 148, -1,
        320, 148, 117, -1,
        320, 117, 330, -1,
        320, 330, 536, -1,
        320, 536, 306, -1,
        320, 306, 8, -1,
        320, 8, 467, -1,
        320, 467, 430, -1,
        320, 430, 42, -1,
        320, 42, 262, -1,
        320, 262, 21, -1,
        320, 21, 487, -1,
        320, 487, 336, -1,
        320, 336, 190, -1,
        320, 190, 152, -1,
        320, 152, 364, -1,
        320, 364, 565, -1,
        320, 565, 351, -1,
        320, 351, 211, -1,
        320, 211, 44, -1,
        320, 44, 512, -1,
        320, 512, 472, -1,
        320, 472, 69, -1,
        320, 69, 292, -1,
        320, 292, 56, -1,
        320, 56, 90, -1,
        320, 90, 374, -1,
        320, 374, 135, -1,
        320, 135, 71, -1,
        320, 71, 368, -1,
        320, 368, 20, -1,
        320, 20, 405, -1,
        320, 405, 332, -1,
        90, 56, 530, -1,
        90, 530, 36, -1,
        90, 36, 449, -1,
        557, 211, 351, -1,
        557, 351, 212, -1,
        557, 212, 325, -1,
        557, 325, 133, -1,
        250, 487, 21, -1,
        250, 21, 488, -1,
        250, 488, 3, -1,
        250, 3, 418, -1,
        520, 167, 306, -1,
        520, 306, 168, -1,
        520, 168, 281, -1,
        520, 281, 105, -1,
        558, 403, 198, -1,
        558, 198, 483, -1,
        558, 483, 386, -1,
        558, 386, 443, -1,
        442, 289, 483, -1,
        442, 483, 198, -1,
        396, 159, 443, -1,
        396, 443, 386, -1,
        168, 306, 477, -1,
        488, 21, 200, -1,
        212, 351, 521, -1,
        530, 56, 251, -1,
        483, 70, 221, -1,
        8, 306, 167, -1,
        368, 71, 110, -1,
        59, 256, 251, -1,
        59, 251, 56, -1,
        73, 113, 110, -1,
        73, 110, 71, -1,
        246, 241, 332, -1,
        246, 332, 335, -1,
        335, 332, 405, -1,
        335, 405, 407, -1,
        407, 405, 20, -1,
        407, 20, 24, -1,
        24, 20, 368, -1,
        24, 368, 370, -1,
        370, 368, 110, -1,
        370, 110, 113, -1,
        92, 90, 449, -1,
        92, 449, 452, -1,
        452, 449, 36, -1,
        452, 36, 41, -1,
        531, 530, 251, -1,
        531, 251, 256, -1,
        73, 71, 135, -1,
        73, 135, 138, -1,
        138, 135, 374, -1,
        138, 374, 375, -1,
        375, 374, 90, -1,
        375, 90, 92, -1,
        107, 105, 281, -1,
        107, 281, 286, -1,
        333, 330, 117, -1,
        333, 117, 119, -1,
        107, 524, 520, -1,
        107, 520, 105, -1,
        479, 483, 221, -1,
        479, 221, 216, -1,
        216, 221, 70, -1,
        216, 70, 67, -1,
        397, 161, 159, -1,
        397, 159, 396, -1,
        397, 396, 386, -1,
        397, 386, 387, -1,
        387, 386, 483, -1,
        387, 483, 479, -1,
        11, 8, 167, -1,
        11, 167, 170, -1,
        431, 43, 42, -1,
        431, 42, 430, -1,
        431, 430, 467, -1,
        431, 467, 471, -1,
        471, 467, 8, -1,
        471, 8, 11, -1,
        170, 167, 520, -1,
        170, 520, 524, -1,
        406, 403, 558, -1,
        406, 558, 562, -1,
        203, 198, 403, -1,
        203, 403, 406, -1,
        447, 443, 159, -1,
        447, 159, 161, -1,
        119, 117, 148, -1,
        119, 148, 153, -1,
        153, 148, 289, -1,
        153, 289, 291, -1,
        291, 289, 442, -1,
        291, 442, 446, -1,
        446, 442, 198, -1,
        446, 198, 203, -1,
        480, 477, 306, -1,
        480, 306, 309, -1,
        171, 168, 477, -1,
        171, 477, 480, -1,
        309, 306, 536, -1,
        309, 536, 542, -1,
        542, 536, 330, -1,
        542, 330, 333, -1,
        419, 418, 3, -1,
        419, 3, 7, -1,
        253, 250, 418, -1,
        253, 418, 419, -1,
        205, 200, 21, -1,
        205, 21, 25, -1,
        491, 488, 200, -1,
        491, 200, 205, -1,
        25, 21, 262, -1,
        25, 262, 266, -1,
        266, 262, 42, -1,
        266, 42, 43, -1,
        338, 336, 487, -1,
        338, 487, 490, -1,
        364, 152, 155, -1,
        364, 155, 366, -1,
        155, 152, 190, -1,
        155, 190, 194, -1,
        194, 190, 336, -1,
        194, 336, 338, -1,
        490, 487, 250, -1,
        490, 250, 253, -1,
        560, 557, 133, -1,
        560, 133, 137, -1,
        526, 521, 351, -1,
        526, 351, 353, -1,
        215, 212, 521, -1,
        215, 521, 526, -1,
        137, 133, 325, -1,
        137, 325, 329, -1,
        353, 351, 565, -1,
        353, 565, 569, -1,
        569, 565, 364, -1,
        569, 364, 366, -1,
        59, 56, 292, -1,
        59, 292, 297, -1,
        297, 292, 69, -1,
        297, 69, 72, -1,
        72, 69, 472, -1,
        72, 472, 473, -1,
        473, 472, 512, -1,
        473, 512, 517, -1,
        517, 512, 44, -1,
        517, 44, 46, -1,
        46, 44, 211, -1,
        46, 211, 214, -1,
        214, 211, 557, -1,
        214, 557, 560, -1,
        274, 85, 82, -1,
        274, 82, 268, -1,
        230, 274, 268, -1,
        230, 268, 213, -1
          ]
      normalIndex
      [
1, 1, 1, -1,
        1, 1, 1, -1,
        1, 1, 1, -1,
        1, 1, 1, -1,
        1, 1, 1, -1,
        1, 1, 1, -1,
        1, 1, 1, -1,
        1, 1, 1, -1,
        1, 1, 1, -1,
        1, 1, 1, -1,
        1, 1, 1, -1,
        1, 1, 1, -1,
        1, 1, 1, -1,
        1, 1, 1, -1,
        1, 1, 1, -1,
        1, 1, 1, -1,
        1, 1, 1, -1,
        1, 1, 1, -1,
        1, 1, 1, -1,
        1, 1, 1, -1,
        1, 1, 1, -1,
        1, 1, 1, -1,
        1, 1, 1, -1,
        1, 1, 1, -1,
        1, 1, 1, -1,
        1, 1, 1, -1,
        1, 1, 1, -1,
        1, 1, 1, -1,
        1, 1, 1, -1,
        1, 1, 1, -1,
        1, 1, 1, -1,
        1, 1, 1, -1,
        1, 1, 1, -1,
        1, 1, 1, -1,
        1, 1, 1, -1,
        1, 1, 1, -1,
        1, 1, 1, -1,
        1, 1, 1, -1,
        1, 1, 1, -1,
        1, 1, 1, -1,
        1, 1, 1, -1,
        1, 1, 1, -1,
        1, 1, 1, -1,
        1, 1, 1, -1,
        1, 1, 1, -1,
        1, 1, 1, -1,
        1, 1, 1, -1,
        1, 1, 1, -1,
        1, 1, 1, -1,
        1, 1, 1, -1,
        1, 1, 1, -1,
        1, 1, 1, -1,
        1, 1, 1, -1,
        1, 1, 1, -1,
        1, 1, 1, -1,
        1, 1, 1, -1,
        1, 1, 1, -1,
        1, 1, 1, -1,
        1, 1, 1, -1,
        1, 1, 1, -1,
        1, 1, 1, -1,
        1, 1, 1, -1,
        1, 1, 1, -1,
        1, 1, 1, -1,
        1, 1, 1, -1,
        1, 1, 1, -1,
        1, 1, 1, -1,
        1, 1, 1, -1,
        0, 0, 0, -1,
        0, 0, 0, -1,
        0, 0, 0, -1,
        0, 0, 0, -1,
        0, 0, 0, -1,
        0, 0, 0, -1,
        0, 0, 0, -1,
        0, 0, 0, -1,
        0, 0, 0, -1,
        0, 0, 0, -1,
        0, 0, 0, -1,
        0, 0, 0, -1,
        0, 0, 0, -1,
        0, 0, 0, -1,
        0, 0, 0, -1,
        0, 0, 0, -1,
        0, 0, 0, -1,
        0, 0, 0, -1,
        0, 0, 0, -1,
        0, 0, 0, -1,
        0, 0, 0, -1,
        0, 0, 0, -1,
        0, 0, 0, -1,
        0, 0, 0, -1,
        0, 0, 0, -1,
        0, 0, 0, -1,
        0, 0, 0, -1,
        0, 0, 0, -1,
        0, 0, 0, -1,
        0, 0, 0, -1,
        0, 0, 0, -1,
        0, 0, 0, -1,
        0, 0, 0, -1,
        0, 0, 0, -1,
        0, 0, 0, -1,
        0, 0, 0, -1,
        0, 0, 0, -1,
        0, 0, 0, -1,
        0, 0, 0, -1,
        0, 0, 0, -1,
        0, 0, 0, -1,
        0, 0, 0, -1,
        0, 0, 0, -1,
        0, 0, 0, -1,
        0, 0, 0, -1,
        0, 0, 0, -1,
        0, 0, 0, -1,
        0, 0, 0, -1,
        0, 0, 0, -1,
        0, 0, 0, -1,
        0, 0, 0, -1,
        0, 0, 0, -1,
        0, 0, 0, -1,
        0, 0, 0, -1,
        0, 0, 0, -1,
        0, 0, 0, -1,
        0, 0, 0, -1,
        0, 0, 0, -1,
        0, 0, 0, -1,
        0, 0, 0, -1,
        0, 0, 0, -1,
        0, 0, 0, -1,
        0, 0, 0, -1,
        0, 0, 0, -1,
        0, 0, 0, -1,
        0, 0, 0, -1,
        0, 0, 0, -1,
        0, 0, 0, -1,
        3, 3, 3, -1,
        3, 3, 3, -1,
        3, 3, 3, -1,
        3, 3, 3, -1,
        3, 3, 3, -1,
        3, 3, 3, -1,
        3, 3, 3, -1,
        3, 3, 3, -1,
        2, 2, 2, -1,
        2, 2, 2, -1,
        2, 2, 2, -1,
        2, 2, 2, -1,
        2, 2, 2, -1,
        2, 2, 2, -1,
        2, 2, 2, -1,
        2, 2, 2, -1,
        2, 2, 2, -1,
        2, 2, 2, -1,
        2, 2, 2, -1,
        2, 2, 2, -1,
        2, 2, 2, -1,
        2, 2, 2, -1,
        2, 2, 2, -1,
        2, 2, 2, -1,
        2, 2, 2, -1,
        2, 2, 2, -1,
        2, 2, 2, -1,
        2, 2, 2, -1,
        2, 2, 2, -1,
        2, 2, 2, -1,
        2, 2, 2, -1,
        2, 2, 2, -1,
        2, 2, 2, -1,
        2, 2, 2, -1,
        2, 2, 2, -1,
        2, 2, 2, -1,
        2, 2, 2, -1,
        2, 2, 2, -1,
        2, 2, 2, -1,
        2, 2, 2, -1,
        2, 2, 2, -1,
        2, 2, 2, -1,
        2, 2, 2, -1,
        2, 2, 2, -1,
        2, 2, 2, -1,
        2, 2, 2, -1,
        2, 2, 2, -1,
        2, 2, 2, -1,
        0, 0, 0, -1,
        0, 0, 0, -1,
        0, 0, 0, -1,
        0, 0, 0, -1,
        0, 0, 0, -1,
        0, 0, 0, -1,
        0, 0, 0, -1,
        0, 0, 0, -1,
        0, 0, 0, -1,
        0, 0, 0, -1,
        0, 0, 0, -1,
        0, 0, 0, -1,
        0, 0, 0, -1,
        0, 0, 0, -1,
        0, 0, 0, -1,
        0, 0, 0, -1,
        0, 0, 0, -1,
        0, 0, 0, -1,
        0, 0, 0, -1,
        0, 0, 0, -1,
        0, 0, 0, -1,
        0, 0, 0, -1,
        0, 0, 0, -1,
        0, 0, 0, -1,
        0, 0, 0, -1,
        0, 0, 0, -1,
        0, 0, 0, -1,
        0, 0, 0, -1,
        0, 0, 0, -1,
        0, 0, 0, -1,
        0, 0, 0, -1,
        0, 0, 0, -1,
        0, 0, 0, -1,
        0, 0, 0, -1,
        0, 0, 0, -1,
        0, 0, 0, -1,
        0, 0, 0, -1,
        0, 0, 0, -1,
        0, 0, 0, -1,
        0, 0, 0, -1,
        0, 0, 0, -1,
        0, 0, 0, -1,
        0, 0, 0, -1,
        0, 0, 0, -1,
        0, 0, 0, -1,
        0, 0, 0, -1,
        0, 0, 0, -1,
        0, 0, 0, -1,
        0, 0, 0, -1,
        0, 0, 0, -1,
        0, 0, 0, -1,
        0, 0, 0, -1,
        0, 0, 0, -1,
        0, 0, 0, -1,
        0, 0, 0, -1,
        0, 0, 0, -1,
        0, 0, 0, -1,
        0, 0, 0, -1,
        0, 0, 0, -1,
        0, 0, 0, -1,
        0, 0, 0, -1,
        0, 0, 0, -1,
        0, 0, 0, -1,
        0, 0, 0, -1,
        0, 0, 0, -1,
        0, 0, 0, -1,
        0, 0, 0, -1,
        0, 0, 0, -1,
        0, 0, 0, -1,
        0, 0, 0, -1,
        0, 0, 0, -1,
        0, 0, 0, -1,
        0, 0, 0, -1,
        0, 0, 0, -1,
        0, 0, 0, -1,
        0, 0, 0, -1,
        0, 0, 0, -1,
        0, 0, 0, -1,
        0, 0, 0, -1,
        0, 0, 0, -1,
        0, 0, 0, -1,
        0, 0, 0, -1,
        0, 0, 0, -1,
        0, 0, 0, -1,
        0, 0, 0, -1,
        0, 0, 0, -1,
        0, 0, 0, -1,
        0, 0, 0, -1,
        0, 0, 0, -1,
        0, 0, 0, -1,
        0, 0, 0, -1,
        0, 0, 0, -1,
        0, 0, 0, -1,
        0, 0, 0, -1,
        0, 0, 0, -1,
        0, 0, 0, -1,
        0, 0, 0, -1,
        0, 0, 0, -1,
        0, 0, 0, -1,
        0, 0, 0, -1,
        0, 0, 0, -1,
        0, 0, 0, -1,
        0, 0, 0, -1,
        0, 0, 0, -1,
        0, 0, 0, -1,
        0, 0, 0, -1,
        0, 0, 0, -1,
        0, 0, 0, -1,
        0, 0, 0, -1,
        0, 0, 0, -1,
        0, 0, 0, -1,
        0, 0, 0, -1,
        0, 0, 0, -1,
        0, 0, 0, -1,
        0, 0, 0, -1,
        0, 0, 0, -1,
        0, 0, 0, -1,
        0, 0, 0, -1,
        0, 0, 0, -1,
        0, 0, 0, -1,
        0, 0, 0, -1,
        0, 0, 0, -1,
        0, 0, 0, -1,
        0, 0, 0, -1,
        0, 0, 0, -1,
        0, 0, 0, -1,
        0, 0, 0, -1,
        0, 0, 0, -1,
        0, 0, 0, -1,
        0, 0, 0, -1,
        0, 0, 0, -1,
        0, 0, 0, -1,
        0, 0, 0, -1,
        0, 0, 0, -1,
        0, 0, 0, -1,
        0, 0, 0, -1,
        0, 0, 0, -1,
        0, 0, 0, -1,
        0, 0, 0, -1,
        0, 0, 0, -1,
        0, 0, 0, -1,
        0, 0, 0, -1,
        13, 13, 13, -1,
        13, 13, 13, -1,
        12, 12, 12, -1,
        12, 12, 12, -1,
        12, 12, 12, -1,
        12, 12, 12, -1,
        12, 12, 12, -1,
        12, 12, 12, -1,
        12, 12, 12, -1,
        12, 12, 12, -1,
        12, 12, 12, -1,
        12, 12, 12, -1,
        12, 12, 12, -1,
        12, 12, 12, -1,
        12, 12, 12, -1,
        12, 12, 12, -1,
        2, 2, 2, -1,
        2, 2, 2, -1,
        2, 2, 2, -1,
        2, 2, 2, -1,
        6, 6, 6, -1,
        6, 6, 6, -1,
        6, 6, 6, -1,
        5, 10, 10, -1,
        5, 10, 5, -1,
        10, 19, 19, -1,
        10, 19, 10, -1,
        19, 11, 11, -1,
        19, 11, 19, -1,
        14, 14, 14, -1,
        14, 14, 14, -1,
        14, 14, 14, -1,
        14, 14, 14, -1,
        4, 4, 4, -1,
        4, 4, 4, -1,
        18, 18, 18, -1,
        18, 18, 18, -1,
        5, 10, 10, -1,
        5, 10, 5, -1,
        10, 19, 19, -1,
        10, 19, 10, -1,
        19, 11, 11, -1,
        19, 11, 19, -1,
        4, 4, 4, -1,
        4, 4, 4, -1,
        15, 16, 16, -1,
        15, 16, 15, -1,
        14, 14, 14, -1,
        14, 14, 14, -1,
        8, 8, 8, -1,
        8, 8, 8, -1,
        13, 13, 13, -1,
        13, 13, 13, -1,
        13, 13, 13, -1,
        13, 13, 13, -1,
        9, 9, 9, -1,
        9, 9, 9, -1,
        13, 13, 13, -1,
        13, 13, 13, -1,
        10, 19, 19, -1,
        10, 19, 10, -1,
        16, 15, 15, -1,
        16, 15, 16, -1,
        2, 2, 2, -1,
        2, 2, 2, -1,
        5, 10, 10, -1,
        5, 10, 5, -1,
        19, 11, 11, -1,
        19, 11, 19, -1,
        4, 4, 4, -1,
        4, 4, 4, -1,
        14, 14, 14, -1,
        14, 14, 14, -1,
        18, 18, 18, -1,
        18, 18, 18, -1,
        2, 2, 2, -1,
        2, 2, 2, -1,
        5, 10, 10, -1,
        5, 10, 5, -1,
        10, 19, 19, -1,
        10, 19, 10, -1,
        19, 11, 11, -1,
        19, 11, 19, -1,
        13, 13, 13, -1,
        13, 13, 13, -1,
        18, 18, 18, -1,
        18, 18, 18, -1,
        7, 17, 17, -1,
        7, 17, 7, -1,
        17, 15, 15, -1,
        17, 15, 17, -1,
        4, 4, 4, -1,
        4, 4, 4, -1,
        14, 14, 14, -1,
        14, 14, 14, -1,
        13, 13, 13, -1,
        13, 13, 13, -1,
        18, 18, 18, -1,
        18, 18, 18, -1,
        7, 17, 17, -1,
        7, 17, 7, -1,
        17, 15, 15, -1,
        17, 15, 17, -1,
        10, 19, 19, -1,
        10, 19, 10, -1,
        16, 15, 15, -1,
        16, 15, 16, -1,
        2, 2, 2, -1,
        2, 2, 2, -1,
        5, 10, 10, -1,
        5, 10, 5, -1,
        19, 11, 11, -1,
        19, 11, 19, -1,
        14, 14, 14, -1,
        14, 14, 14, -1,
        13, 13, 13, -1,
        13, 13, 13, -1,
        18, 18, 18, -1,
        18, 18, 18, -1,
        4, 4, 4, -1,
        4, 4, 4, -1,
        7, 17, 17, -1,
        7, 17, 7, -1,
        17, 15, 15, -1,
        17, 15, 17, -1,
        7, 17, 17, -1,
        7, 17, 7, -1,
        17, 15, 15, -1,
        17, 15, 17, -1,
        15, 16, 16, -1,
        15, 16, 15, -1,
        2, 2, 2, -1,
        2, 2, 2, -1,
        5, 10, 10, -1,
        5, 10, 5, -1,
        10, 19, 19, -1,
        10, 19, 10, -1,
        19, 11, 11, -1,
        19, 11, 19, -1,
        13, 13, 13, -1,
        13, 13, 13, -1,
        1, 1, 1, -1,
        1, 1, 1, -1,
        2, 2, 2, -1,
        2, 2, 2, -1,
        6, 6, 6, -1,
        6, 6, 6, -1,
        6, 6, 6, -1,
        6, 6, 6, -1,
        1, 1, 1, -1,
        1, 1, 1, -1,
        1, 1, 1, -1,
        1, 1, 1, -1,
        1, 1, 1, -1,
        1, 1, 1, -1,
        1, 1, 1, -1,
        1, 1, 1, -1,
        1, 1, 1, -1,
        1, 1, 1, -1,
        1, 1, 1, -1,
        1, 1, 1, -1,
        1, 1, 1, -1,
        1, 1, 1, -1,
        1, 1, 1, -1,
        1, 1, 1, -1,
        1, 1, 1, -1,
        1, 1, 1, -1,
        1, 1, 1, -1,
        1, 1, 1, -1,
        1, 1, 1, -1,
        1, 1, 1, -1,
        1, 1, 1, -1,
        1, 1, 1, -1,
        1, 1, 1, -1,
        1, 1, 1, -1,
        1, 1, 1, -1,
        1, 1, 1, -1,
        1, 1, 1, -1,
        1, 1, 1, -1,
        1, 1, 1, -1,
        1, 1, 1, -1,
        1, 1, 1, -1,
        1, 1, 1, -1,
        1, 1, 1, -1,
        1, 1, 1, -1,
        1, 1, 1, -1,
        1, 1, 1, -1,
        1, 1, 1, -1,
        1, 1, 1, -1,
        1, 1, 1, -1,
        1, 1, 1, -1,
        1, 1, 1, -1,
        1, 1, 1, -1,
        1, 1, 1, -1,
        1, 1, 1, -1,
        1, 1, 1, -1,
        1, 1, 1, -1,
        1, 1, 1, -1,
        1, 1, 1, -1,
        1, 1, 1, -1,
        1, 1, 1, -1,
        1, 1, 1, -1,
        1, 1, 1, -1,
        1, 1, 1, -1,
        1, 1, 1, -1,
        1, 1, 1, -1,
        1, 1, 1, -1,
        1, 1, 1, -1,
        1, 1, 1, -1,
        1, 1, 1, -1,
        1, 1, 1, -1,
        1, 1, 1, -1,
        1, 1, 1, -1,
        1, 1, 1, -1,
        1, 1, 1, -1,
        1, 1, 1, -1,
        1, 1, 1, -1,
        1, 1, 1, -1,
        13, 13, 13, -1,
        13, 13, 13, -1,
        2, 2, 2, -1,
        2, 2, 2, -1,
        2, 2, 2, -1,
        2, 2, 2, -1,
        5, 5, 10, -1,
        5, 10, 10, -1,
        10, 10, 19, -1,
        10, 19, 19, -1,
        19, 19, 11, -1,
        19, 11, 11, -1,
        14, 14, 14, -1,
        14, 14, 14, -1,
        14, 14, 14, -1,
        14, 14, 14, -1,
        4, 4, 4, -1,
        4, 4, 4, -1,
        18, 18, 18, -1,
        18, 18, 18, -1,
        5, 5, 10, -1,
        5, 10, 10, -1,
        10, 10, 19, -1,
        10, 19, 19, -1,
        19, 19, 11, -1,
        19, 11, 11, -1,
        4, 4, 4, -1,
        4, 4, 4, -1,
        15, 15, 16, -1,
        15, 16, 16, -1,
        14, 14, 14, -1,
        14, 14, 14, -1,
        8, 8, 8, -1,
        8, 8, 8, -1,
        13, 13, 13, -1,
        13, 13, 13, -1,
        13, 13, 13, -1,
        13, 13, 13, -1,
        9, 9, 9, -1,
        9, 9, 9, -1,
        13, 13, 13, -1,
        13, 13, 13, -1,
        10, 10, 19, -1,
        10, 19, 19, -1,
        16, 15, 15, -1,
        16, 15, 16, -1,
        2, 2, 2, -1,
        2, 2, 2, -1,
        5, 5, 10, -1,
        5, 10, 10, -1,
        19, 19, 11, -1,
        19, 11, 11, -1,
        4, 4, 4, -1,
        4, 4, 4, -1,
        14, 14, 14, -1,
        14, 14, 14, -1,
        18, 18, 18, -1,
        18, 18, 18, -1,
        2, 2, 2, -1,
        2, 2, 2, -1,
        5, 5, 10, -1,
        5, 10, 10, -1,
        10, 10, 19, -1,
        10, 19, 19, -1,
        19, 19, 11, -1,
        19, 11, 11, -1,
        13, 13, 13, -1,
        13, 13, 13, -1,
        18, 18, 18, -1,
        18, 18, 18, -1,
        7, 7, 17, -1,
        7, 17, 17, -1,
        17, 17, 15, -1,
        17, 15, 15, -1,
        4, 4, 4, -1,
        4, 4, 4, -1,
        14, 14, 14, -1,
        14, 14, 14, -1,
        13, 13, 13, -1,
        13, 13, 13, -1,
        18, 18, 18, -1,
        18, 18, 18, -1,
        7, 7, 17, -1,
        7, 17, 17, -1,
        17, 17, 15, -1,
        17, 15, 15, -1,
        10, 10, 19, -1,
        10, 19, 19, -1,
        16, 15, 15, -1,
        16, 15, 16, -1,
        2, 2, 2, -1,
        2, 2, 2, -1,
        5, 5, 10, -1,
        5, 10, 10, -1,
        19, 19, 11, -1,
        19, 11, 11, -1,
        14, 14, 14, -1,
        14, 14, 14, -1,
        13, 13, 13, -1,
        13, 13, 13, -1,
        18, 18, 18, -1,
        18, 18, 18, -1,
        4, 4, 4, -1,
        4, 4, 4, -1,
        7, 7, 17, -1,
        7, 17, 17, -1,
        17, 17, 15, -1,
        17, 15, 15, -1,
        7, 7, 17, -1,
        7, 17, 17, -1,
        17, 17, 15, -1,
        17, 15, 15, -1,
        15, 15, 16, -1,
        15, 16, 16, -1,
        2, 2, 2, -1,
        2, 2, 2, -1,
        5, 5, 10, -1,
        5, 10, 10, -1,
        10, 10, 19, -1,
        10, 19, 19, -1,
        19, 19, 11, -1,
        19, 11, 11, -1,
        1, 1, 1, -1,
        1, 1, 1, -1,
        1, 1, 1, -1,
        1, 1, 1, -1,
        1, 1, 1, -1,
        1, 1, 1, -1,
        1, 1, 1, -1,
        1, 1, 1, -1,
        1, 1, 1, -1,
        1, 1, 1, -1,
        1, 1, 1, -1,
        1, 1, 1, -1,
        1, 1, 1, -1,
        1, 1, 1, -1,
        1, 1, 1, -1,
        1, 1, 1, -1,
        1, 1, 1, -1,
        1, 1, 1, -1,
        1, 1, 1, -1,
        1, 1, 1, -1,
        1, 1, 1, -1,
        1, 1, 1, -1,
        1, 1, 1, -1,
        1, 1, 1, -1,
        1, 1, 1, -1,
        1, 1, 1, -1,
        1, 1, 1, -1,
        1, 1, 1, -1,
        1, 1, 1, -1,
        1, 1, 1, -1,
        1, 1, 1, -1,
        1, 1, 1, -1,
        1, 1, 1, -1,
        1, 1, 1, -1,
        1, 1, 1, -1,
        1, 1, 1, -1,
        1, 1, 1, -1,
        1, 1, 1, -1,
        1, 1, 1, -1,
        1, 1, 1, -1,
        1, 1, 1, -1,
        1, 1, 1, -1,
        1, 1, 1, -1,
        1, 1, 1, -1,
        1, 1, 1, -1,
        1, 1, 1, -1,
        1, 1, 1, -1,
        1, 1, 1, -1,
        1, 1, 1, -1,
        1, 1, 1, -1,
        1, 1, 1, -1,
        1, 1, 1, -1,
        1, 1, 1, -1,
        1, 1, 1, -1,
        1, 1, 1, -1,
        1, 1, 1, -1,
        1, 1, 1, -1,
        1, 1, 1, -1,
        1, 1, 1, -1,
        1, 1, 1, -1,
        1, 1, 1, -1,
        1, 1, 1, -1,
        1, 1, 1, -1,
        1, 1, 1, -1,
        1, 1, 1, -1,
        1, 1, 1, -1,
        1, 1, 1, -1,
        1, 1, 1, -1,
        1, 1, 1, -1,
        1, 1, 1, -1,
        1, 1, 1, -1,
        13, 13, 13, -1,
        13, 13, 13, -1,
        2, 2, 2, -1,
        2, 2, 2, -1,
        2, 2, 2, -1,
        2, 2, 2, -1,
        6, 6, 6, -1,
        6, 6, 6, -1,
        6, 6, 6, -1,
        5, 5, 10, -1,
        5, 10, 10, -1,
        10, 10, 19, -1,
        10, 19, 19, -1,
        19, 19, 11, -1,
        19, 11, 11, -1,
        14, 14, 14, -1,
        14, 14, 14, -1,
        14, 14, 14, -1,
        14, 14, 14, -1,
        4, 4, 4, -1,
        4, 4, 4, -1,
        18, 18, 18, -1,
        18, 18, 18, -1,
        5, 5, 10, -1,
        5, 10, 10, -1,
        10, 10, 19, -1,
        10, 19, 19, -1,
        19, 19, 11, -1,
        19, 11, 11, -1,
        4, 4, 4, -1,
        4, 4, 4, -1,
        15, 15, 16, -1,
        15, 16, 16, -1,
        14, 14, 14, -1,
        14, 14, 14, -1,
        8, 8, 8, -1,
        8, 8, 8, -1,
        13, 13, 13, -1,
        13, 13, 13, -1,
        13, 13, 13, -1,
        13, 13, 13, -1,
        9, 9, 9, -1,
        9, 9, 9, -1,
        13, 13, 13, -1,
        13, 13, 13, -1,
        10, 10, 19, -1,
        10, 19, 19, -1,
        16, 15, 15, -1,
        16, 15, 16, -1,
        2, 2, 2, -1,
        2, 2, 2, -1,
        5, 5, 10, -1,
        5, 10, 10, -1,
        19, 19, 11, -1,
        19, 11, 11, -1,
        4, 4, 4, -1,
        4, 4, 4, -1,
        14, 14, 14, -1,
        14, 14, 14, -1,
        18, 18, 18, -1,
        18, 18, 18, -1,
        2, 2, 2, -1,
        2, 2, 2, -1,
        5, 5, 10, -1,
        5, 10, 10, -1,
        10, 10, 19, -1,
        10, 19, 19, -1,
        19, 19, 11, -1,
        19, 11, 11, -1,
        13, 13, 13, -1,
        13, 13, 13, -1,
        18, 18, 18, -1,
        18, 18, 18, -1,
        7, 7, 17, -1,
        7, 17, 17, -1,
        17, 17, 15, -1,
        17, 15, 15, -1,
        4, 4, 4, -1,
        4, 4, 4, -1,
        14, 14, 14, -1,
        14, 14, 14, -1,
        13, 13, 13, -1,
        13, 13, 13, -1,
        18, 18, 18, -1,
        18, 18, 18, -1,
        7, 7, 17, -1,
        7, 17, 17, -1,
        17, 17, 15, -1,
        17, 15, 15, -1,
        10, 10, 19, -1,
        10, 19, 19, -1,
        16, 15, 15, -1,
        16, 15, 16, -1,
        2, 2, 2, -1,
        2, 2, 2, -1,
        5, 5, 10, -1,
        5, 10, 10, -1,
        19, 19, 11, -1,
        19, 11, 11, -1,
        14, 14, 14, -1,
        14, 14, 14, -1,
        13, 13, 13, -1,
        13, 13, 13, -1,
        18, 18, 18, -1,
        18, 18, 18, -1,
        4, 4, 4, -1,
        4, 4, 4, -1,
        7, 7, 17, -1,
        7, 17, 17, -1,
        17, 17, 15, -1,
        17, 15, 15, -1,
        7, 7, 17, -1,
        7, 17, 17, -1,
        17, 17, 15, -1,
        17, 15, 15, -1,
        15, 15, 16, -1,
        15, 16, 16, -1,
        2, 2, 2, -1,
        2, 2, 2, -1,
        5, 5, 10, -1,
        5, 10, 10, -1,
        10, 10, 19, -1,
        10, 19, 19, -1,
        19, 19, 11, -1,
        19, 11, 11, -1,
        0, 0, 0, -1,
        0, 0, 0, -1,
        0, 0, 0, -1,
        0, 0, 0, -1,
        0, 0, 0, -1,
        0, 0, 0, -1,
        0, 0, 0, -1,
        0, 0, 0, -1,
        0, 0, 0, -1,
        0, 0, 0, -1,
        0, 0, 0, -1,
        0, 0, 0, -1,
        0, 0, 0, -1,
        0, 0, 0, -1,
        0, 0, 0, -1,
        0, 0, 0, -1,
        0, 0, 0, -1,
        0, 0, 0, -1,
        0, 0, 0, -1,
        0, 0, 0, -1,
        0, 0, 0, -1,
        0, 0, 0, -1,
        0, 0, 0, -1,
        0, 0, 0, -1,
        0, 0, 0, -1,
        0, 0, 0, -1,
        0, 0, 0, -1,
        0, 0, 0, -1,
        0, 0, 0, -1,
        0, 0, 0, -1,
        0, 0, 0, -1,
        0, 0, 0, -1,
        0, 0, 0, -1,
        0, 0, 0, -1,
        0, 0, 0, -1,
        0, 0, 0, -1,
        0, 0, 0, -1,
        0, 0, 0, -1,
        0, 0, 0, -1,
        0, 0, 0, -1,
        0, 0, 0, -1,
        0, 0, 0, -1,
        0, 0, 0, -1,
        0, 0, 0, -1,
        0, 0, 0, -1,
        0, 0, 0, -1,
        0, 0, 0, -1,
        0, 0, 0, -1,
        0, 0, 0, -1,
        0, 0, 0, -1,
        0, 0, 0, -1,
        0, 0, 0, -1,
        0, 0, 0, -1,
        0, 0, 0, -1,
        0, 0, 0, -1,
        0, 0, 0, -1,
        0, 0, 0, -1,
        0, 0, 0, -1,
        0, 0, 0, -1,
        0, 0, 0, -1,
        0, 0, 0, -1,
        0, 0, 0, -1,
        0, 0, 0, -1,
        0, 0, 0, -1,
        0, 0, 0, -1,
        0, 0, 0, -1,
        0, 0, 0, -1,
        0, 0, 0, -1,
        0, 0, 0, -1,
        0, 0, 0, -1,
        0, 0, 0, -1,
        13, 13, 13, -1,
        13, 13, 13, -1,
        1, 1, 1, -1,
        1, 1, 1, -1,
        14, 14, 14, -1,
        14, 14, 14, -1,
        14, 14, 14, -1,
        14, 14, 14, -1,
        14, 14, 14, -1,
        14, 14, 14, -1,
        14, 14, 14, -1,
        14, 14, 14, -1,
        14, 14, 14, -1,
        14, 14, 14, -1,
        14, 14, 14, -1,
        14, 14, 14, -1,
        14, 14, 14, -1,
        14, 14, 14, -1,
        2, 2, 2, -1,
        2, 2, 2, -1,
        6, 6, 6, -1,
        6, 6, 6, -1,
        6, 6, 6, -1,
        6, 6, 6, -1,
        1, 1, 1, -1,
        1, 1, 1, -1,
        1, 1, 1, -1,
        1, 1, 1, -1,
        1, 1, 1, -1,
        1, 1, 1, -1,
        1, 1, 1, -1,
        1, 1, 1, -1,
        1, 1, 1, -1,
        1, 1, 1, -1,
        1, 1, 1, -1,
        1, 1, 1, -1,
        1, 1, 1, -1,
        1, 1, 1, -1,
        1, 1, 1, -1,
        1, 1, 1, -1,
        1, 1, 1, -1,
        1, 1, 1, -1,
        1, 1, 1, -1,
        1, 1, 1, -1,
        1, 1, 1, -1,
        1, 1, 1, -1,
        1, 1, 1, -1,
        1, 1, 1, -1,
        1, 1, 1, -1,
        1, 1, 1, -1,
        1, 1, 1, -1,
        1, 1, 1, -1,
        1, 1, 1, -1,
        1, 1, 1, -1,
        1, 1, 1, -1,
        1, 1, 1, -1,
        1, 1, 1, -1,
        1, 1, 1, -1,
        1, 1, 1, -1,
        1, 1, 1, -1,
        1, 1, 1, -1,
        1, 1, 1, -1,
        1, 1, 1, -1,
        1, 1, 1, -1,
        1, 1, 1, -1,
        1, 1, 1, -1,
        1, 1, 1, -1,
        1, 1, 1, -1,
        1, 1, 1, -1,
        1, 1, 1, -1,
        1, 1, 1, -1,
        1, 1, 1, -1,
        1, 1, 1, -1,
        1, 1, 1, -1,
        1, 1, 1, -1,
        1, 1, 1, -1,
        1, 1, 1, -1,
        1, 1, 1, -1,
        1, 1, 1, -1,
        1, 1, 1, -1,
        1, 1, 1, -1,
        1, 1, 1, -1,
        1, 1, 1, -1,
        1, 1, 1, -1,
        1, 1, 1, -1,
        1, 1, 1, -1,
        1, 1, 1, -1,
        1, 1, 1, -1,
        1, 1, 1, -1,
        1, 1, 1, -1,
        1, 1, 1, -1,
        1, 1, 1, -1,
        1, 1, 1, -1,
        13, 13, 13, -1,
        13, 13, 13, -1,
        2, 2, 2, -1,
        2, 2, 2, -1,
        2, 2, 2, -1,
        2, 2, 2, -1,
        5, 5, 10, -1,
        5, 10, 10, -1,
        10, 10, 19, -1,
        10, 19, 19, -1,
        19, 19, 11, -1,
        19, 11, 11, -1,
        14, 14, 14, -1,
        14, 14, 14, -1,
        14, 14, 14, -1,
        14, 14, 14, -1,
        4, 4, 4, -1,
        4, 4, 4, -1,
        18, 18, 18, -1,
        18, 18, 18, -1,
        5, 5, 10, -1,
        5, 10, 10, -1,
        10, 10, 19, -1,
        10, 19, 19, -1,
        19, 19, 11, -1,
        19, 11, 11, -1,
        4, 4, 4, -1,
        4, 4, 4, -1,
        15, 15, 16, -1,
        15, 16, 16, -1,
        14, 14, 14, -1,
        14, 14, 14, -1,
        8, 8, 8, -1,
        8, 8, 8, -1,
        13, 13, 13, -1,
        13, 13, 13, -1,
        13, 13, 13, -1,
        13, 13, 13, -1,
        9, 9, 9, -1,
        9, 9, 9, -1,
        13, 13, 13, -1,
        13, 13, 13, -1,
        10, 10, 19, -1,
        10, 19, 19, -1,
        16, 15, 15, -1,
        16, 15, 16, -1,
        2, 2, 2, -1,
        2, 2, 2, -1,
        5, 5, 10, -1,
        5, 10, 10, -1,
        19, 19, 11, -1,
        19, 11, 11, -1,
        4, 4, 4, -1,
        4, 4, 4, -1,
        14, 14, 14, -1,
        14, 14, 14, -1,
        18, 18, 18, -1,
        18, 18, 18, -1,
        2, 2, 2, -1,
        2, 2, 2, -1,
        5, 5, 10, -1,
        5, 10, 10, -1,
        10, 10, 19, -1,
        10, 19, 19, -1,
        19, 19, 11, -1,
        19, 11, 11, -1,
        13, 13, 13, -1,
        13, 13, 13, -1,
        18, 18, 18, -1,
        18, 18, 18, -1,
        7, 7, 17, -1,
        7, 17, 17, -1,
        17, 17, 15, -1,
        17, 15, 15, -1,
        4, 4, 4, -1,
        4, 4, 4, -1,
        14, 14, 14, -1,
        14, 14, 14, -1,
        13, 13, 13, -1,
        13, 13, 13, -1,
        18, 18, 18, -1,
        18, 18, 18, -1,
        7, 7, 17, -1,
        7, 17, 17, -1,
        17, 17, 15, -1,
        17, 15, 15, -1,
        10, 10, 19, -1,
        10, 19, 19, -1,
        15, 16, 16, -1,
        15, 16, 15, -1,
        2, 2, 2, -1,
        2, 2, 2, -1,
        5, 5, 10, -1,
        5, 10, 10, -1,
        19, 19, 11, -1,
        19, 11, 11, -1,
        14, 14, 14, -1,
        14, 14, 14, -1,
        13, 13, 13, -1,
        13, 13, 13, -1,
        18, 18, 18, -1,
        18, 18, 18, -1,
        4, 4, 4, -1,
        4, 4, 4, -1,
        7, 7, 17, -1,
        7, 17, 17, -1,
        17, 17, 15, -1,
        17, 15, 15, -1,
        7, 7, 17, -1,
        7, 17, 17, -1,
        17, 17, 15, -1,
        17, 15, 15, -1,
        15, 15, 16, -1,
        15, 16, 16, -1,
        2, 2, 2, -1,
        2, 2, 2, -1,
        5, 5, 10, -1,
        5, 10, 10, -1,
        10, 10, 19, -1,
        10, 19, 19, -1,
        19, 19, 11, -1,
        19, 11, 11, -1,
        13, 13, 13, -1,
        13, 13, 13, -1,
        2, 2, 2, -1,
        2, 2, 2, -1
              ]
      }
    }
  }
}
DEF _ET60S-D02-R12_po Group
{
Shape 
{
  Node_info
  {
    fields [SFString node_type, SFString node_name]
    node_type "Poly_Geom_Data"
    node_name ""
  }

    Material
    {
      ambientColor [1.00 1.00 0.00]
      diffuseColor [1.00 1.00 0.00]
      specularColor [0.8 0.8 0.8]
      shininess [0.5]
      transparency [0.00]
    }

  Coordinate3
  {
    point
    [
      0.93102 14.4133 -0.39, -4.57 14.069 -1.025, 
      -4.38278 23.7125 -1.4, -1.57243 14.425 -0.39, 
      1.57061 14.3903 -0.39, 4.28599 23.063 -2.525, 
      -0.93102 14.4133 -0.39, 4.57 14.3555 -0.39, 
      3.64398 23.063 -2.525, 3.93 14.3555 -0.39, 
      4.57 13.8114 -0.5485, -3.92757 14.425 -0.39, 
      3.93 13.8114 -0.5485, 1.85602 23.063 -2.525, 
      1.21401 23.063 -2.525, -1.57061 14.3903 -0.39, 
      -3.44692 21.2867 3.245, 1.57 14.3555 -0.39, 
      -4.56898 14.4133 -0.39, -4.09897 21.808 1.11, 
      0.93 14.3555 -0.39, 1.57 13.8114 -0.5485, 
      -2.05308 21.2867 3.245, 0.93 13.8114 -0.5485, 
      -3.92939 14.3903 -0.39, -1.21401 23.063 -2.525, 
      -0.93 14.3555 -0.39, -1.85602 23.063 -2.525, 
      -1.40103 21.808 1.11, -1.57 14.3555 -0.39, 
      -4.08048 21.3295 3.245, -0.93 13.8114 -0.5485, 
      -1.57 13.8114 -0.5485, -3.64398 23.063 -2.525, 
      -4.28599 23.063 -2.525, 2.05308 21.2867 3.245, 
      -4.57 14.069 1.745, -3.93 14.3555 -0.39, 
      1.40103 21.808 1.11, -1.41952 21.3295 3.245, 
      -3.93 14.069 1.745, -4.57 14.3555 -0.39, 
      4.08048 21.3295 -2.525, -3.93 13.8114 -0.5485, 
      3.44692 21.2867 3.245, -4.57 13.8114 -0.5485, 
      -1.57 14.069 1.745, 4.09897 21.808 1.11, 
      1.41952 21.3295 3.245, 1.41952 21.3295 -2.525, 
      -0.93 14.069 1.745, -3.47091 21.9016 1.11, 
      0.93 14.069 1.745, 3.44692 21.2867 -2.525, 
      4.08048 21.3295 3.245, 1.57 14.069 1.745, 
      -1.41952 21.3295 -2.525, -2.02909 21.9016 1.11, 
      2.05308 21.2867 -2.525, -4.28599 23.063 3.245, 
      -4.39425 23.7895 0.272297, -3.64398 23.063 3.245, 
      3.93 14.069 1.745, -4.08048 21.3295 -2.525, 
      4.57 14.069 1.745, -1.85602 23.063 3.245, 
      -1.21401 23.063 3.245, -4.39425 23.7895 2.5827, 
      2.02909 21.9016 1.11, -1.10575 23.7895 0.272297, 
      -2.05308 21.2867 -2.525, 3.47091 21.9016 1.11, 
      -3.44692 21.2867 -2.525, 1.21401 23.063 3.245, 
      4.39425 23.7895 -1.8627, 1.10575 23.7895 0.272297, 
      1.85602 23.063 3.245, -1.10575 23.7895 2.5827, 
      3.64398 23.063 3.245, 4.28599 23.063 3.245, 
      1.10575 23.7895 2.5827, 1.10575 23.7895 -1.8627, 
      4.39425 23.7895 0.272297, 3.47091 21.9016 -1.025, 
      -1.10575 23.7895 -1.8627, 2.02909 21.9016 -1.025, 
      4.39425 23.7895 2.5827, 3.93 13.25 -3.83874, 
      4.57 14.069 -0.39, 3.93 14.069 -0.39, 
      -4.39425 23.7895 -1.8627, -4.07664 21.5693 3.245, 
      1.57 13.25 -3.83874, -4.34187 23.438 3.14452, 
      0.93 13.25 -3.83874, -2.02909 21.9016 -1.025, 
      1.57 14.069 -0.39, -3.69986 23.438 3.14452, 
      0.93 14.069 -0.39, -3.47091 21.9016 -1.025, 
      -1.42336 21.5693 3.245, -0.93 13.25 -3.83874, 
      -3.44215 21.5948 3.245, -1.57 13.25 -3.83874, 
      -1.80014 23.438 3.14452, -0.93 14.069 -0.39, 
      -1.15813 23.438 3.14452, 4.09897 21.808 -1.025, 
      -1.57 14.069 -0.39, -2.05785 21.5948 3.245, 
      1.42336 21.5693 3.245, -4.57 13.8114 1.5865, 
      -3.93 13.25 -3.83874, -3.93 13.8114 1.5865, 
      1.15813 23.438 3.14452, -4.57 14.3555 1.745, 
      -3.93 14.069 -0.39, 1.40103 21.808 -1.025, 
      1.80014 23.438 3.14452, -3.93 14.3555 1.745, 
      -4.57 14.069 -0.39, 4.07664 21.5693 3.245, 
      2.05785 21.5948 3.245, -1.57 13.8114 1.5865, 
      4.56592 14.4709 -2.525, 3.69986 23.438 3.14452, 
      4.57 13.75 -3.55, -0.93 13.8114 1.5865, 
      4.34187 23.438 3.14452, 3.93 13.75 -3.55, 
      -1.57 14.3555 1.745, -1.40103 21.808 -1.025, 
      3.44215 21.5948 3.245, -0.93 14.3555 1.745, 
      -3.92939 14.3903 1.745, 0.93 13.8114 1.5865, 
      1.57 13.8114 1.5865, 1.57 13.75 -3.55, 
      0.93 14.3555 1.745, -4.09897 21.808 -1.025, 
      -4.56898 14.4133 1.745, 0.93408 14.4709 -2.525, 
      0.93 13.75 -3.55, 1.57 14.3555 1.745, 
      -1.57061 14.3903 1.745, 3.92757 14.425 -2.525, 
      3.93 13.8114 1.5865, -3.92757 14.425 1.745, 
      -0.93408 14.4709 -2.525, -0.93 13.75 -3.55, 
      4.56898 14.4133 -2.525, 4.57 13.8114 1.5865, 
      -1.57 13.75 -3.55, 3.93 14.3555 1.745, 
      4.57 14.3555 1.745, -0.93102 14.4133 1.745, 
      1.57061 14.3903 1.745, 1.57243 14.425 -2.525, 
      -1.57243 14.425 1.745, 3.93 13.25 -3.3, 
      -3.93 13.75 -3.55, 3.92939 14.3903 -2.525, 
      -4.38278 23.7125 0.735, -4.57 14.069 1.11, 
      0.93102 14.4133 1.745, -4.56592 14.4709 -2.525, 
      -4.57 13.75 -3.55, -4.56592 14.4709 1.745, 
      0.93102 14.4133 -2.525, -3.74077 23.7125 0.735, 
      -3.93 14.069 1.11, 3.92939 14.3903 1.745, 
      -1.57243 14.425 -2.525, 1.57 13.25 -3.3, 
      1.57243 14.425 1.745, 1.57061 14.3903 -2.525, 
      -0.93102 14.4133 -2.525, -1.75923 23.7125 0.735, 
      0.93 13.25 -3.3, 4.57 14.3555 -2.525, 
      -1.57 14.069 1.11, -1.11722 23.7125 0.735, 
      3.93 14.3555 -2.525, -0.93 14.069 1.11, 
      4.56898 14.4133 1.745, -0.93408 14.4709 1.745, 
      -3.92757 14.425 -2.525, -0.93 13.25 -3.3, 
      3.92757 14.425 1.745, -1.57 13.25 -3.3, 
      4.34187 23.438 -0.289519, -1.57061 14.3903 -2.525, 
      1.11722 23.7125 0.735, 0.93 14.069 1.11, 
      1.57 14.3555 -2.525, 3.69986 23.438 -0.289519, 
      0.93408 14.4709 1.745, -4.56898 14.4133 -2.525, 
      1.75923 23.7125 0.735, -4.09897 21.808 3.245, 
      1.57 14.069 1.11, 0.93 14.3555 -2.525, 
      -3.93 13.25 -3.3, 1.80014 23.438 -0.289519, 
      -3.92939 14.3903 -2.525, 3.74077 23.7125 0.735, 
      -0.93 14.3555 -2.525, 1.15813 23.438 -0.289519, 
      3.44215 21.5948 -1.025, 3.93 14.069 1.11, 
      4.38278 23.7125 0.735, -1.40103 21.808 3.245, 
      -1.57 14.3555 -2.525, 4.34187 23.438 -1.12548, 
      4.57 14.069 1.11, 3.69986 23.438 -1.12548, 
      4.56592 14.4709 1.745, 2.05785 21.5948 -1.025, 
      4.07664 21.5693 -1.025, -1.15813 23.438 -0.289519, 
      -3.93 14.3555 -2.525, -1.80014 23.438 -0.289519, 
      1.80014 23.438 -1.12548, 1.40103 21.808 3.245, 
      -4.57 14.3555 -2.525, 1.15813 23.438 -1.12548, 
      1.42336 21.5693 -1.025, -3.69986 23.438 -0.289519, 
      -4.34187 23.438 -0.289519, -2.05785 21.5948 -1.025, 
      4.09897 21.808 3.245, -1.15813 23.438 -1.12548, 
      -4.57 13.75 3.605, 3.93 13.1 -3.3, 
      -1.80014 23.438 -1.12548, -3.93 13.75 3.605, 
      -3.44215 21.5948 -1.025, -1.42336 21.5693 -1.025, 
      -3.47091 21.9016 3.245, -4.57 13.9278 1.7029, 
      1.57 13.1 -3.3, -3.69986 23.438 -1.12548, 
      -3.93 13.9278 1.7029, -2.02909 21.9016 3.245, 
      -1.57 13.75 3.605, 0.93 13.1 -3.3, 
      3.47091 21.9016 -0.39, -4.34187 23.438 -1.12548, 
      -0.93 13.75 3.605, -4.07664 21.5693 -1.025, 
      -4.39425 23.7895 2.4073, -4.57 13.75 3.245, 
      2.02909 21.9016 -0.39, -0.93 13.1 -3.3, 
      -3.93 13.75 3.245, -1.57 13.9278 1.7029, 
      4.57 13.8114 -0.8665, 0.93 13.75 3.605, 
      -1.57 13.1 -3.3, -0.93 13.9278 1.7029, 
      3.93 13.8114 -0.8665, 1.57 13.75 3.605, 
      4.39425 23.7895 -1.6873, 2.02909 21.9016 3.245, 
      -1.57 13.75 3.245, -1.10575 23.7895 2.4073, 
      0.93 13.9278 1.7029, -3.93 13.1 -3.3, 
      -0.93 13.75 3.245, 1.57 13.9278 1.7029, 
      1.57 13.8114 -0.8665, 3.47091 21.9016 3.245, 
      3.93 13.75 3.605, -2.02909 21.9016 -0.39, 
      0.93 13.8114 -0.8665, 4.57 13.75 3.605, 
      1.10575 23.7895 2.4073, 0.93 13.75 3.245, 
      -3.47091 21.9016 -0.39, 1.10575 23.7895 -1.6873, 
      4.28599 23.063 -1.025, 1.57 13.75 3.245, 
      3.93 13.9278 1.7029, 3.64398 23.063 -1.025, 
      4.57 13.9278 -0.982896, -0.93 13.8114 -0.8665, 
      4.57 13.9278 1.7029, 3.93 13.9278 -0.982896, 
      -1.57 13.8114 -0.8665, 4.09897 21.808 -0.39, 
      -1.10575 23.7895 -1.6873, 1.85602 23.063 -1.025, 
      3.93 13.75 3.245, 4.39425 23.7895 2.4073, 
      1.21401 23.063 -1.025, -3.44692 21.2867 1.745, 
      4.57 13.75 3.245, 1.57 13.9278 -0.982896, 
      -3.93 13.8114 -0.8665, -4.23655 23.813 0.36, 
      -4.57 14.3555 1.11, -3.75574 23.813 0.36, 
      1.40103 21.808 -0.39, 0.93 13.9278 -0.982896, 
      -4.57 13.8114 -0.8665, -2.05308 21.2867 1.745, 
      -3.93 14.3555 1.11, -4.39425 23.7895 -1.6873, 
      -1.21401 23.063 -1.025, -1.85602 23.063 -1.025, 
      -0.93 13.9278 -0.982896, -1.74426 23.813 0.36, 
      -1.26345 23.813 0.36, -1.57 13.9278 -0.982896, 
      -4.08048 21.3295 1.745, -1.57 14.3555 1.11, 
      -1.40103 21.808 -0.39, -4.57 13.7688 1.4275, 
      -0.93 14.3555 1.11, -3.64398 23.063 -1.025, 
      -3.93 13.7688 1.4275, -3.92939 14.3903 1.11, 
      -4.28599 23.063 -1.025, 2.05308 21.2867 1.745, 
      -3.93 13.9278 -0.982896, 1.26345 23.813 0.36, 
      -1.41952 21.3295 1.745, 0.93 14.3555 1.11, 
      4.08048 21.3295 -1.025, 1.74426 23.813 0.36, 
      -4.09897 21.808 -0.39, -4.57 13.9278 -0.982896, 
      -4.56898 14.4133 1.11, 3.44692 21.2867 1.745, 
      1.57 14.3555 1.11, -1.57 13.7688 1.4275, 
      -1.57061 14.3903 1.11, -0.93 13.7688 1.4275, 
      -3.92757 14.425 1.11, 3.75574 23.813 0.36, 
      -4.38278 23.7125 -0.015, 4.23655 23.813 0.36, 
      1.41952 21.3295 1.745, 1.41952 21.3295 -1.025, 
      -3.74077 23.7125 -0.015, 3.93 14.3555 1.11, 
      0.93 13.7688 1.4275, 4.57 14.3555 1.11, 
      -0.93102 14.4133 1.11, 1.57 13.7688 1.4275, 
      1.57061 14.3903 1.11, -1.57243 14.425 1.11, 
      -1.75923 23.7125 -0.015, 3.44692 21.2867 -1.025, 
      4.08048 21.3295 1.745, -1.11722 23.7125 -0.015, 
      -1.41952 21.3295 -1.025, 0.93102 14.4133 1.11, 
      -4.56592 14.4709 1.11, 3.93 13.7688 1.4275, 
      3.92939 14.3903 1.11, 2.05308 21.2867 -1.025, 
      -4.28599 23.063 1.745, 4.57 13.7688 1.4275, 
      -3.64398 23.063 1.745, 4.57 13.1 -3.92536, 
      1.57243 14.425 1.11, 1.11722 23.7125 -0.015, 
      -4.08048 21.3295 -1.025, 1.75923 23.7125 -0.015, 
      -1.85602 23.063 1.745, 4.56898 14.4133 1.11, 
      -1.21401 23.063 1.745, -0.93408 14.4709 1.11, 
      3.92757 14.425 1.11, 3.74077 23.7125 -0.015, 
      -2.05308 21.2867 -1.025, 4.38278 23.7125 -0.015, 
      0.93408 14.4709 1.11, -3.44692 21.2867 -1.025, 
      1.21401 23.063 1.745, 1.85602 23.063 1.745, 
      3.44215 21.5948 -0.39, 3.64398 23.063 1.745, 
      4.28599 23.063 1.745, 4.56592 14.4709 1.11, 
      2.05785 21.5948 -0.39, 4.07664 21.5693 -0.39, 
      -4.38278 23.7125 2.87, -4.57 13.1 -3.92536, 
      -3.74077 23.7125 2.87, 1.42336 21.5693 -0.39, 
      -1.75923 23.7125 2.87, -2.05785 21.5948 -0.39, 
      -1.11722 23.7125 2.87, -3.44215 21.5948 -0.39, 
      -4.07664 21.5693 1.745, -1.42336 21.5693 -0.39, 
      4.34187 23.438 -2.42452, 1.11722 23.7125 2.87, 
      3.69986 23.438 -2.42452, 1.75923 23.7125 2.87, 
      -1.42336 21.5693 1.745, -4.07664 21.5693 -0.39, 
      1.80014 23.438 -2.42452, -3.44215 21.5948 1.745, 
      3.74077 23.7125 2.87, 1.15813 23.438 -2.42452, 
      4.38278 23.7125 2.87, -2.05785 21.5948 1.745, 
      1.42336 21.5693 1.745, -1.15813 23.438 -2.42452, 
      -1.80014 23.438 -2.42452, 4.57 13.75 -2.525, 
      4.07664 21.5693 1.745, 3.93 13.75 -2.525, 
      -3.69986 23.438 -2.42452, 2.05785 21.5948 1.745, 
      4.56592 14.4709 -1.025, 4.28599 23.063 -0.39, 
      -4.34187 23.438 -2.42452, 3.64398 23.063 -0.39, 
      3.44215 21.5948 1.745, 1.57 13.75 -2.525, 
      -3.93 13.25 3.89368, 0.93 13.75 -2.525, 
      1.85602 23.063 -0.39, 1.21401 23.063 -0.39, 
      -3.44692 21.2867 1.11, 0.93408 14.4709 -1.025, 
      3.47091 21.9016 -2.525, 4.38278 23.7125 -2.15, 
      -0.93 13.75 -2.525, -2.05308 21.2867 1.11, 
      -1.57 13.25 3.89368, 3.74077 23.7125 -2.15, 
      -1.57 13.75 -2.525, 3.92757 14.425 -1.025, 
      -0.93 13.25 3.89368, 2.02909 21.9016 -2.525, 
      -0.93408 14.4709 -1.025, -1.21401 23.063 -0.39, 
      4.56898 14.4133 -1.025, -1.85602 23.063 -0.39, 
      1.75923 23.7125 -2.15, -4.08048 21.3295 1.11, 
      0.93 13.25 3.89368, -3.93 13.75 -2.525, 
      1.11722 23.7125 -2.15, 1.57243 14.425 -1.025, 
      1.57 13.25 3.89368, -4.57 13.75 -2.525, 
      -3.64398 23.063 -0.39, 4.57 13.7688 -0.7075, 
      -4.28599 23.063 -0.39, 3.92939 14.3903 -1.025, 
      2.05308 21.2867 1.11, 3.93 13.7688 -0.7075, 
      -4.56592 14.4709 -1.025, 0.93102 14.4133 -1.025, 
      -2.02909 21.9016 -2.525, -1.41952 21.3295 1.11, 
      -1.11722 23.7125 -2.15, 4.08048 21.3295 -0.39, 
      3.44692 21.2867 1.11, 3.93 13.25 3.89368, 
      -1.75923 23.7125 -2.15, -1.57243 14.425 -1.025, 
      -3.47091 21.9016 -2.525, 1.57061 14.3903 -1.025, 
      1.57 13.7688 -0.7075, -0.93102 14.4133 -1.025, 
      4.57 14.3555 -1.025, 0.93 13.7688 -0.7075, 
      3.93 14.3555 -1.025, -3.74077 23.7125 -2.15, 
      1.41952 21.3295 1.11, 1.41952 21.3295 -0.39, 
      4.23655 23.813 -1.775, 4.09897 21.808 -2.525, 
      -4.38278 23.7125 -2.15, 3.75574 23.813 -1.775, 
      -3.92757 14.425 -1.025, -0.93 13.7688 -0.7075, 
      -1.57061 14.3903 -1.025, -1.57 13.7688 -0.7075, 
      1.57 14.3555 -1.025, 3.44692 21.2867 -0.39, 
      -4.23655 23.813 2.495, -4.56898 14.4133 -1.025, 
      -4.57 13.9278 1.1521, -4.09897 21.808 1.745, 
      4.08048 21.3295 1.11, 1.74426 23.813 -1.775, 
      -4.57 14.3555 3.245, 0.93 14.3555 -1.025, 
      -1.41952 21.3295 -0.39, -3.75574 23.813 2.495, 
      1.40103 21.808 -2.525, 1.26345 23.813 -1.775, 
      -3.93 13.9278 1.1521, -3.93 14.3555 3.245, 
      2.05308 21.2867 -0.39, -4.28599 23.063 1.11, 
      -3.92939 14.3903 -1.025, -3.93 13.7688 -0.7075, 
      -3.64398 23.063 1.11, -0.93 14.3555 -1.025, 
      -1.74426 23.813 2.495, -4.57 13.7688 -0.7075, 
      -1.40103 21.808 1.745, -1.57 14.3555 -1.025, 
      -1.26345 23.813 2.495, -4.08048 21.3295 -0.39, 
      -1.57 13.9278 1.1521, -1.26345 23.813 -1.775, 
      -1.57 14.3555 3.245, -1.40103 21.808 -2.525, 
      -1.74426 23.813 -1.775, -0.93 13.9278 1.1521, 
      -1.85602 23.063 1.11, -0.93 14.3555 3.245, 
      -1.21401 23.063 1.11, -3.92939 14.3903 3.245, 
      -4.39425 23.7895 0.447703, -3.93 14.3555 -1.025, 
      -2.05308 21.2867 -0.39, 1.26345 23.813 2.495, 
      -4.57 13.8114 1.2685, 0.93 13.9278 1.1521, 
      1.40103 21.808 1.745, -3.75574 23.813 -1.775, 
      0.93 14.3555 3.245, -4.57 14.3555 -1.025, 
      1.74426 23.813 2.495, -4.09897 21.808 -2.525, 
      -4.56898 14.4133 3.245, -3.93 13.8114 1.2685, 
      -4.23655 23.813 -1.775, 1.57 13.9278 1.1521, 
      1.57 14.3555 3.245, -3.44692 21.2867 -0.39, 
      -1.57061 14.3903 3.245, 1.21401 23.063 1.11, 
      1.85602 23.063 1.11, -1.10575 23.7895 0.447703, 
      -3.92757 14.425 3.245, 3.75574 23.813 2.495, 
      -4.38278 23.7125 2.12, 4.09897 21.808 1.745, 
      4.23655 23.813 2.495, -1.57 13.8114 1.2685, 
      3.93 13.9278 1.1521, -3.74077 23.7125 2.12, 
      4.57 13.9278 -0.432104, 3.93 14.3555 3.245, 
      -0.93 13.8114 1.2685, 4.57 13.9278 1.1521, 
      3.64398 23.063 1.11, 3.93 13.9278 -0.432104, 
      4.57 14.3555 3.245, -0.93102 14.4133 3.245, 
      4.28599 23.063 1.11, 1.57061 14.3903 3.245, 
      1.10575 23.7895 0.447703, -3.47091 21.9016 1.745, 
      -1.57243 14.425 3.245, -1.75923 23.7125 2.12, 
      0.93 13.8114 1.2685, -1.11722 23.7125 2.12, 
      -2.02909 21.9016 1.745, 0.93102 14.4133 3.245, 
      1.57 13.8114 1.2685, 1.57 13.9278 -0.432104, 
      -4.56592 14.4709 3.245, 3.92939 14.3903 3.245, 
      0.93 13.9278 -0.432104, 4.39425 23.7895 0.447703, 
      1.57243 14.425 3.245, 1.11722 23.7125 2.12, 
      3.93 13.8114 1.2685, 1.75923 23.7125 2.12, 
      -0.93 13.9278 -0.432104, 4.57 13.8114 1.2685, 
      -1.57 13.9278 -0.432104, 4.56898 14.4133 3.245, 
      -0.93408 14.4709 3.245, 2.02909 21.9016 1.745, 
      3.92757 14.425 3.245, -4.07664 21.5693 1.11, 
      3.74077 23.7125 2.12, 4.38278 23.7125 2.12, 
      -4.34187 23.438 1.00952, 3.47091 21.9016 1.745, 
      -3.93 13.9278 -0.432104, 0.93408 14.4709 3.245, 
      -3.69986 23.438 1.00952, -4.57 13.9278 -0.432104, 
      -1.42336 21.5693 1.11, -4.57 13.1 3.98029, 
      -3.44215 21.5948 1.11, -3.93 13.1 3.98029, 
      -1.80014 23.438 1.00952, 3.44215 21.5948 -2.525, 
      -1.15813 23.438 1.00952, -2.05785 21.5948 1.11, 
      -4.34187 23.438 1.84548, 4.56592 14.4709 3.245, 
      2.05785 21.5948 -2.525, -3.69986 23.438 1.84548, 
      1.42336 21.5693 1.11, -1.57 13.1 3.98029, 
      4.07664 21.5693 -2.525, -0.93 13.1 3.98029, 
      1.15813 23.438 1.00952, 1.80014 23.438 1.00952, 
      -1.80014 23.438 1.84548, -1.15813 23.438 1.84548, 
      4.07664 21.5693 1.11, 0.93 13.1 3.98029, 
      1.42336 21.5693 -2.525, 2.05785 21.5948 1.11, 
      1.57 13.1 3.98029, 4.56592 14.4709 -0.39, 
      3.69986 23.438 1.00952, -2.05785 21.5948 -2.525, 
      4.57 14.069 -1.025, 4.34187 23.438 1.00952, 
      4.38278 23.7125 -1.4, 3.93 14.069 -1.025, 
      3.44215 21.5948 1.11, 1.15813 23.438 1.84548, 
      3.74077 23.7125 -1.4, -3.44215 21.5948 -2.525, 
      1.80014 23.438 1.84548, 3.93 13.1 3.98029, 
      -1.42336 21.5693 -2.525, 4.57 13.1 3.98029, 
      1.57 14.069 -1.025, 1.75923 23.7125 -1.4, 
      0.93408 14.4709 -0.39, 3.69986 23.438 1.84548, 
      0.93 14.069 -1.025, 1.11722 23.7125 -1.4, 
      4.34187 23.438 1.84548, -4.07664 21.5693 -2.525, 
      3.92757 14.425 -0.39, -0.93408 14.4709 -0.39, 
      4.56898 14.4133 -0.39, -0.93 14.069 -1.025, 
      -1.11722 23.7125 -1.4, -1.57 14.069 -1.025, 
      -1.75923 23.7125 -1.4, 1.57243 14.425 -0.39, 
      3.92939 14.3903 -0.39, -3.93 14.069 -1.025, 
      -3.74077 23.7125 -1.4, -4.56592 14.4709 -0.39
    ]
  }

  Normal
  {
    vector
    [
      0.9999 -0.0155 0.0000,-0.9999 0.0160 0.0000,
      0.9998 -0.0175 0.0000,-0.9998 0.0177 0.0000,
      1.0000 0.0000 0.0000,-1.0000 0.0000 0.0000,
      0.9992 -0.0350 0.0000,-0.9992 0.0353 0.0000,
      -0.9999 -0.0155 0.0000,0.9999 0.0160 0.0000,
      -0.9998 -0.0175 0.0000,0.9998 0.0177 0.0000,
      0.9978 -0.0386 0.0000,-0.9978 0.0389 0.0000,
      0.9986 -0.0524 0.0000,-0.9986 0.0530 0.0000,
      -0.9992 -0.0350 0.0000,0.9992 0.0353 0.0000,
      -0.9978 -0.0386 0.0000,0.9978 0.0389 0.0000,
      0.0000 0.0000 -1.0000,0.0000 0.0000 1.0000,
      0.9976 -0.0699 0.0000,-0.9975 0.0706 0.0000,
      -0.9986 -0.0524 0.0000,0.9986 0.0530 0.0000,
      -0.9976 -0.0699 0.0000,0.9975 0.0706 0.0000,
      0.9957 -0.0931 0.0000,-0.9956 0.0933 0.0000,
      -0.9957 -0.0931 0.0000,0.9956 0.0933 0.0000,
      -0.9891 0.1474 0.0000,0.9891 -0.1474 0.0000,
      0.9891 0.1474 0.0000,-0.9891 -0.1474 0.0000,
      0.0000 0.2588 0.9659,0.0000 0.4965 0.8327,
      0.0000 0.5000 0.8660,0.0000 0.9659 -0.2588,
      0.0000 0.2858 -0.9583,0.0000 0.4830 0.8365,
      0.0000 0.9659 0.2588,0.0000 0.4965 -0.8327,
      0.0000 0.5001 -0.8660,0.0000 0.9659 0.0000,
      -0.1474 0.9891 0.0000,0.1474 0.9891 0.0000,
      0.0000 -1.0000 0.0000,0.0000 1.0000 0.0000,
      0.0000 0.2858 0.9583,0.0000 0.4830 -0.8365,
      0.0000 0.2588 -0.9659,0.0000 0.8365 -0.4830,
      0.0000 0.8365 0.4830
    ]
  }

    Node_Info
    {
      fields [SFString node_type, SFString node_name]
      node_type "Poly_Surface"
      node_name ""
    }
    NormalBinding { value PER_VERTEX_INDEXED }
    Separator
    {
      MatrixTransform
      {
      matrix 1.0000 0.0000 0.0000 0.0000
             0.0000 0.0000 1.0000 0.0000
             0.0000 -1.0000 0.0000 0.0000
             18.1300 0.0000 0.0000 1.0000
      }
      IndexedFaceSet
      {
      coordIndex
      [
        224, 451, 304, -1,
        224, 304, 331, -1,
        224, 331, 1, -1,
        224, 1, 533, -1,
        599, 232, 389, -1,
        389, 232, 251, -1,
        389, 251, 451, -1,
        451, 251, 317, -1,
        451, 317, 509, -1,
        509, 317, 528, -1,
        509, 528, 45, -1,
        45, 528, 490, -1,
        45, 490, 597, -1,
        597, 490, 163, -1,
        597, 163, 120, -1,
        120, 163, 300, -1,
        120, 300, 41, -1,
        494, 115, 36, -1,
        494, 36, 239, -1,
        494, 239, 111, -1,
        494, 111, 251, -1,
        389, 451, 166, -1,
        317, 251, 111, -1,
        304, 451, 509, -1,
        560, 296, 151, -1,
        560, 151, 286, -1,
        560, 286, 64, -1,
        560, 64, 154, -1,
        365, 126, 637, -1,
        637, 126, 413, -1,
        637, 413, 296, -1,
        296, 413, 453, -1,
        296, 453, 363, -1,
        363, 453, 10, -1,
        363, 10, 583, -1,
        583, 10, 554, -1,
        583, 554, 557, -1,
        557, 554, 88, -1,
        557, 88, 214, -1,
        214, 88, 7, -1,
        214, 7, 347, -1,
        179, 472, 626, -1,
        179, 626, 284, -1,
        179, 284, 256, -1,
        179, 256, 413, -1,
        637, 296, 275, -1,
        453, 413, 256, -1,
        151, 296, 363, -1,
        617, 569, 265, -1,
        617, 265, 77, -1,
        617, 77, 394, -1,
        617, 394, 106, -1,
        617, 106, 66, -1,
        617, 66, 211, -1,
        617, 211, 510, -1,
        617, 510, 372, -1,
        316, 441, 219, -1,
        316, 219, 355, -1,
        316, 355, 69, -1,
        316, 69, 545, -1,
        316, 545, 181, -1,
        316, 181, 604, -1,
        316, 604, 522, -1,
        316, 522, 28, -1,
        517, 25, 411, -1,
        517, 411, 462, -1,
        517, 462, 84, -1,
        517, 84, 290, -1,
        517, 290, 650, -1,
        517, 650, 231, -1,
        517, 231, 308, -1,
        517, 308, 131, -1,
        16, 546, 147, -1,
        16, 147, 295, -1,
        428, 338, 11, -1,
        428, 11, 541, -1,
        379, 482, 186, -1,
        379, 186, 72, -1,
        388, 67, 250, -1,
        388, 250, 548, -1,
        388, 548, 606, -1,
        388, 606, 362, -1,
        388, 362, 491, -1,
        388, 491, 199, -1,
        388, 199, 59, -1,
        388, 59, 93, -1,
        228, 454, 330, -1,
        228, 330, 19, -1,
        228, 19, 503, -1,
        228, 503, 592, -1,
        228, 592, 162, -1,
        228, 162, 524, -1,
        228, 524, 60, -1,
        228, 60, 340, -1,
        420, 34, 535, -1,
        420, 535, 139, -1,
        420, 139, 322, -1,
        420, 322, 247, -1,
        420, 247, 2, -1,
        420, 2, 307, -1,
        420, 307, 90, -1,
        420, 90, 480, -1,
        488, 250, 67, -1,
        299, 60, 524, -1,
        538, 90, 307, -1,
        16, 295, 405, -1,
        16, 405, 102, -1,
        428, 541, 395, -1,
        428, 395, 600, -1,
        379, 72, 633, -1,
        379, 633, 236, -1,
        102, 405, 565, -1,
        102, 565, 238, -1,
        600, 395, 278, -1,
        600, 278, 51, -1,
        236, 633, 468, -1,
        236, 468, 99, -1,
        609, 553, 497, -1,
        609, 497, 390, -1,
        609, 390, 97, -1,
        609, 97, 61, -1,
        609, 61, 238, -1,
        609, 238, 565, -1,
        609, 565, 364, -1,
        278, 452, 227, -1,
        278, 227, 344, -1,
        278, 344, 301, -1,
        278, 301, 169, -1,
        278, 169, 596, -1,
        278, 596, 506, -1,
        278, 506, 51, -1,
        99, 468, 33, -1,
        99, 33, 416, -1,
        99, 416, 475, -1,
        99, 475, 531, -1,
        99, 531, 656, -1,
        99, 656, 241, -1,
        99, 241, 319, -1,
        420, 480, 475, -1,
        420, 475, 416, -1,
        34, 420, 416, -1,
        34, 416, 33, -1,
        480, 90, 538, -1,
        480, 538, 531, -1,
        480, 531, 475, -1,
        538, 307, 2, -1,
        538, 2, 656, -1,
        538, 656, 531, -1,
        656, 2, 247, -1,
        656, 247, 241, -1,
        241, 247, 322, -1,
        241, 322, 319, -1,
        228, 340, 344, -1,
        228, 344, 227, -1,
        454, 228, 227, -1,
        454, 227, 452, -1,
        340, 60, 299, -1,
        340, 299, 301, -1,
        340, 301, 344, -1,
        299, 524, 162, -1,
        299, 162, 169, -1,
        299, 169, 301, -1,
        169, 162, 592, -1,
        169, 592, 596, -1,
        596, 592, 503, -1,
        596, 503, 506, -1,
        97, 93, 59, -1,
        97, 59, 61, -1,
        362, 606, 609, -1,
        362, 609, 364, -1,
        390, 388, 93, -1,
        390, 93, 97, -1,
        606, 548, 553, -1,
        606, 553, 609, -1,
        548, 250, 488, -1,
        548, 488, 497, -1,
        548, 497, 553, -1,
        488, 67, 388, -1,
        488, 388, 390, -1,
        488, 390, 497, -1,
        199, 491, 396, -1,
        199, 396, 91, -1,
        19, 330, 403, -1,
        19, 403, 589, -1,
        139, 535, 645, -1,
        139, 645, 249, -1,
        91, 396, 314, -1,
        91, 314, 30, -1,
        589, 403, 513, -1,
        589, 513, 445, -1,
        249, 645, 63, -1,
        249, 63, 368, -1,
        574, 30, 314, -1,
        574, 314, 167, -1,
        358, 445, 513, -1,
        358, 513, 657, -1,
        63, 165, 458, -1,
        63, 458, 368, -1,
        77, 265, 512, -1,
        545, 69, 312, -1,
        290, 84, 515, -1,
        392, 508, 567, -1,
        392, 567, 616, -1,
        392, 616, 370, -1,
        392, 370, 570, -1,
        392, 570, 243, -1,
        392, 243, 65, -1,
        392, 65, 104, -1,
        221, 443, 273, -1,
        221, 273, 57, -1,
        221, 57, 520, -1,
        221, 520, 602, -1,
        221, 602, 177, -1,
        221, 177, 311, -1,
        221, 311, 352, -1,
        412, 27, 460, -1,
        412, 460, 95, -1,
        412, 95, 309, -1,
        412, 309, 234, -1,
        412, 234, 652, -1,
        412, 652, 518, -1,
        412, 518, 466, -1,
        243, 570, 409, -1,
        243, 409, 109, -1,
        57, 273, 393, -1,
        57, 393, 605, -1,
        95, 460, 625, -1,
        95, 625, 229, -1,
        109, 409, 305, -1,
        109, 305, 22, -1,
        605, 393, 526, -1,
        605, 526, 433, -1,
        229, 625, 70, -1,
        229, 70, 376, -1,
        305, 158, 566, -1,
        305, 566, 22, -1,
        526, 3, 351, -1,
        526, 351, 433, -1,
        70, 172, 467, -1,
        70, 467, 376, -1,
        411, 412, 466, -1,
        411, 466, 462, -1,
        25, 27, 412, -1,
        25, 412, 411, -1,
        462, 466, 518, -1,
        462, 518, 515, -1,
        462, 515, 84, -1,
        518, 652, 650, -1,
        518, 650, 290, -1,
        518, 290, 515, -1,
        652, 234, 231, -1,
        652, 231, 650, -1,
        234, 309, 308, -1,
        234, 308, 231, -1,
        219, 221, 352, -1,
        219, 352, 355, -1,
        441, 443, 221, -1,
        441, 221, 219, -1,
        355, 352, 311, -1,
        355, 311, 312, -1,
        355, 312, 69, -1,
        311, 177, 181, -1,
        311, 181, 545, -1,
        311, 545, 312, -1,
        177, 602, 604, -1,
        177, 604, 181, -1,
        602, 520, 522, -1,
        602, 522, 604, -1,
        104, 65, 66, -1,
        104, 66, 106, -1,
        372, 370, 616, -1,
        372, 616, 617, -1,
        392, 104, 106, -1,
        392, 106, 394, -1,
        617, 616, 567, -1,
        617, 567, 569, -1,
        569, 567, 508, -1,
        569, 508, 512, -1,
        569, 512, 265, -1,
        508, 392, 394, -1,
        508, 394, 77, -1,
        508, 77, 512, -1,
        634, 581, 534, -1,
        634, 534, 401, -1,
        634, 401, 118, -1,
        634, 118, 76, -1,
        634, 76, 263, -1,
        634, 263, 587, -1,
        634, 587, 381, -1,
        252, 426, 203, -1,
        252, 203, 369, -1,
        252, 369, 329, -1,
        252, 329, 198, -1,
        252, 198, 615, -1,
        252, 615, 544, -1,
        252, 544, 68, -1,
        439, 13, 404, -1,
        439, 404, 444, -1,
        439, 444, 493, -1,
        439, 493, 639, -1,
        439, 639, 222, -1,
        439, 222, 291, -1,
        439, 291, 85, -1,
        399, 80, 276, -1,
        399, 276, 579, -1,
        399, 579, 631, -1,
        399, 631, 380, -1,
        399, 380, 530, -1,
        399, 530, 223, -1,
        399, 223, 73, -1,
        399, 73, 114, -1,
        207, 427, 302, -1,
        207, 302, 38, -1,
        207, 38, 543, -1,
        207, 543, 614, -1,
        207, 614, 192, -1,
        207, 192, 564, -1,
        207, 564, 75, -1,
        207, 75, 367, -1,
        407, 14, 498, -1,
        407, 498, 117, -1,
        407, 117, 294, -1,
        407, 294, 225, -1,
        407, 225, 643, -1,
        407, 643, 279, -1,
        407, 279, 81, -1,
        407, 81, 448, -1,
        527, 276, 80, -1,
        325, 75, 564, -1,
        499, 81, 279, -1,
        35, 323, 417, -1,
        35, 417, 122, -1,
        456, 502, 386, -1,
        456, 386, 621, -1,
        361, 58, 608, -1,
        361, 608, 217, -1,
        122, 417, 587, -1,
        122, 587, 263, -1,
        621, 386, 252, -1,
        621, 252, 68, -1,
        217, 608, 439, -1,
        217, 439, 85, -1,
        407, 448, 444, -1,
        407, 444, 404, -1,
        14, 407, 404, -1,
        14, 404, 13, -1,
        448, 81, 499, -1,
        448, 499, 493, -1,
        448, 493, 444, -1,
        499, 279, 643, -1,
        499, 643, 639, -1,
        499, 639, 493, -1,
        639, 643, 225, -1,
        639, 225, 222, -1,
        222, 225, 294, -1,
        222, 294, 291, -1,
        207, 367, 369, -1,
        207, 369, 203, -1,
        427, 207, 203, -1,
        427, 203, 426, -1,
        367, 75, 325, -1,
        367, 325, 329, -1,
        367, 329, 369, -1,
        325, 564, 192, -1,
        325, 192, 198, -1,
        325, 198, 329, -1,
        198, 192, 614, -1,
        198, 614, 615, -1,
        615, 614, 543, -1,
        615, 543, 544, -1,
        118, 114, 73, -1,
        118, 73, 76, -1,
        380, 631, 634, -1,
        380, 634, 381, -1,
        401, 399, 114, -1,
        401, 114, 118, -1,
        631, 579, 581, -1,
        631, 581, 634, -1,
        579, 276, 527, -1,
        579, 527, 534, -1,
        579, 534, 581, -1,
        527, 80, 399, -1,
        527, 399, 401, -1,
        527, 401, 534, -1,
        223, 530, 410, -1,
        223, 410, 110, -1,
        38, 302, 391, -1,
        38, 391, 610, -1,
        117, 498, 620, -1,
        117, 620, 226, -1,
        110, 410, 342, -1,
        110, 342, 48, -1,
        610, 391, 477, -1,
        610, 477, 476, -1,
        226, 620, 49, -1,
        226, 49, 343, -1,
        342, 196, 595, -1,
        342, 595, 48, -1,
        378, 476, 477, -1,
        378, 477, 640, -1,
        49, 141, 429, -1,
        49, 429, 343, -1,
        39, 586, 185, -1,
        39, 185, 326, -1,
        647, 496, 461, -1,
        647, 461, 373, -1,
        356, 440, 148, -1,
        356, 148, 56, -1,
        211, 100, 402, -1,
        211, 402, 510, -1,
        28, 598, 397, -1,
        28, 397, 316, -1,
        636, 517, 131, -1,
        636, 131, 237, -1,
        39, 326, 402, -1,
        39, 402, 100, -1,
        461, 496, 397, -1,
        461, 397, 598, -1,
        356, 56, 636, -1,
        356, 636, 237, -1,
        644, 591, 293, -1,
        644, 293, 86, -1,
        644, 86, 408, -1,
        644, 408, 128, -1,
        644, 128, 79, -1,
        644, 79, 230, -1,
        644, 230, 549, -1,
        644, 549, 384, -1,
        289, 419, 190, -1,
        289, 190, 377, -1,
        289, 377, 82, -1,
        289, 82, 577, -1,
        289, 577, 210, -1,
        289, 210, 627, -1,
        289, 627, 562, -1,
        289, 562, 47, -1,
        479, 5, 398, -1,
        479, 398, 431, -1,
        479, 431, 74, -1,
        479, 74, 262, -1,
        479, 262, 628, -1,
        479, 628, 213, -1,
        479, 213, 280, -1,
        479, 280, 107, -1,
        86, 293, 550, -1,
        577, 82, 341, -1,
        262, 74, 478, -1,
        406, 547, 590, -1,
        406, 590, 641, -1,
        406, 641, 383, -1,
        406, 383, 593, -1,
        406, 593, 271, -1,
        406, 271, 78, -1,
        406, 78, 125, -1,
        195, 421, 246, -1,
        195, 246, 71, -1,
        195, 71, 558, -1,
        195, 558, 624, -1,
        195, 624, 205, -1,
        195, 205, 339, -1,
        195, 339, 375, -1,
        8, 430, 83, -1,
        8, 83, 283, -1,
        8, 283, 215, -1,
        8, 215, 632, -1,
        8, 632, 481, -1,
        8, 481, 435, -1,
        8, 435, 400, -1,
        271, 593, 422, -1,
        271, 422, 132, -1,
        71, 246, 382, -1,
        71, 382, 630, -1,
        83, 430, 603, -1,
        83, 603, 208, -1,
        132, 422, 333, -1,
        132, 333, 44, -1,
        630, 382, 487, -1,
        630, 487, 464, -1,
        208, 603, 53, -1,
        208, 53, 353, -1,
        398, 400, 435, -1,
        398, 435, 431, -1,
        5, 8, 400, -1,
        5, 400, 398, -1,
        431, 435, 481, -1,
        431, 481, 478, -1,
        431, 478, 74, -1,
        481, 632, 628, -1,
        481, 628, 262, -1,
        481, 262, 478, -1,
        632, 215, 213, -1,
        632, 213, 628, -1,
        215, 283, 280, -1,
        215, 280, 213, -1,
        190, 195, 375, -1,
        190, 375, 377, -1,
        419, 421, 195, -1,
        419, 195, 190, -1,
        377, 375, 339, -1,
        377, 339, 341, -1,
        377, 341, 82, -1,
        339, 205, 210, -1,
        339, 210, 577, -1,
        339, 577, 341, -1,
        205, 624, 627, -1,
        205, 627, 210, -1,
        624, 558, 562, -1,
        624, 562, 627, -1,
        125, 78, 79, -1,
        125, 79, 128, -1,
        384, 383, 641, -1,
        384, 641, 644, -1,
        406, 125, 128, -1,
        406, 128, 408, -1,
        644, 641, 590, -1,
        644, 590, 591, -1,
        591, 590, 547, -1,
        591, 547, 550, -1,
        591, 550, 293, -1,
        547, 406, 408, -1,
        547, 408, 86, -1,
        547, 86, 550, -1,
        54, 607, 216, -1,
        54, 216, 354, -1,
        623, 463, 492, -1,
        623, 492, 385, -1,
        328, 418, 124, -1,
        328, 124, 42, -1,
        54, 354, 414, -1,
        54, 414, 121, -1,
        492, 463, 387, -1,
        492, 387, 618, -1,
        328, 42, 612, -1,
        328, 612, 218, -1,
        121, 414, 549, -1,
        121, 549, 230, -1,
        618, 387, 289, -1,
        618, 289, 47, -1,
        218, 612, 479, -1,
        218, 479, 107, -1,
        92, 173, 159, -1,
        92, 159, 87, -1,
        94, 101, 187, -1,
        94, 187, 178, -1,
        103, 112, 202, -1,
        103, 202, 189, -1,
        187, 438, 613, -1,
        187, 613, 253, -1,
        202, 424, 601, -1,
        202, 601, 267, -1,
        365, 389, 112, -1,
        365, 112, 103, -1,
        365, 103, 101, -1,
        365, 101, 94, -1,
        365, 94, 92, -1,
        365, 92, 87, -1,
        365, 87, 126, -1,
        94, 142, 137, -1,
        94, 137, 92, -1,
        103, 152, 149, -1,
        103, 149, 101, -1,
        389, 166, 160, -1,
        389, 160, 112, -1,
        126, 87, 129, -1,
        232, 599, 601, -1,
        232, 601, 424, -1,
        232, 424, 235, -1,
        434, 189, 258, -1,
        434, 258, 611, -1,
        202, 267, 258, -1,
        202, 258, 189, -1,
        244, 434, 613, -1,
        244, 613, 438, -1,
        244, 438, 248, -1,
        613, 434, 611, -1,
        465, 159, 233, -1,
        465, 233, 635, -1,
        637, 275, 272, -1,
        637, 272, 465, -1,
        637, 465, 635, -1,
        173, 450, 622, -1,
        173, 622, 240, -1,
        446, 178, 245, -1,
        446, 245, 619, -1,
        601, 599, 267, -1,
        267, 599, 389, -1,
        267, 389, 258, -1,
        258, 389, 253, -1,
        258, 253, 613, -1,
        622, 245, 240, -1,
        240, 245, 389, -1,
        240, 389, 233, -1,
        233, 389, 365, -1,
        233, 365, 637, -1,
        233, 637, 635, -1,
        245, 622, 619, -1,
        258, 613, 611, -1,
        253, 389, 245, -1,
        187, 253, 245, -1,
        187, 245, 178, -1,
        257, 446, 622, -1,
        257, 622, 450, -1,
        257, 450, 261, -1,
        622, 446, 619, -1,
        173, 240, 233, -1,
        173, 233, 159, -1,
        561, 521, 133, -1,
        561, 133, 155, -1,
        26, 6, 348, -1,
        26, 348, 318, -1,
        471, 507, 206, -1,
        471, 206, 176, -1,
        516, 542, 144, -1,
        516, 144, 130, -1,
        315, 336, 15, -1,
        315, 15, 29, -1,
        191, 212, 511, -1,
        191, 511, 484, -1,
        523, 501, 119, -1,
        523, 119, 134, -1,
        321, 306, 37, -1,
        321, 37, 24, -1,
        220, 204, 504, -1,
        220, 504, 525, -1,
        494, 536, 140, -1,
        494, 140, 115, -1,
        18, 41, 300, -1,
        18, 300, 332, -1,
        197, 224, 533, -1,
        197, 533, 489, -1,
        134, 147, 546, -1,
        134, 546, 523, -1,
        338, 321, 24, -1,
        338, 24, 11, -1,
        204, 186, 482, -1,
        204, 482, 504, -1,
        167, 140, 536, -1,
        167, 536, 574, -1,
        332, 358, 657, -1,
        332, 657, 18, -1,
        165, 197, 489, -1,
        165, 489, 458, -1,
        542, 566, 158, -1,
        542, 158, 144, -1,
        3, 15, 336, -1,
        3, 336, 351, -1,
        172, 191, 484, -1,
        172, 484, 467, -1,
        575, 588, 188, -1,
        575, 188, 171, -1,
        360, 374, 646, -1,
        360, 646, 654, -1,
        145, 161, 455, -1,
        145, 455, 437, -1,
        607, 585, 184, -1,
        607, 184, 216, -1,
        385, 371, 648, -1,
        385, 648, 623, -1,
        150, 124, 418, -1,
        150, 418, 442, -1,
        578, 563, 156, -1,
        578, 156, 174, -1,
        4, 653, 366, -1,
        4, 366, 350, -1,
        175, 157, 449, -1,
        175, 449, 469, -1,
        196, 164, 571, -1,
        196, 571, 595, -1,
        357, 378, 640, -1,
        357, 640, 0, -1,
        141, 168, 459, -1,
        141, 459, 429, -1,
        586, 561, 155, -1,
        586, 155, 185, -1,
        6, 647, 373, -1,
        6, 373, 348, -1,
        176, 148, 440, -1,
        176, 440, 471, -1,
        333, 188, 588, -1,
        333, 588, 44, -1,
        374, 464, 487, -1,
        374, 487, 646, -1,
        437, 353, 53, -1,
        437, 53, 145, -1,
        174, 323, 35, -1,
        174, 35, 578, -1,
        456, 366, 653, -1,
        456, 653, 502, -1,
        157, 58, 361, -1,
        157, 361, 449, -1,
        164, 138, 532, -1,
        164, 532, 571, -1,
        0, 20, 327, -1,
        0, 327, 357, -1,
        495, 459, 168, -1,
        495, 168, 201, -1,
        555, 575, 171, -1,
        555, 171, 153, -1,
        654, 9, 345, -1,
        654, 345, 360, -1,
        161, 182, 474, -1,
        161, 474, 455, -1,
        350, 366, 544, -1,
        544, 366, 456, -1,
        544, 456, 68, -1,
        68, 456, 621, -1,
        200, 334, 610, -1,
        200, 610, 476, -1,
        200, 476, 378, -1,
        200, 378, 357, -1,
        200, 357, 327, -1,
        200, 327, 193, -1,
        543, 38, 544, -1,
        544, 38, 610, -1,
        544, 610, 350, -1,
        350, 610, 334, -1,
        469, 449, 291, -1,
        291, 449, 361, -1,
        291, 361, 85, -1,
        85, 361, 217, -1,
        638, 486, 226, -1,
        638, 226, 343, -1,
        638, 343, 429, -1,
        638, 429, 459, -1,
        638, 459, 495, -1,
        638, 495, 642, -1,
        294, 117, 291, -1,
        291, 117, 226, -1,
        291, 226, 469, -1,
        469, 226, 486, -1,
        423, 425, 168, -1,
        423, 168, 141, -1,
        423, 141, 49, -1,
        423, 49, 620, -1,
        423, 620, 194, -1,
        58, 157, 13, -1,
        58, 13, 439, -1,
        58, 439, 608, -1,
        13, 157, 175, -1,
        13, 175, 620, -1,
        13, 620, 498, -1,
        13, 498, 14, -1,
        620, 175, 194, -1,
        168, 425, 201, -1,
        96, 98, 0, -1,
        96, 0, 640, -1,
        96, 640, 477, -1,
        96, 477, 391, -1,
        96, 391, 17, -1,
        502, 653, 426, -1,
        502, 426, 252, -1,
        502, 252, 386, -1,
        426, 653, 4, -1,
        426, 4, 391, -1,
        426, 391, 302, -1,
        426, 302, 427, -1,
        391, 4, 17, -1,
        0, 98, 20, -1,
        55, 52, 164, -1,
        55, 164, 196, -1,
        55, 196, 342, -1,
        55, 342, 410, -1,
        55, 410, 143, -1,
        323, 174, 381, -1,
        323, 381, 587, -1,
        323, 587, 417, -1,
        381, 174, 156, -1,
        381, 156, 410, -1,
        381, 410, 530, -1,
        381, 530, 380, -1,
        410, 156, 143, -1,
        164, 52, 138, -1,
        563, 578, 76, -1,
        76, 578, 35, -1,
        76, 35, 263, -1,
        263, 35, 122, -1,
        281, 540, 110, -1,
        281, 110, 48, -1,
        281, 48, 595, -1,
        281, 595, 571, -1,
        281, 571, 532, -1,
        281, 532, 277, -1,
        73, 223, 76, -1,
        76, 223, 110, -1,
        76, 110, 563, -1,
        563, 110, 540, -1,
        183, 318, 348, -1,
        183, 348, 373, -1,
        183, 373, 461, -1,
        183, 461, 315, -1,
        183, 315, 180, -1,
        598, 28, 520, -1,
        598, 520, 351, -1,
        598, 351, 336, -1,
        598, 336, 315, -1,
        598, 315, 461, -1,
        57, 605, 433, -1,
        57, 433, 351, -1,
        57, 351, 520, -1,
        520, 28, 522, -1,
        649, 507, 471, -1,
        649, 471, 440, -1,
        649, 440, 356, -1,
        649, 356, 511, -1,
        649, 511, 651, -1,
        237, 131, 309, -1,
        237, 309, 467, -1,
        237, 467, 484, -1,
        237, 484, 511, -1,
        237, 511, 356, -1,
        95, 229, 376, -1,
        95, 376, 467, -1,
        95, 467, 309, -1,
        309, 131, 308, -1,
        432, 436, 56, -1,
        432, 56, 148, -1,
        432, 148, 176, -1,
        432, 176, 206, -1,
        636, 56, 436, -1,
        636, 436, 212, -1,
        636, 212, 191, -1,
        636, 191, 172, -1,
        636, 172, 27, -1,
        636, 27, 517, -1,
        460, 27, 172, -1,
        460, 172, 70, -1,
        460, 70, 625, -1,
        517, 27, 25, -1,
        105, 108, 496, -1,
        105, 496, 647, -1,
        105, 647, 6, -1,
        105, 6, 26, -1,
        397, 496, 108, -1,
        397, 108, 29, -1,
        397, 29, 15, -1,
        397, 15, 3, -1,
        397, 3, 443, -1,
        397, 443, 316, -1,
        273, 443, 3, -1,
        273, 3, 526, -1,
        273, 526, 393, -1,
        316, 443, 441, -1,
        50, 46, 326, -1,
        50, 326, 185, -1,
        50, 185, 155, -1,
        50, 155, 133, -1,
        402, 326, 46, -1,
        402, 46, 130, -1,
        402, 130, 144, -1,
        402, 144, 158, -1,
        402, 158, 370, -1,
        402, 370, 510, -1,
        570, 370, 158, -1,
        570, 158, 305, -1,
        570, 305, 409, -1,
        510, 370, 372, -1,
        268, 521, 561, -1,
        268, 561, 586, -1,
        268, 586, 39, -1,
        268, 39, 516, -1,
        268, 516, 264, -1,
        100, 211, 65, -1,
        100, 65, 566, -1,
        100, 566, 542, -1,
        100, 542, 516, -1,
        100, 516, 39, -1,
        243, 109, 22, -1,
        243, 22, 566, -1,
        243, 566, 65, -1,
        65, 211, 66, -1,
        321, 338, 506, -1,
        506, 338, 428, -1,
        506, 428, 51, -1,
        51, 428, 600, -1,
        170, 306, 589, -1,
        170, 589, 445, -1,
        170, 445, 358, -1,
        170, 358, 332, -1,
        170, 332, 300, -1,
        170, 300, 163, -1,
        503, 19, 506, -1,
        506, 19, 589, -1,
        506, 589, 321, -1,
        321, 589, 306, -1,
        504, 482, 319, -1,
        319, 482, 379, -1,
        319, 379, 99, -1,
        99, 379, 236, -1,
        655, 525, 249, -1,
        655, 249, 368, -1,
        655, 368, 458, -1,
        655, 458, 489, -1,
        655, 489, 533, -1,
        655, 533, 1, -1,
        322, 139, 319, -1,
        319, 139, 249, -1,
        319, 249, 504, -1,
        504, 249, 525, -1,
        447, 451, 197, -1,
        447, 197, 165, -1,
        447, 165, 63, -1,
        447, 63, 645, -1,
        447, 645, 220, -1,
        72, 186, 33, -1,
        72, 33, 468, -1,
        72, 468, 633, -1,
        33, 186, 204, -1,
        33, 204, 645, -1,
        33, 645, 535, -1,
        33, 535, 34, -1,
        645, 204, 220, -1,
        197, 451, 224, -1,
        116, 120, 18, -1,
        116, 18, 657, -1,
        116, 657, 513, -1,
        116, 513, 403, -1,
        116, 403, 37, -1,
        541, 11, 452, -1,
        541, 452, 278, -1,
        541, 278, 395, -1,
        452, 11, 24, -1,
        452, 24, 403, -1,
        452, 403, 330, -1,
        452, 330, 454, -1,
        403, 24, 37, -1,
        18, 120, 41, -1,
        40, 36, 140, -1,
        40, 140, 167, -1,
        40, 167, 314, -1,
        40, 314, 396, -1,
        40, 396, 119, -1,
        295, 147, 364, -1,
        295, 364, 565, -1,
        295, 565, 405, -1,
        364, 147, 134, -1,
        364, 134, 396, -1,
        364, 396, 491, -1,
        364, 491, 362, -1,
        396, 134, 119, -1,
        140, 36, 115, -1,
        523, 546, 61, -1,
        61, 546, 16, -1,
        61, 16, 238, -1,
        238, 16, 102, -1,
        254, 501, 91, -1,
        254, 91, 30, -1,
        254, 30, 574, -1,
        254, 574, 536, -1,
        254, 536, 494, -1,
        254, 494, 251, -1,
        59, 199, 61, -1,
        61, 199, 91, -1,
        61, 91, 523, -1,
        523, 91, 501, -1,
        143, 156, 563, -1,
        143, 563, 540, -1,
        17, 4, 350, -1,
        17, 350, 334, -1,
        469, 486, 194, -1,
        469, 194, 175, -1,
        214, 347, 371, -1,
        214, 371, 385, -1,
        214, 385, 492, -1,
        214, 492, 345, -1,
        214, 345, 209, -1,
        618, 47, 558, -1,
        618, 558, 374, -1,
        618, 374, 360, -1,
        618, 360, 345, -1,
        618, 345, 492, -1,
        71, 630, 464, -1,
        71, 464, 374, -1,
        71, 374, 558, -1,
        558, 47, 562, -1,
        626, 472, 442, -1,
        626, 442, 418, -1,
        626, 418, 328, -1,
        626, 328, 474, -1,
        626, 474, 629, -1,
        218, 107, 283, -1,
        218, 283, 437, -1,
        218, 437, 455, -1,
        218, 455, 474, -1,
        218, 474, 328, -1,
        83, 208, 353, -1,
        83, 353, 437, -1,
        83, 437, 283, -1,
        283, 107, 280, -1,
        413, 415, 42, -1,
        413, 42, 124, -1,
        413, 124, 150, -1,
        413, 150, 179, -1,
        612, 42, 415, -1,
        612, 415, 182, -1,
        612, 182, 161, -1,
        612, 161, 145, -1,
        612, 145, 8, -1,
        612, 8, 479, -1,
        430, 8, 145, -1,
        430, 145, 53, -1,
        430, 53, 603, -1,
        479, 8, 5, -1,
        88, 89, 463, -1,
        88, 463, 623, -1,
        88, 623, 648, -1,
        88, 648, 7, -1,
        387, 463, 89, -1,
        387, 89, 9, -1,
        387, 9, 654, -1,
        387, 654, 646, -1,
        387, 646, 421, -1,
        387, 421, 289, -1,
        246, 421, 646, -1,
        246, 646, 487, -1,
        246, 487, 382, -1,
        289, 421, 419, -1,
        64, 62, 354, -1,
        64, 354, 216, -1,
        64, 216, 184, -1,
        64, 184, 154, -1,
        414, 354, 62, -1,
        414, 62, 153, -1,
        414, 153, 171, -1,
        414, 171, 188, -1,
        414, 188, 383, -1,
        414, 383, 549, -1,
        593, 383, 188, -1,
        593, 188, 333, -1,
        593, 333, 422, -1,
        549, 383, 384, -1,
        296, 560, 585, -1,
        296, 585, 607, -1,
        296, 607, 54, -1,
        296, 54, 555, -1,
        296, 555, 292, -1,
        121, 230, 78, -1,
        121, 78, 588, -1,
        121, 588, 575, -1,
        121, 575, 555, -1,
        121, 555, 54, -1,
        271, 132, 44, -1,
        271, 44, 588, -1,
        271, 588, 78, -1,
        78, 230, 79, -1,
        585, 560, 154, -1,
        585, 154, 184, -1,
        7, 648, 371, -1,
        7, 371, 347, -1,
        179, 150, 442, -1,
        179, 442, 472, -1,
        201, 425, 274, -1,
        201, 274, 303, -1,
        201, 303, 642, -1,
        201, 642, 495, -1,
        178, 257, 94, -1,
        94, 257, 277, -1,
        94, 277, 425, -1,
        425, 277, 346, -1,
        425, 346, 473, -1,
        473, 346, 568, -1,
        473, 568, 23, -1,
        23, 568, 529, -1,
        23, 529, 576, -1,
        576, 529, 193, -1,
        576, 193, 98, -1,
        98, 193, 327, -1,
        98, 327, 20, -1,
        532, 138, 52, -1,
        532, 52, 266, -1,
        532, 266, 135, -1,
        532, 135, 277, -1,
        257, 178, 446, -1,
        94, 425, 142, -1,
        346, 277, 135, -1,
        274, 425, 473, -1,
        182, 415, 260, -1,
        182, 260, 287, -1,
        182, 287, 629, -1,
        182, 629, 474, -1,
        159, 272, 87, -1,
        87, 272, 292, -1,
        87, 292, 415, -1,
        415, 292, 359, -1,
        415, 359, 457, -1,
        457, 359, 580, -1,
        457, 580, 12, -1,
        12, 580, 552, -1,
        12, 552, 559, -1,
        559, 552, 209, -1,
        559, 209, 89, -1,
        89, 209, 345, -1,
        89, 345, 9, -1,
        555, 153, 62, -1,
        555, 62, 282, -1,
        555, 282, 146, -1,
        555, 146, 292, -1,
        272, 159, 465, -1,
        87, 415, 129, -1,
        359, 292, 146, -1,
        260, 415, 457, -1,
        126, 129, 415, -1,
        126, 415, 413, -1,
        626, 629, 287, -1,
        626, 287, 284, -1,
        284, 287, 260, -1,
        284, 260, 256, -1,
        256, 260, 457, -1,
        256, 457, 453, -1,
        453, 457, 12, -1,
        453, 12, 10, -1,
        10, 12, 559, -1,
        10, 559, 554, -1,
        554, 559, 89, -1,
        554, 89, 88, -1,
        296, 292, 272, -1,
        296, 272, 275, -1,
        214, 209, 552, -1,
        214, 552, 557, -1,
        557, 552, 580, -1,
        557, 580, 583, -1,
        583, 580, 359, -1,
        583, 359, 363, -1,
        363, 359, 146, -1,
        363, 146, 151, -1,
        151, 146, 282, -1,
        151, 282, 286, -1,
        286, 282, 62, -1,
        286, 62, 64, -1,
        540, 281, 136, -1,
        540, 136, 269, -1,
        540, 269, 55, -1,
        540, 55, 143, -1,
        173, 137, 450, -1,
        450, 137, 423, -1,
        450, 423, 281, -1,
        281, 423, 470, -1,
        281, 470, 349, -1,
        349, 470, 21, -1,
        349, 21, 572, -1,
        572, 21, 573, -1,
        572, 573, 539, -1,
        539, 573, 96, -1,
        539, 96, 200, -1,
        200, 96, 17, -1,
        200, 17, 334, -1,
        194, 486, 638, -1,
        194, 638, 297, -1,
        194, 297, 270, -1,
        194, 270, 423, -1,
        137, 173, 92, -1,
        450, 281, 261, -1,
        470, 423, 270, -1,
        136, 281, 349, -1,
        137, 142, 425, -1,
        137, 425, 423, -1,
        638, 642, 303, -1,
        638, 303, 297, -1,
        297, 303, 274, -1,
        297, 274, 270, -1,
        270, 274, 473, -1,
        270, 473, 470, -1,
        470, 473, 23, -1,
        470, 23, 21, -1,
        21, 23, 576, -1,
        21, 576, 573, -1,
        573, 576, 98, -1,
        573, 98, 96, -1,
        281, 277, 257, -1,
        281, 257, 261, -1,
        200, 193, 529, -1,
        200, 529, 539, -1,
        539, 529, 568, -1,
        539, 568, 572, -1,
        572, 568, 346, -1,
        572, 346, 349, -1,
        349, 346, 135, -1,
        349, 135, 136, -1,
        136, 135, 266, -1,
        136, 266, 269, -1,
        269, 266, 52, -1,
        269, 52, 55, -1,
        501, 254, 113, -1,
        501, 113, 242, -1,
        501, 242, 40, -1,
        501, 40, 119, -1,
        202, 160, 424, -1,
        424, 160, 447, -1,
        424, 447, 254, -1,
        254, 447, 505, -1,
        254, 505, 320, -1,
        320, 505, 43, -1,
        320, 43, 537, -1,
        537, 43, 594, -1,
        537, 594, 500, -1,
        500, 594, 116, -1,
        500, 116, 170, -1,
        170, 116, 37, -1,
        170, 37, 306, -1,
        220, 525, 655, -1,
        220, 655, 324, -1,
        220, 324, 298, -1,
        220, 298, 447, -1,
        160, 202, 112, -1,
        424, 254, 235, -1,
        505, 447, 298, -1,
        113, 254, 320, -1,
        166, 451, 447, -1,
        166, 447, 160, -1,
        1, 331, 324, -1,
        1, 324, 655, -1,
        331, 304, 298, -1,
        331, 298, 324, -1,
        304, 509, 505, -1,
        304, 505, 298, -1,
        509, 45, 43, -1,
        509, 43, 505, -1,
        45, 597, 594, -1,
        45, 594, 43, -1,
        597, 120, 116, -1,
        597, 116, 594, -1,
        251, 232, 235, -1,
        251, 235, 254, -1,
        163, 490, 500, -1,
        163, 500, 170, -1,
        490, 528, 537, -1,
        490, 537, 500, -1,
        528, 317, 320, -1,
        528, 320, 537, -1,
        317, 111, 113, -1,
        317, 113, 320, -1,
        111, 239, 242, -1,
        111, 242, 113, -1,
        239, 36, 40, -1,
        239, 40, 242, -1,
        521, 268, 127, -1,
        521, 127, 259, -1,
        521, 259, 50, -1,
        521, 50, 133, -1,
        187, 149, 438, -1,
        438, 149, 432, -1,
        438, 432, 268, -1,
        268, 432, 483, -1,
        268, 483, 337, -1,
        337, 483, 31, -1,
        337, 31, 556, -1,
        556, 31, 582, -1,
        556, 582, 519, -1,
        519, 582, 105, -1,
        519, 105, 183, -1,
        183, 105, 26, -1,
        183, 26, 318, -1,
        206, 507, 649, -1,
        206, 649, 310, -1,
        206, 310, 285, -1,
        206, 285, 432, -1,
        149, 187, 101, -1,
        438, 268, 248, -1,
        483, 432, 285, -1,
        127, 268, 337, -1,
        212, 436, 288, -1,
        212, 288, 313, -1,
        212, 313, 651, -1,
        212, 651, 511, -1,
        189, 244, 103, -1,
        103, 244, 264, -1,
        103, 264, 436, -1,
        436, 264, 335, -1,
        436, 335, 485, -1,
        485, 335, 551, -1,
        485, 551, 32, -1,
        32, 551, 514, -1,
        32, 514, 584, -1,
        584, 514, 180, -1,
        584, 180, 108, -1,
        108, 180, 315, -1,
        108, 315, 29, -1,
        516, 130, 46, -1,
        516, 46, 255, -1,
        516, 255, 123, -1,
        516, 123, 264, -1,
        244, 189, 434, -1,
        103, 436, 152, -1,
        335, 264, 123, -1,
        288, 436, 485, -1,
        149, 152, 436, -1,
        149, 436, 432, -1,
        651, 313, 310, -1,
        651, 310, 649, -1,
        313, 288, 285, -1,
        313, 285, 310, -1,
        285, 288, 485, -1,
        285, 485, 483, -1,
        483, 485, 32, -1,
        483, 32, 31, -1,
        31, 32, 584, -1,
        31, 584, 582, -1,
        582, 584, 108, -1,
        582, 108, 105, -1,
        268, 264, 244, -1,
        268, 244, 248, -1,
        183, 180, 514, -1,
        183, 514, 519, -1,
        519, 514, 551, -1,
        519, 551, 556, -1,
        556, 551, 335, -1,
        556, 335, 337, -1,
        337, 335, 123, -1,
        337, 123, 127, -1,
        127, 123, 255, -1,
        127, 255, 259, -1,
        259, 255, 46, -1,
        259, 46, 50, -1
          ]
      normalIndex
      [
5, 5, 5, -1,
        5, 5, 5, -1,
        5, 5, 5, -1,
        5, 5, 5, -1,
        5, 5, 5, -1,
        5, 5, 5, -1,
        5, 5, 5, -1,
        5, 5, 5, -1,
        5, 5, 5, -1,
        5, 5, 5, -1,
        5, 5, 5, -1,
        5, 5, 5, -1,
        5, 5, 5, -1,
        5, 5, 5, -1,
        5, 5, 5, -1,
        5, 5, 5, -1,
        5, 5, 5, -1,
        5, 5, 5, -1,
        5, 5, 5, -1,
        5, 5, 5, -1,
        5, 5, 5, -1,
        5, 5, 5, -1,
        5, 5, 5, -1,
        5, 5, 5, -1,
        4, 4, 4, -1,
        4, 4, 4, -1,
        4, 4, 4, -1,
        4, 4, 4, -1,
        4, 4, 4, -1,
        4, 4, 4, -1,
        4, 4, 4, -1,
        4, 4, 4, -1,
        4, 4, 4, -1,
        4, 4, 4, -1,
        4, 4, 4, -1,
        4, 4, 4, -1,
        4, 4, 4, -1,
        4, 4, 4, -1,
        4, 4, 4, -1,
        4, 4, 4, -1,
        4, 4, 4, -1,
        4, 4, 4, -1,
        4, 4, 4, -1,
        4, 4, 4, -1,
        4, 4, 4, -1,
        4, 4, 4, -1,
        4, 4, 4, -1,
        4, 4, 4, -1,
        33, 33, 33, -1,
        33, 33, 33, -1,
        33, 33, 33, -1,
        33, 33, 33, -1,
        33, 33, 33, -1,
        33, 33, 33, -1,
        33, 33, 33, -1,
        33, 33, 33, -1,
        33, 33, 33, -1,
        33, 33, 33, -1,
        33, 33, 33, -1,
        33, 33, 33, -1,
        33, 33, 33, -1,
        33, 33, 33, -1,
        33, 33, 33, -1,
        33, 33, 33, -1,
        33, 33, 33, -1,
        33, 33, 33, -1,
        33, 33, 33, -1,
        33, 33, 33, -1,
        33, 33, 33, -1,
        33, 33, 33, -1,
        33, 33, 33, -1,
        33, 33, 33, -1,
        22, 22, 22, -1,
        22, 22, 22, -1,
        22, 22, 22, -1,
        22, 22, 22, -1,
        22, 22, 22, -1,
        22, 22, 22, -1,
        35, 35, 35, -1,
        35, 35, 35, -1,
        35, 35, 35, -1,
        35, 35, 35, -1,
        35, 35, 35, -1,
        35, 35, 35, -1,
        35, 35, 35, -1,
        35, 35, 35, -1,
        35, 35, 35, -1,
        35, 35, 35, -1,
        35, 35, 35, -1,
        35, 35, 35, -1,
        35, 35, 35, -1,
        35, 35, 35, -1,
        35, 35, 35, -1,
        35, 35, 35, -1,
        35, 35, 35, -1,
        35, 35, 35, -1,
        35, 35, 35, -1,
        35, 35, 35, -1,
        35, 35, 35, -1,
        35, 35, 35, -1,
        35, 35, 35, -1,
        35, 35, 35, -1,
        46, 46, 46, -1,
        46, 46, 46, -1,
        46, 46, 46, -1,
        0, 0, 19, -1,
        0, 19, 19, -1,
        0, 0, 19, -1,
        0, 19, 19, -1,
        0, 0, 19, -1,
        0, 19, 19, -1,
        19, 19, 31, -1,
        19, 31, 31, -1,
        19, 19, 31, -1,
        19, 31, 31, -1,
        19, 19, 31, -1,
        19, 31, 31, -1,
        34, 34, 34, -1,
        34, 34, 34, -1,
        34, 34, 34, -1,
        34, 34, 34, -1,
        34, 34, 34, -1,
        34, 34, 34, -1,
        34, 34, 34, -1,
        34, 34, 34, -1,
        34, 34, 34, -1,
        34, 34, 34, -1,
        34, 34, 34, -1,
        34, 34, 34, -1,
        34, 34, 34, -1,
        34, 34, 34, -1,
        34, 34, 34, -1,
        34, 34, 34, -1,
        34, 34, 34, -1,
        34, 34, 34, -1,
        34, 34, 34, -1,
        34, 34, 34, -1,
        34, 34, 34, -1,
        51, 53, 53, -1,
        51, 53, 51, -1,
        52, 51, 51, -1,
        52, 51, 52, -1,
        53, 39, 45, -1,
        53, 45, 45, -1,
        53, 45, 53, -1,
        45, 42, 54, -1,
        45, 54, 54, -1,
        45, 54, 45, -1,
        54, 54, 41, -1,
        54, 41, 41, -1,
        41, 41, 36, -1,
        41, 36, 36, -1,
        51, 53, 53, -1,
        51, 53, 51, -1,
        52, 51, 51, -1,
        52, 51, 52, -1,
        53, 39, 45, -1,
        53, 45, 45, -1,
        53, 45, 53, -1,
        45, 42, 54, -1,
        45, 54, 54, -1,
        45, 54, 45, -1,
        54, 54, 41, -1,
        54, 41, 41, -1,
        41, 41, 36, -1,
        41, 36, 36, -1,
        41, 41, 36, -1,
        41, 36, 36, -1,
        52, 51, 51, -1,
        52, 51, 52, -1,
        54, 54, 41, -1,
        54, 41, 41, -1,
        51, 53, 53, -1,
        51, 53, 51, -1,
        53, 39, 45, -1,
        53, 45, 45, -1,
        53, 45, 53, -1,
        45, 42, 54, -1,
        45, 54, 54, -1,
        45, 54, 45, -1,
        30, 30, 18, -1,
        30, 18, 18, -1,
        30, 30, 18, -1,
        30, 18, 18, -1,
        30, 30, 18, -1,
        30, 18, 18, -1,
        18, 18, 1, -1,
        18, 1, 1, -1,
        18, 18, 1, -1,
        18, 1, 1, -1,
        18, 18, 1, -1,
        18, 1, 1, -1,
        23, 23, 23, -1,
        23, 23, 23, -1,
        23, 23, 23, -1,
        23, 23, 23, -1,
        23, 23, 23, -1,
        23, 23, 23, -1,
        47, 47, 47, -1,
        47, 47, 47, -1,
        47, 47, 47, -1,
        32, 32, 32, -1,
        32, 32, 32, -1,
        32, 32, 32, -1,
        32, 32, 32, -1,
        32, 32, 32, -1,
        32, 32, 32, -1,
        32, 32, 32, -1,
        32, 32, 32, -1,
        32, 32, 32, -1,
        32, 32, 32, -1,
        32, 32, 32, -1,
        32, 32, 32, -1,
        32, 32, 32, -1,
        32, 32, 32, -1,
        32, 32, 32, -1,
        32, 32, 32, -1,
        32, 32, 32, -1,
        32, 32, 32, -1,
        32, 32, 32, -1,
        32, 32, 32, -1,
        32, 32, 32, -1,
        29, 29, 13, -1,
        29, 13, 13, -1,
        29, 29, 13, -1,
        29, 13, 13, -1,
        29, 29, 13, -1,
        29, 13, 13, -1,
        13, 13, 8, -1,
        13, 8, 8, -1,
        13, 13, 8, -1,
        13, 8, 8, -1,
        13, 13, 8, -1,
        13, 8, 8, -1,
        26, 26, 26, -1,
        26, 26, 26, -1,
        26, 26, 26, -1,
        26, 26, 26, -1,
        26, 26, 26, -1,
        26, 26, 26, -1,
        51, 51, 53, -1,
        51, 53, 53, -1,
        52, 52, 51, -1,
        52, 51, 51, -1,
        53, 53, 45, -1,
        53, 45, 45, -1,
        53, 45, 39, -1,
        45, 54, 54, -1,
        45, 54, 42, -1,
        45, 42, 45, -1,
        54, 41, 41, -1,
        54, 41, 54, -1,
        41, 36, 36, -1,
        41, 36, 41, -1,
        51, 51, 53, -1,
        51, 53, 53, -1,
        52, 52, 51, -1,
        52, 51, 51, -1,
        53, 53, 45, -1,
        53, 45, 45, -1,
        53, 45, 39, -1,
        45, 54, 54, -1,
        45, 54, 42, -1,
        45, 42, 45, -1,
        54, 41, 41, -1,
        54, 41, 54, -1,
        41, 36, 36, -1,
        41, 36, 41, -1,
        41, 36, 36, -1,
        41, 36, 41, -1,
        52, 52, 51, -1,
        52, 51, 51, -1,
        54, 41, 41, -1,
        54, 41, 54, -1,
        51, 51, 53, -1,
        51, 53, 53, -1,
        53, 53, 45, -1,
        53, 45, 45, -1,
        53, 45, 39, -1,
        45, 54, 54, -1,
        45, 54, 42, -1,
        45, 42, 45, -1,
        34, 34, 34, -1,
        34, 34, 34, -1,
        34, 34, 34, -1,
        34, 34, 34, -1,
        34, 34, 34, -1,
        34, 34, 34, -1,
        34, 34, 34, -1,
        34, 34, 34, -1,
        34, 34, 34, -1,
        34, 34, 34, -1,
        34, 34, 34, -1,
        34, 34, 34, -1,
        34, 34, 34, -1,
        34, 34, 34, -1,
        34, 34, 34, -1,
        34, 34, 34, -1,
        34, 34, 34, -1,
        34, 34, 34, -1,
        34, 34, 34, -1,
        34, 34, 34, -1,
        34, 34, 34, -1,
        35, 35, 35, -1,
        35, 35, 35, -1,
        35, 35, 35, -1,
        35, 35, 35, -1,
        35, 35, 35, -1,
        35, 35, 35, -1,
        35, 35, 35, -1,
        35, 35, 35, -1,
        35, 35, 35, -1,
        35, 35, 35, -1,
        35, 35, 35, -1,
        35, 35, 35, -1,
        35, 35, 35, -1,
        35, 35, 35, -1,
        35, 35, 35, -1,
        35, 35, 35, -1,
        35, 35, 35, -1,
        35, 35, 35, -1,
        35, 35, 35, -1,
        35, 35, 35, -1,
        35, 35, 35, -1,
        35, 35, 35, -1,
        35, 35, 35, -1,
        35, 35, 35, -1,
        46, 46, 46, -1,
        46, 46, 46, -1,
        46, 46, 46, -1,
        0, 0, 19, -1,
        0, 19, 19, -1,
        0, 0, 19, -1,
        0, 19, 19, -1,
        0, 0, 19, -1,
        0, 19, 19, -1,
        19, 19, 31, -1,
        19, 31, 31, -1,
        19, 19, 31, -1,
        19, 31, 31, -1,
        19, 19, 31, -1,
        19, 31, 31, -1,
        51, 53, 53, -1,
        51, 53, 51, -1,
        52, 51, 51, -1,
        52, 51, 52, -1,
        53, 39, 45, -1,
        53, 45, 45, -1,
        53, 45, 53, -1,
        45, 42, 54, -1,
        45, 54, 54, -1,
        45, 54, 45, -1,
        54, 54, 41, -1,
        54, 41, 41, -1,
        41, 41, 36, -1,
        41, 36, 36, -1,
        51, 53, 53, -1,
        51, 53, 51, -1,
        52, 51, 51, -1,
        52, 51, 52, -1,
        53, 39, 45, -1,
        53, 45, 45, -1,
        53, 45, 53, -1,
        45, 42, 54, -1,
        45, 54, 54, -1,
        45, 54, 45, -1,
        54, 54, 41, -1,
        54, 41, 41, -1,
        41, 41, 36, -1,
        41, 36, 36, -1,
        41, 41, 36, -1,
        41, 36, 36, -1,
        52, 51, 51, -1,
        52, 51, 52, -1,
        54, 54, 41, -1,
        54, 41, 41, -1,
        51, 53, 53, -1,
        51, 53, 51, -1,
        53, 39, 45, -1,
        53, 45, 45, -1,
        53, 45, 53, -1,
        45, 42, 54, -1,
        45, 54, 54, -1,
        45, 54, 45, -1,
        30, 30, 18, -1,
        30, 18, 18, -1,
        30, 30, 18, -1,
        30, 18, 18, -1,
        30, 30, 18, -1,
        30, 18, 18, -1,
        18, 18, 1, -1,
        18, 1, 1, -1,
        18, 18, 1, -1,
        18, 1, 1, -1,
        18, 18, 1, -1,
        18, 1, 1, -1,
        23, 23, 23, -1,
        23, 23, 23, -1,
        23, 23, 23, -1,
        23, 23, 23, -1,
        23, 23, 23, -1,
        23, 23, 23, -1,
        27, 27, 27, -1,
        27, 27, 27, -1,
        27, 27, 27, -1,
        27, 27, 27, -1,
        27, 27, 27, -1,
        27, 27, 27, -1,
        28, 12, 12, -1,
        28, 12, 28, -1,
        28, 12, 12, -1,
        28, 12, 28, -1,
        12, 28, 28, -1,
        12, 28, 12, -1,
        9, 9, 12, -1,
        9, 12, 12, -1,
        9, 9, 12, -1,
        9, 12, 12, -1,
        9, 9, 12, -1,
        9, 12, 12, -1,
        33, 33, 33, -1,
        33, 33, 33, -1,
        33, 33, 33, -1,
        33, 33, 33, -1,
        33, 33, 33, -1,
        33, 33, 33, -1,
        33, 33, 33, -1,
        33, 33, 33, -1,
        33, 33, 33, -1,
        33, 33, 33, -1,
        33, 33, 33, -1,
        33, 33, 33, -1,
        33, 33, 33, -1,
        33, 33, 33, -1,
        33, 33, 33, -1,
        33, 33, 33, -1,
        33, 33, 33, -1,
        33, 33, 33, -1,
        33, 33, 33, -1,
        33, 33, 33, -1,
        33, 33, 33, -1,
        33, 33, 33, -1,
        33, 33, 33, -1,
        33, 33, 33, -1,
        47, 47, 47, -1,
        47, 47, 47, -1,
        47, 47, 47, -1,
        32, 32, 32, -1,
        32, 32, 32, -1,
        32, 32, 32, -1,
        32, 32, 32, -1,
        32, 32, 32, -1,
        32, 32, 32, -1,
        32, 32, 32, -1,
        32, 32, 32, -1,
        32, 32, 32, -1,
        32, 32, 32, -1,
        32, 32, 32, -1,
        32, 32, 32, -1,
        32, 32, 32, -1,
        32, 32, 32, -1,
        32, 32, 32, -1,
        32, 32, 32, -1,
        32, 32, 32, -1,
        32, 32, 32, -1,
        32, 32, 32, -1,
        32, 32, 32, -1,
        32, 32, 32, -1,
        29, 29, 13, -1,
        29, 13, 13, -1,
        29, 29, 13, -1,
        29, 13, 13, -1,
        29, 29, 13, -1,
        29, 13, 13, -1,
        13, 13, 8, -1,
        13, 8, 8, -1,
        13, 13, 8, -1,
        13, 8, 8, -1,
        13, 13, 8, -1,
        13, 8, 8, -1,
        51, 51, 53, -1,
        51, 53, 53, -1,
        52, 52, 51, -1,
        52, 51, 51, -1,
        53, 53, 45, -1,
        53, 45, 45, -1,
        53, 45, 39, -1,
        45, 54, 54, -1,
        45, 54, 42, -1,
        45, 42, 45, -1,
        54, 41, 41, -1,
        54, 41, 54, -1,
        41, 36, 36, -1,
        41, 36, 41, -1,
        51, 51, 53, -1,
        51, 53, 53, -1,
        52, 52, 51, -1,
        52, 51, 51, -1,
        53, 53, 45, -1,
        53, 45, 45, -1,
        53, 45, 39, -1,
        45, 54, 54, -1,
        45, 54, 42, -1,
        45, 42, 45, -1,
        54, 41, 41, -1,
        54, 41, 54, -1,
        41, 36, 36, -1,
        41, 36, 41, -1,
        41, 36, 36, -1,
        41, 36, 41, -1,
        52, 52, 51, -1,
        52, 51, 51, -1,
        54, 41, 41, -1,
        54, 41, 54, -1,
        51, 51, 53, -1,
        51, 53, 53, -1,
        53, 53, 45, -1,
        53, 45, 45, -1,
        53, 45, 39, -1,
        45, 54, 54, -1,
        45, 54, 42, -1,
        45, 42, 45, -1,
        27, 27, 27, -1,
        27, 27, 27, -1,
        27, 27, 27, -1,
        27, 27, 27, -1,
        27, 27, 27, -1,
        27, 27, 27, -1,
        9, 9, 12, -1,
        9, 12, 12, -1,
        9, 9, 12, -1,
        9, 12, 12, -1,
        9, 9, 12, -1,
        9, 12, 12, -1,
        12, 12, 28, -1,
        12, 28, 28, -1,
        12, 12, 28, -1,
        12, 28, 28, -1,
        12, 12, 28, -1,
        12, 28, 28, -1,
        49, 49, 49, -1,
        49, 49, 49, -1,
        49, 49, 49, -1,
        49, 49, 49, -1,
        49, 49, 49, -1,
        49, 49, 49, -1,
        4, 4, 4, -1,
        4, 4, 4, -1,
        4, 4, 4, -1,
        4, 4, 4, -1,
        44, 44, 44, -1,
        44, 44, 44, -1,
        44, 44, 44, -1,
        44, 44, 44, -1,
        44, 44, 44, -1,
        44, 44, 44, -1,
        44, 44, 44, -1,
        44, 44, 44, -1,
        44, 44, 44, -1,
        44, 44, 44, -1,
        44, 44, 44, -1,
        44, 44, 44, -1,
        44, 44, 44, -1,
        44, 44, 44, -1,
        38, 38, 38, -1,
        38, 38, 38, -1,
        38, 38, 38, -1,
        5, 5, 5, -1,
        5, 5, 5, -1,
        21, 21, 21, -1,
        21, 21, 21, -1,
        38, 38, 38, -1,
        38, 38, 38, -1,
        38, 38, 38, -1,
        38, 38, 38, -1,
        5, 5, 5, -1,
        5, 5, 5, -1,
        38, 38, 38, -1,
        38, 38, 38, -1,
        38, 38, 38, -1,
        4, 4, 4, -1,
        4, 4, 4, -1,
        5, 5, 5, -1,
        5, 5, 5, -1,
        48, 48, 48, -1,
        48, 48, 48, -1,
        48, 48, 48, -1,
        48, 48, 48, -1,
        48, 48, 48, -1,
        48, 48, 48, -1,
        48, 48, 48, -1,
        48, 48, 48, -1,
        48, 48, 48, -1,
        48, 48, 48, -1,
        48, 48, 48, -1,
        48, 48, 48, -1,
        48, 48, 48, -1,
        48, 48, 48, -1,
        21, 21, 21, -1,
        21, 21, 21, -1,
        38, 38, 38, -1,
        38, 38, 38, -1,
        38, 38, 38, -1,
        38, 38, 38, -1,
        21, 21, 21, -1,
        21, 21, 21, -1,
        17, 11, 11, -1,
        17, 11, 17, -1,
        11, 17, 17, -1,
        11, 17, 11, -1,
        17, 11, 11, -1,
        17, 11, 17, -1,
        10, 16, 16, -1,
        10, 16, 10, -1,
        10, 16, 16, -1,
        10, 16, 10, -1,
        16, 10, 10, -1,
        16, 10, 16, -1,
        6, 2, 2, -1,
        6, 2, 6, -1,
        6, 2, 2, -1,
        6, 2, 6, -1,
        2, 6, 6, -1,
        2, 6, 2, -1,
        3, 7, 7, -1,
        3, 7, 3, -1,
        7, 3, 3, -1,
        7, 3, 7, -1,
        7, 3, 3, -1,
        7, 3, 7, -1,
        6, 14, 14, -1,
        6, 14, 6, -1,
        14, 6, 6, -1,
        14, 6, 14, -1,
        6, 14, 14, -1,
        6, 14, 6, -1,
        15, 7, 7, -1,
        15, 7, 15, -1,
        7, 15, 15, -1,
        7, 15, 7, -1,
        15, 7, 7, -1,
        15, 7, 15, -1,
        16, 24, 24, -1,
        16, 24, 16, -1,
        24, 16, 16, -1,
        24, 16, 24, -1,
        24, 16, 16, -1,
        24, 16, 24, -1,
        16, 24, 24, -1,
        16, 24, 16, -1,
        16, 24, 24, -1,
        16, 24, 16, -1,
        24, 16, 16, -1,
        24, 16, 24, -1,
        25, 17, 17, -1,
        25, 17, 25, -1,
        25, 17, 17, -1,
        25, 17, 25, -1,
        17, 25, 25, -1,
        17, 25, 17, -1,
        14, 6, 6, -1,
        14, 6, 14, -1,
        6, 14, 14, -1,
        6, 14, 6, -1,
        6, 14, 14, -1,
        6, 14, 6, -1,
        15, 7, 7, -1,
        15, 7, 15, -1,
        7, 15, 15, -1,
        7, 15, 7, -1,
        15, 7, 7, -1,
        15, 7, 15, -1,
        25, 17, 17, -1,
        25, 17, 25, -1,
        17, 25, 25, -1,
        17, 25, 17, -1,
        17, 25, 25, -1,
        17, 25, 17, -1,
        26, 26, 26, -1,
        26, 26, 26, -1,
        26, 26, 26, -1,
        26, 26, 26, -1,
        26, 26, 26, -1,
        26, 26, 26, -1,
        22, 22, 22, -1,
        22, 22, 22, -1,
        22, 22, 22, -1,
        22, 22, 22, -1,
        22, 22, 22, -1,
        22, 22, 22, -1,
        7, 3, 3, -1,
        7, 3, 7, -1,
        7, 3, 3, -1,
        7, 3, 7, -1,
        3, 7, 7, -1,
        3, 7, 3, -1,
        10, 16, 16, -1,
        10, 16, 10, -1,
        16, 10, 10, -1,
        16, 10, 16, -1,
        16, 10, 10, -1,
        16, 10, 16, -1,
        21, 21, 21, -1,
        21, 21, 21, -1,
        21, 21, 21, -1,
        21, 21, 21, -1,
        21, 21, 21, -1,
        21, 21, 21, -1,
        21, 21, 21, -1,
        21, 21, 21, -1,
        21, 21, 21, -1,
        21, 21, 21, -1,
        21, 21, 21, -1,
        21, 21, 21, -1,
        21, 21, 21, -1,
        21, 21, 21, -1,
        21, 21, 21, -1,
        21, 21, 21, -1,
        21, 21, 21, -1,
        21, 21, 21, -1,
        21, 21, 21, -1,
        21, 21, 21, -1,
        21, 21, 21, -1,
        21, 21, 21, -1,
        21, 21, 21, -1,
        21, 21, 21, -1,
        21, 21, 21, -1,
        21, 21, 21, -1,
        21, 21, 21, -1,
        21, 21, 21, -1,
        20, 20, 20, -1,
        20, 20, 20, -1,
        20, 20, 20, -1,
        20, 20, 20, -1,
        20, 20, 20, -1,
        20, 20, 20, -1,
        20, 20, 20, -1,
        20, 20, 20, -1,
        20, 20, 20, -1,
        20, 20, 20, -1,
        20, 20, 20, -1,
        20, 20, 20, -1,
        20, 20, 20, -1,
        20, 20, 20, -1,
        20, 20, 20, -1,
        20, 20, 20, -1,
        20, 20, 20, -1,
        20, 20, 20, -1,
        20, 20, 20, -1,
        20, 20, 20, -1,
        20, 20, 20, -1,
        20, 20, 20, -1,
        20, 20, 20, -1,
        20, 20, 20, -1,
        20, 20, 20, -1,
        20, 20, 20, -1,
        20, 20, 20, -1,
        20, 20, 20, -1,
        20, 20, 20, -1,
        20, 20, 20, -1,
        20, 20, 20, -1,
        20, 20, 20, -1,
        20, 20, 20, -1,
        20, 20, 20, -1,
        20, 20, 20, -1,
        20, 20, 20, -1,
        20, 20, 20, -1,
        20, 20, 20, -1,
        20, 20, 20, -1,
        20, 20, 20, -1,
        20, 20, 20, -1,
        20, 20, 20, -1,
        21, 21, 21, -1,
        21, 21, 21, -1,
        21, 21, 21, -1,
        21, 21, 21, -1,
        21, 21, 21, -1,
        21, 21, 21, -1,
        21, 21, 21, -1,
        21, 21, 21, -1,
        21, 21, 21, -1,
        21, 21, 21, -1,
        21, 21, 21, -1,
        21, 21, 21, -1,
        21, 21, 21, -1,
        21, 21, 21, -1,
        21, 21, 21, -1,
        21, 21, 21, -1,
        21, 21, 21, -1,
        21, 21, 21, -1,
        21, 21, 21, -1,
        21, 21, 21, -1,
        21, 21, 21, -1,
        21, 21, 21, -1,
        21, 21, 21, -1,
        21, 21, 21, -1,
        21, 21, 21, -1,
        21, 21, 21, -1,
        21, 21, 21, -1,
        21, 21, 21, -1,
        21, 21, 21, -1,
        21, 21, 21, -1,
        21, 21, 21, -1,
        21, 21, 21, -1,
        21, 21, 21, -1,
        21, 21, 21, -1,
        21, 21, 21, -1,
        21, 21, 21, -1,
        21, 21, 21, -1,
        21, 21, 21, -1,
        21, 21, 21, -1,
        21, 21, 21, -1,
        21, 21, 21, -1,
        21, 21, 21, -1,
        20, 20, 20, -1,
        20, 20, 20, -1,
        20, 20, 20, -1,
        20, 20, 20, -1,
        20, 20, 20, -1,
        20, 20, 20, -1,
        20, 20, 20, -1,
        20, 20, 20, -1,
        20, 20, 20, -1,
        20, 20, 20, -1,
        20, 20, 20, -1,
        20, 20, 20, -1,
        20, 20, 20, -1,
        20, 20, 20, -1,
        20, 20, 20, -1,
        20, 20, 20, -1,
        20, 20, 20, -1,
        20, 20, 20, -1,
        20, 20, 20, -1,
        20, 20, 20, -1,
        20, 20, 20, -1,
        20, 20, 20, -1,
        20, 20, 20, -1,
        20, 20, 20, -1,
        20, 20, 20, -1,
        20, 20, 20, -1,
        20, 20, 20, -1,
        20, 20, 20, -1,
        20, 20, 20, -1,
        20, 20, 20, -1,
        20, 20, 20, -1,
        20, 20, 20, -1,
        20, 20, 20, -1,
        20, 20, 20, -1,
        20, 20, 20, -1,
        20, 20, 20, -1,
        20, 20, 20, -1,
        20, 20, 20, -1,
        20, 20, 20, -1,
        20, 20, 20, -1,
        20, 20, 20, -1,
        20, 20, 20, -1,
        21, 21, 21, -1,
        21, 21, 21, -1,
        21, 21, 21, -1,
        21, 21, 21, -1,
        21, 21, 21, -1,
        21, 21, 21, -1,
        21, 21, 21, -1,
        21, 21, 21, -1,
        21, 21, 21, -1,
        21, 21, 21, -1,
        21, 21, 21, -1,
        21, 21, 21, -1,
        21, 21, 21, -1,
        21, 21, 21, -1,
        21, 21, 21, -1,
        21, 21, 21, -1,
        21, 21, 21, -1,
        21, 21, 21, -1,
        21, 21, 21, -1,
        21, 21, 21, -1,
        21, 21, 21, -1,
        21, 21, 21, -1,
        21, 21, 21, -1,
        21, 21, 21, -1,
        21, 21, 21, -1,
        21, 21, 21, -1,
        21, 21, 21, -1,
        21, 21, 21, -1,
        21, 21, 21, -1,
        21, 21, 21, -1,
        21, 21, 21, -1,
        21, 21, 21, -1,
        21, 21, 21, -1,
        21, 21, 21, -1,
        21, 21, 21, -1,
        21, 21, 21, -1,
        21, 21, 21, -1,
        21, 21, 21, -1,
        21, 21, 21, -1,
        21, 21, 21, -1,
        21, 21, 21, -1,
        21, 21, 21, -1,
        20, 20, 20, -1,
        20, 20, 20, -1,
        20, 20, 20, -1,
        20, 20, 20, -1,
        20, 20, 20, -1,
        20, 20, 20, -1,
        20, 20, 20, -1,
        20, 20, 20, -1,
        20, 20, 20, -1,
        20, 20, 20, -1,
        20, 20, 20, -1,
        20, 20, 20, -1,
        20, 20, 20, -1,
        20, 20, 20, -1,
        20, 20, 20, -1,
        20, 20, 20, -1,
        20, 20, 20, -1,
        20, 20, 20, -1,
        20, 20, 20, -1,
        20, 20, 20, -1,
        20, 20, 20, -1,
        20, 20, 20, -1,
        20, 20, 20, -1,
        20, 20, 20, -1,
        20, 20, 20, -1,
        20, 20, 20, -1,
        20, 20, 20, -1,
        20, 20, 20, -1,
        20, 20, 20, -1,
        20, 20, 20, -1,
        20, 20, 20, -1,
        20, 20, 20, -1,
        20, 20, 20, -1,
        20, 20, 20, -1,
        20, 20, 20, -1,
        20, 20, 20, -1,
        20, 20, 20, -1,
        20, 20, 20, -1,
        20, 20, 20, -1,
        20, 20, 20, -1,
        20, 20, 20, -1,
        20, 20, 20, -1,
        21, 21, 21, -1,
        21, 21, 21, -1,
        21, 21, 21, -1,
        21, 21, 21, -1,
        21, 21, 21, -1,
        21, 21, 21, -1,
        21, 21, 21, -1,
        21, 21, 21, -1,
        21, 21, 21, -1,
        21, 21, 21, -1,
        21, 21, 21, -1,
        21, 21, 21, -1,
        21, 21, 21, -1,
        21, 21, 21, -1,
        2, 6, 6, -1,
        2, 6, 2, -1,
        2, 6, 6, -1,
        2, 6, 2, -1,
        6, 2, 2, -1,
        6, 2, 6, -1,
        21, 21, 21, -1,
        21, 21, 21, -1,
        21, 21, 21, -1,
        21, 21, 21, -1,
        21, 21, 21, -1,
        21, 21, 21, -1,
        21, 21, 21, -1,
        21, 21, 21, -1,
        21, 21, 21, -1,
        21, 21, 21, -1,
        21, 21, 21, -1,
        21, 21, 21, -1,
        21, 21, 21, -1,
        21, 21, 21, -1,
        21, 21, 21, -1,
        21, 21, 21, -1,
        21, 21, 21, -1,
        21, 21, 21, -1,
        21, 21, 21, -1,
        21, 21, 21, -1,
        21, 21, 21, -1,
        21, 21, 21, -1,
        21, 21, 21, -1,
        21, 21, 21, -1,
        21, 21, 21, -1,
        21, 21, 21, -1,
        21, 21, 21, -1,
        21, 21, 21, -1,
        20, 20, 20, -1,
        20, 20, 20, -1,
        20, 20, 20, -1,
        20, 20, 20, -1,
        20, 20, 20, -1,
        20, 20, 20, -1,
        20, 20, 20, -1,
        20, 20, 20, -1,
        20, 20, 20, -1,
        20, 20, 20, -1,
        20, 20, 20, -1,
        20, 20, 20, -1,
        20, 20, 20, -1,
        20, 20, 20, -1,
        20, 20, 20, -1,
        20, 20, 20, -1,
        20, 20, 20, -1,
        20, 20, 20, -1,
        20, 20, 20, -1,
        20, 20, 20, -1,
        20, 20, 20, -1,
        20, 20, 20, -1,
        20, 20, 20, -1,
        20, 20, 20, -1,
        20, 20, 20, -1,
        20, 20, 20, -1,
        20, 20, 20, -1,
        20, 20, 20, -1,
        20, 20, 20, -1,
        20, 20, 20, -1,
        20, 20, 20, -1,
        20, 20, 20, -1,
        20, 20, 20, -1,
        20, 20, 20, -1,
        20, 20, 20, -1,
        20, 20, 20, -1,
        20, 20, 20, -1,
        20, 20, 20, -1,
        20, 20, 20, -1,
        20, 20, 20, -1,
        20, 20, 20, -1,
        20, 20, 20, -1,
        21, 21, 21, -1,
        21, 21, 21, -1,
        21, 21, 21, -1,
        21, 21, 21, -1,
        21, 21, 21, -1,
        21, 21, 21, -1,
        21, 21, 21, -1,
        21, 21, 21, -1,
        21, 21, 21, -1,
        21, 21, 21, -1,
        21, 21, 21, -1,
        21, 21, 21, -1,
        21, 21, 21, -1,
        21, 21, 21, -1,
        17, 11, 11, -1,
        17, 11, 17, -1,
        11, 17, 17, -1,
        11, 17, 11, -1,
        11, 17, 17, -1,
        11, 17, 11, -1,
        5, 5, 5, -1,
        5, 5, 5, -1,
        5, 5, 5, -1,
        5, 5, 5, -1,
        5, 5, 5, -1,
        5, 5, 5, -1,
        5, 5, 5, -1,
        5, 5, 5, -1,
        5, 5, 5, -1,
        5, 5, 5, -1,
        5, 5, 5, -1,
        5, 5, 5, -1,
        5, 5, 5, -1,
        5, 5, 5, -1,
        5, 5, 5, -1,
        5, 5, 5, -1,
        5, 5, 5, -1,
        5, 5, 5, -1,
        5, 5, 5, -1,
        5, 5, 5, -1,
        5, 5, 5, -1,
        5, 5, 5, -1,
        5, 5, 5, -1,
        5, 5, 5, -1,
        5, 5, 5, -1,
        5, 5, 5, -1,
        5, 5, 5, -1,
        5, 5, 5, -1,
        5, 5, 5, -1,
        5, 5, 5, -1,
        5, 5, 5, -1,
        5, 5, 5, -1,
        5, 5, 5, -1,
        5, 5, 5, -1,
        5, 5, 5, -1,
        5, 5, 5, -1,
        5, 5, 5, -1,
        5, 5, 5, -1,
        5, 5, 5, -1,
        5, 5, 5, -1,
        5, 5, 5, -1,
        5, 5, 5, -1,
        5, 5, 5, -1,
        5, 5, 5, -1,
        5, 5, 5, -1,
        5, 5, 5, -1,
        5, 5, 5, -1,
        5, 5, 5, -1,
        5, 5, 5, -1,
        5, 5, 5, -1,
        49, 49, 49, -1,
        49, 49, 49, -1,
        50, 50, 37, -1,
        50, 37, 37, -1,
        37, 37, 54, -1,
        37, 54, 54, -1,
        54, 54, 45, -1,
        54, 45, 45, -1,
        45, 45, 53, -1,
        45, 53, 53, -1,
        53, 53, 43, -1,
        53, 43, 43, -1,
        43, 43, 40, -1,
        43, 40, 40, -1,
        49, 49, 49, -1,
        49, 49, 49, -1,
        50, 50, 37, -1,
        50, 37, 37, -1,
        37, 37, 54, -1,
        37, 54, 54, -1,
        54, 54, 45, -1,
        54, 45, 45, -1,
        45, 45, 53, -1,
        45, 53, 53, -1,
        53, 53, 43, -1,
        53, 43, 43, -1,
        43, 43, 40, -1,
        43, 40, 40, -1,
        4, 4, 4, -1,
        4, 4, 4, -1,
        4, 4, 4, -1,
        4, 4, 4, -1,
        4, 4, 4, -1,
        4, 4, 4, -1,
        4, 4, 4, -1,
        4, 4, 4, -1,
        4, 4, 4, -1,
        4, 4, 4, -1,
        4, 4, 4, -1,
        4, 4, 4, -1,
        4, 4, 4, -1,
        4, 4, 4, -1,
        4, 4, 4, -1,
        4, 4, 4, -1,
        4, 4, 4, -1,
        4, 4, 4, -1,
        4, 4, 4, -1,
        4, 4, 4, -1,
        4, 4, 4, -1,
        4, 4, 4, -1,
        4, 4, 4, -1,
        4, 4, 4, -1,
        4, 4, 4, -1,
        49, 49, 49, -1,
        49, 49, 49, -1,
        50, 50, 37, -1,
        50, 37, 37, -1,
        37, 37, 54, -1,
        37, 54, 54, -1,
        54, 54, 45, -1,
        54, 45, 45, -1,
        45, 45, 53, -1,
        45, 53, 53, -1,
        53, 53, 43, -1,
        53, 43, 43, -1,
        43, 43, 40, -1,
        43, 40, 40, -1,
        49, 49, 49, -1,
        49, 49, 49, -1,
        50, 50, 37, -1,
        50, 37, 37, -1,
        37, 37, 54, -1,
        37, 54, 54, -1,
        54, 54, 45, -1,
        54, 45, 45, -1,
        45, 45, 53, -1,
        45, 53, 53, -1,
        53, 53, 43, -1,
        53, 43, 43, -1,
        43, 43, 40, -1,
        43, 40, 40, -1,
        4, 4, 4, -1,
        4, 4, 4, -1,
        4, 4, 4, -1,
        4, 4, 4, -1,
        4, 4, 4, -1,
        4, 4, 4, -1,
        4, 4, 4, -1,
        4, 4, 4, -1,
        4, 4, 4, -1,
        4, 4, 4, -1,
        4, 4, 4, -1,
        4, 4, 4, -1,
        4, 4, 4, -1,
        4, 4, 4, -1,
        4, 4, 4, -1,
        4, 4, 4, -1,
        4, 4, 4, -1,
        4, 4, 4, -1,
        4, 4, 4, -1,
        4, 4, 4, -1,
        4, 4, 4, -1,
        4, 4, 4, -1,
        4, 4, 4, -1,
        4, 4, 4, -1,
        4, 4, 4, -1,
        49, 49, 49, -1,
        49, 49, 49, -1,
        50, 37, 37, -1,
        50, 37, 50, -1,
        37, 54, 54, -1,
        37, 54, 37, -1,
        54, 45, 45, -1,
        54, 45, 54, -1,
        45, 53, 53, -1,
        45, 53, 45, -1,
        53, 43, 43, -1,
        53, 43, 53, -1,
        43, 40, 40, -1,
        43, 40, 43, -1,
        49, 49, 49, -1,
        49, 49, 49, -1,
        50, 37, 37, -1,
        50, 37, 50, -1,
        37, 54, 54, -1,
        37, 54, 37, -1,
        54, 45, 45, -1,
        54, 45, 54, -1,
        45, 53, 53, -1,
        45, 53, 45, -1,
        53, 43, 43, -1,
        53, 43, 53, -1,
        43, 40, 40, -1,
        43, 40, 43, -1,
        4, 4, 4, -1,
        4, 4, 4, -1,
        4, 4, 4, -1,
        4, 4, 4, -1,
        4, 4, 4, -1,
        4, 4, 4, -1,
        4, 4, 4, -1,
        4, 4, 4, -1,
        4, 4, 4, -1,
        4, 4, 4, -1,
        4, 4, 4, -1,
        4, 4, 4, -1,
        4, 4, 4, -1,
        4, 4, 4, -1,
        4, 4, 4, -1,
        4, 4, 4, -1,
        4, 4, 4, -1,
        4, 4, 4, -1,
        4, 4, 4, -1,
        4, 4, 4, -1,
        4, 4, 4, -1,
        4, 4, 4, -1,
        4, 4, 4, -1,
        4, 4, 4, -1,
        4, 4, 4, -1,
        5, 5, 5, -1,
        5, 5, 5, -1,
        5, 5, 5, -1,
        5, 5, 5, -1,
        5, 5, 5, -1,
        5, 5, 5, -1,
        5, 5, 5, -1,
        5, 5, 5, -1,
        5, 5, 5, -1,
        5, 5, 5, -1,
        5, 5, 5, -1,
        5, 5, 5, -1,
        5, 5, 5, -1,
        5, 5, 5, -1,
        5, 5, 5, -1,
        5, 5, 5, -1,
        5, 5, 5, -1,
        5, 5, 5, -1,
        5, 5, 5, -1,
        5, 5, 5, -1,
        5, 5, 5, -1,
        5, 5, 5, -1,
        5, 5, 5, -1,
        5, 5, 5, -1,
        5, 5, 5, -1,
        49, 49, 49, -1,
        49, 49, 49, -1,
        50, 37, 37, -1,
        50, 37, 50, -1,
        37, 54, 54, -1,
        37, 54, 37, -1,
        54, 54, 45, -1,
        54, 45, 45, -1,
        45, 45, 53, -1,
        45, 53, 53, -1,
        53, 53, 43, -1,
        53, 43, 43, -1,
        43, 43, 40, -1,
        43, 40, 40, -1,
        49, 49, 49, -1,
        49, 49, 49, -1,
        50, 50, 37, -1,
        50, 37, 37, -1,
        37, 37, 54, -1,
        37, 54, 54, -1,
        54, 54, 45, -1,
        54, 45, 45, -1,
        45, 45, 53, -1,
        45, 53, 53, -1,
        53, 53, 43, -1,
        53, 43, 43, -1,
        43, 43, 40, -1,
        43, 40, 40, -1
              ]
      }
    }
  }
}
DEF _ET60S-24-R1_sign Group
{
Shape 
{
  Node_info
  {
    fields [SFString node_type, SFString node_name]
    node_type "Poly_Geom_Data"
    node_name ""
  }

    Material
    {
      ambientColor [0.77 0.77 0.77]
      diffuseColor [0.77 0.77 0.77]
      specularColor [0.8 0.8 0.8]
      shininess [0.5]
      transparency [0.00]
    }

  Coordinate3
  {
    point
    [
      -1.11 6.2105 4.46, 1.11 6.2105 4.46, 
      1.43 6.2105 4.46, -9.05 11.0895 1.07, 
      -8.73 11.0895 1.07, 9.05 6.0145 -4.01, 
      8.73 6.0145 -4.01, 3.65 6.2105 4.46, 
      -9.05 8.5545 4.274, 3.97 6.2105 4.46, 
      -8.73 8.5545 4.274, -6.51 11.0895 1.07, 
      -6.19 11.0895 1.07, 6.51 6.0145 -4.01, 
      6.19 6.0145 -4.01, -9.05 12.0905 4.288, 
      -8.73 12.0905 4.288, 6.19 6.2105 4.46, 
      -6.51 8.5545 4.274, 6.51 6.2105 4.46, 
      -6.19 8.5545 4.274, 9.05 14.3 -0.882, 
      8.73 14.3 -0.882, -3.97 11.0895 1.07, 
      -9.05 11.2905 4.46, -3.65 11.0895 1.07, 
      -8.73 11.2905 4.46, 3.97 6.0145 -4.01, 
      3.65 6.0145 -4.01, -6.51 12.0905 4.288, 
      -6.19 12.0905 4.288, 8.73 6.2105 4.46, 
      -3.97 8.5545 4.274, 9.05 6.2105 4.46, 
      -3.65 8.5545 4.274, 6.51 14.3 -0.882, 
      6.19 14.3 -0.882, -1.43 11.0895 1.07, 
      -6.51 11.2905 4.46, -1.11 11.0895 1.07, 
      -6.19 11.2905 4.46, 1.43 6.0145 -4.01, 
      1.11 6.0145 -4.01, -3.97 12.0905 4.288, 
      -3.65 12.0905 4.288, -1.43 8.5545 4.274, 
      -1.11 8.5545 4.274, 3.97 14.3 -0.882, 
      8.73 14.25 -0.882, 3.65 14.3 -0.882, 
      1.11 11.0895 1.07, -3.97 11.2905 4.46, 
      1.43 11.0895 1.07, -3.65 11.2905 4.46, 
      -1.11 6.0145 -4.01, -1.43 6.0145 -4.01, 
      -1.43 12.0905 4.288, -1.11 12.0905 4.288, 
      1.11 8.5545 4.274, 1.43 8.5545 4.274, 
      6.51 14.25 -0.882, 1.43 14.3 -0.882, 
      6.19 14.25 -0.882, 1.11 14.3 -0.882, 
      3.65 11.0895 1.07, -1.43 11.2905 4.46, 
      3.97 11.0895 1.07, -1.11 11.2905 4.46, 
      -3.65 6.0145 -4.01, -3.97 6.0145 -4.01, 
      1.11 12.0905 4.288, 1.43 12.0905 4.288, 
      3.65 8.5545 4.274, 3.97 8.5545 4.274, 
      3.97 14.25 -0.882, -1.11 14.3 -0.882, 
      3.65 14.25 -0.882, -1.43 14.3 -0.882, 
      6.19 11.0895 1.07, 1.11 11.2905 4.46, 
      6.51 11.0895 1.07, -9.05 9.5805 0.12, 
      1.43 11.2905 4.46, -6.19 6.0145 -4.01, 
      -8.73 9.5805 0.12, -6.51 6.0145 -4.01, 
      3.65 12.0905 4.288, 3.97 12.0905 4.288, 
      6.19 8.5545 4.274, 6.51 8.5545 4.274, 
      1.43 14.25 -0.882, -9.05 9.2845 7.84, 
      -3.65 14.3 -0.882, 1.11 14.25 -0.882, 
      -8.73 9.2845 7.84, -3.97 14.3 -0.882, 
      8.73 11.0895 1.07, 3.65 11.2905 4.46, 
      9.05 11.0895 1.07, -6.51 9.5805 0.12, 
      3.97 11.2905 4.46, -8.73 6.0145 -4.01, 
      -6.19 9.5805 0.12, -9.05 6.0145 -4.01, 
      6.19 12.0905 4.288, 6.51 12.0905 4.288, 
      8.73 8.5545 4.274, 9.05 8.5545 4.274, 
      -1.11 14.25 -0.882, -6.51 9.2845 7.84, 
      -6.19 14.3 -0.882, -1.43 14.25 -0.882, 
      -6.19 9.2845 7.84, -6.51 14.3 -0.882, 
      6.19 11.2905 4.46, -3.97 9.5805 0.12, 
      6.51 11.2905 4.46, -3.65 9.5805 0.12, 
      8.73 12.0905 4.288, 9.05 12.0905 4.288, 
      -3.65 14.25 -0.882, -3.97 9.2845 7.84, 
      -8.73 14.3 -0.882, -3.97 14.25 -0.882, 
      -3.65 9.2845 7.84, -9.05 14.3 -0.882, 
      8.73 11.2905 4.46, -1.43 9.5805 0.12, 
      9.05 11.2905 4.46, -1.11 9.5805 0.12, 
      -6.19 14.25 -0.882, -1.43 9.2845 7.84, 
      9.05 12.2485 -2.42, -6.51 14.25 -0.882, 
      -1.11 9.2845 7.84, 8.73 12.2485 -2.42, 
      1.11 9.5805 0.12, 1.43 9.5805 0.12, 
      -8.73 14.25 -0.882, 1.11 9.2845 7.84, 
      6.51 12.2485 -2.42, -9.05 14.25 -0.882, 
      1.43 9.2845 7.84, 6.19 12.2485 -2.42, 
      3.65 9.5805 0.12, 3.97 9.5805 0.12, 
      3.65 9.2845 7.84, 3.97 12.2485 -2.42, 
      -9.05 13.8095 0.882, 3.97 9.2845 7.84, 
      3.65 12.2485 -2.42, -8.73 13.8095 0.882, 
      6.19 9.5805 0.12, 6.51 9.5805 0.12, 
      -9.05 12.0905 2.931, -8.73 12.0905 2.931, 
      6.19 9.2845 7.84, 1.43 12.2485 -2.42, 
      -6.51 13.8095 0.882, 6.51 9.2845 7.84, 
      1.11 12.2485 -2.42, -6.19 13.8095 0.882, 
      8.73 9.5805 0.12, 9.05 9.5805 0.12, 
      -6.51 12.0905 2.931, -9.05 13.8095 3.422, 
      -6.19 12.0905 2.931, 8.73 9.2845 7.84, 
      -1.11 12.2485 -2.42, -3.97 13.8095 0.882, 
      -8.73 13.8095 3.422, 9.05 9.2845 7.84, 
      -1.43 12.2485 -2.42, -3.65 13.8095 0.882, 
      -3.97 12.0905 2.931, -3.65 12.0905 2.931, 
      -6.51 13.8095 3.422, -3.65 12.2485 -2.42, 
      -9.05 7.0405 4.26, -1.43 13.8095 0.882, 
      -6.19 13.8095 3.422, -3.97 12.2485 -2.42, 
      -8.73 7.0405 4.26, -1.11 13.8095 0.882, 
      -1.43 12.0905 2.931, -3.97 13.8095 3.422, 
      -1.11 12.0905 2.931, -6.19 12.2485 -2.42, 
      -6.51 7.0405 4.26, 1.11 13.8095 0.882, 
      -3.65 13.8095 3.422, -6.51 12.2485 -2.42, 
      -6.19 7.0405 4.26, 1.43 13.8095 0.882, 
      1.11 12.0905 2.931, 1.43 12.0905 2.931, 
      -1.43 13.8095 3.422, -8.73 12.2485 -2.42, 
      -3.97 7.0405 4.26, 3.65 13.8095 0.882, 
      -1.11 13.8095 3.422, -9.05 12.2485 -2.42, 
      -3.65 7.0405 4.26, 3.97 13.8095 0.882, 
      3.65 12.0905 2.931, 1.11 13.8095 3.422, 
      3.97 12.0905 2.931, -1.43 7.0405 4.26, 
      6.19 13.8095 0.882, 1.43 13.8095 3.422, 
      -1.11 7.0405 4.26, 6.51 13.8095 0.882, 
      -9.05 6.2945 7.84, -8.73 6.2945 7.84, 
      6.19 12.0905 2.931, 6.51 12.0905 2.931, 
      3.65 13.8095 3.422, 1.11 7.0405 4.26, 
      8.73 13.8095 0.882, 3.97 13.8095 3.422, 
      1.43 7.0405 4.26, 9.05 13.8095 0.882, 
      -6.51 6.2945 7.84, -6.19 6.2945 7.84, 
      8.73 14.3 -3, 8.73 12.0905 2.931, 
      9.05 12.0905 2.931, 6.19 13.8095 3.422, 
      3.65 7.0405 4.26, -9.05 6.8305 4.46, 
      6.51 13.8095 3.422, 3.97 7.0405 4.26, 
      -8.73 6.8305 4.46, -3.97 6.2945 7.84, 
      -9.05 11.0895 4.27, -3.65 6.2945 7.84, 
      -8.73 11.0895 4.27, 6.51 14.3 -3, 
      6.19 14.3 -3, 8.73 13.8095 3.422, 
      6.19 7.0405 4.26, -6.51 6.8305 4.46, 
      9.05 13.8095 3.422, 6.51 7.0405 4.26, 
      -6.19 6.8305 4.46, -1.43 6.2945 7.84, 
      -6.51 11.0895 4.27, 9.05 13.8095 -0.882, 
      -1.11 6.2945 7.84, -6.19 11.0895 4.27, 
      8.73 13.8095 -0.882, 9.05 7.0405 -2.42, 
      3.97 14.3 -3, 8.73 7.0405 -2.42, 
      8.73 14.25 -3, 3.65 14.3 -3, 
      8.73 7.0405 4.26, -3.97 6.8305 4.46, 
      9.05 7.0405 4.26, -3.65 6.8305 4.46, 
      1.11 6.2945 7.84, -3.97 11.0895 4.27, 
      6.51 13.8095 -0.882, 1.43 6.2945 7.84, 
      -3.65 11.0895 4.27, 6.19 13.8095 -0.882, 
      6.51 7.0405 -2.42, 6.51 14.25 -3, 
      1.43 14.3 -3, 6.19 7.0405 -2.42, 
      6.19 14.25 -3, 1.11 14.3 -3, 
      -1.43 6.8305 4.46, -1.11 6.8305 4.46, 
      3.65 6.2945 7.84, -1.43 11.0895 4.27, 
      3.97 13.8095 -0.882, 3.97 6.2945 7.84, 
      -1.11 11.0895 4.27, 3.65 13.8095 -0.882, 
      3.97 7.0405 -2.42, 3.97 14.25 -3, 
      -1.11 14.3 -3, 3.65 7.0405 -2.42, 
      3.65 14.25 -3, -1.43 14.3 -3, 
      -9.05 13.3295 1.07, -8.73 13.3295 1.07, 
      1.11 6.8305 4.46, 1.43 6.8305 4.46, 
      6.19 6.2945 7.84, 1.11 11.0895 4.27, 
      1.43 13.8095 -0.882, 6.51 6.2945 7.84, 
      1.43 11.0895 4.27, 1.11 13.8095 -0.882, 
      1.43 7.0405 -2.42, 1.43 14.25 -3, 
      -3.65 14.3 -3, 1.11 7.0405 -2.42, 
      1.11 14.25 -3, -3.97 14.3 -3, 
      -9.05 11.3745 7.84, -6.51 13.3295 1.07, 
      -8.73 11.3745 7.84, -6.19 13.3295 1.07, 
      3.65 6.8305 4.46, 3.97 6.8305 4.46, 
      8.73 6.2945 7.84, 3.65 11.0895 4.27, 
      -1.11 13.8095 -0.882, 9.05 6.2945 7.84, 
      3.97 11.0895 4.27, 9.05 14.3 -1.658, 
      -1.43 13.8095 -0.882, -1.11 7.0405 -2.42, 
      -1.11 14.25 -3, 8.73 14.3 -1.658, 
      -6.19 14.3 -3, -1.43 7.0405 -2.42, 
      -1.43 14.25 -3, -6.51 14.3 -3, 
      -6.51 11.3745 7.84, -3.97 13.3295 1.07, 
      -6.19 11.3745 7.84, -3.65 13.3295 1.07, 
      6.19 6.8305 4.46, 6.51 6.8305 4.46, 
      6.19 11.0895 4.27, -3.65 13.8095 -0.882, 
      6.51 11.0895 4.27, 6.51 14.3 -1.658, 
      -3.97 13.8095 -0.882, -3.65 7.0405 -2.42, 
      -3.65 14.25 -3, 6.19 14.3 -1.658, 
      -8.73 14.3 -3, -9.05 11.9105 4.46, 
      -3.97 7.0405 -2.42, -3.97 14.25 -3, 
      -8.73 11.9105 4.46, -3.97 11.3745 7.84, 
      -1.43 13.3295 1.07, -3.65 11.3745 7.84, 
      -1.11 13.3295 1.07, 8.73 6.8305 4.46, 
      9.05 6.8305 4.46, 8.73 11.0895 4.27, 
      -6.19 13.8095 -0.882, 9.05 11.0895 4.27, 
      3.97 14.3 -1.658, -6.51 13.8095 -0.882, 
      9.05 8.5545 -1.47, 8.73 14.25 -1.658, 
      -6.19 7.0405 -2.42, -6.19 14.25 -3, 
      3.65 14.3 -1.658, -6.51 11.9105 4.46, 
      8.73 8.5545 -1.47, -6.51 7.0405 -2.42, 
      -6.51 14.25 -3, -6.19 11.9105 4.46, 
      -1.43 11.3745 7.84, 1.11 13.3295 1.07, 
      -1.11 11.3745 7.84, 1.43 13.3295 1.07, 
      -8.73 13.8095 -0.882, 6.51 14.25 -1.658, 
      1.43 14.3 -1.658, -9.05 13.8095 -0.882, 
      6.51 8.5545 -1.47, 6.19 14.25 -1.658, 
      -8.73 7.0405 -2.42, -8.73 14.25 -3, 
      1.11 14.3 -1.658, -3.97 11.9105 4.46, 
      6.19 8.5545 -1.47, -9.05 7.0405 -2.42, 
      -3.65 11.9105 4.46, 1.11 11.3745 7.84, 
      3.65 13.3295 1.07, 1.43 11.3745 7.84, 
      3.97 13.3295 1.07, 3.97 14.25 -1.658, 
      -1.11 14.3 -1.658, -9.05 14.25 0.882, 
      3.97 8.5545 -1.47, 3.65 14.25 -1.658, 
      -1.43 14.3 -1.658, -8.73 14.25 0.882, 
      -1.43 11.9105 4.46, 3.65 8.5545 -1.47, 
      -1.11 11.9105 4.46, -9.05 6.0145 4.274, 
      3.65 11.3745 7.84, 6.19 13.3295 1.07, 
      -8.73 6.0145 4.274, 3.97 11.3745 7.84, 
      6.51 13.3295 1.07, 1.43 14.25 -1.658, 
      -3.65 14.3 -1.658, -6.51 14.25 0.882, 
      1.43 8.5545 -1.47, 1.11 14.25 -1.658, 
      -3.97 14.3 -1.658, -6.19 14.25 0.882, 
      1.11 11.9105 4.46, 1.11 8.5545 -1.47, 
      1.43 11.9105 4.46, -6.51 6.0145 4.274, 
      6.19 11.3745 7.84, 8.73 13.3295 1.07, 
      -6.19 6.0145 4.274, 6.51 11.3745 7.84, 
      9.05 13.3295 1.07, -9.05 8.7505 4.46, 
      -8.73 8.7505 4.46, -9.05 14.25 3.422, 
      -1.11 14.25 -1.658, -9.05 14.3 0.882, 
      -6.19 14.3 -1.658, -3.97 14.25 0.882, 
      -8.73 14.25 3.422, -1.11 8.5545 -1.47, 
      -1.43 14.25 -1.658, -8.73 14.3 0.882, 
      -6.51 14.3 -1.658, -3.65 14.25 0.882, 
      3.65 11.9105 4.46, -1.43 8.5545 -1.47, 
      3.97 11.9105 4.46, -3.97 6.0145 4.274, 
      8.73 11.3745 7.84, -3.65 6.0145 4.274, 
      9.05 11.3745 7.84, -6.51 8.7505 4.46, 
      9.05 14.3 -3.38006, -6.19 8.7505 4.46, 
      -6.51 14.25 3.422, -3.65 14.25 -1.658, 
      -6.51 14.3 0.882, -8.73 14.3 -1.658, 
      -1.43 14.25 0.882, -6.19 14.25 3.422, 
      -3.65 8.5545 -1.47, -3.97 14.25 -1.658, 
      -6.19 14.3 0.882, -9.05 14.3 -1.658, 
      -1.11 14.25 0.882, 6.19 11.9105 4.46, 
      -3.97 8.5545 -1.47, 6.51 11.9105 4.46, 
      -1.43 6.0145 4.274, 8.73 14.25 -3.37968, 
      -1.11 6.0145 4.274, 9.05 13.3295 -1.47, 
      8.73 13.3295 -1.47, -3.97 8.7505 4.46, 
      -9.05 14.3 3.422, -3.65 8.7505 4.46, 
      -3.97 14.25 3.422, -6.19 14.25 -1.658, 
      -3.97 14.3 0.882, -8.73 14.3 3.422, 
      1.11 14.25 0.882, -3.65 14.25 3.422, 
      -6.19 8.5545 -1.47, -6.51 14.25 -1.658, 
      -3.65 14.3 0.882, 1.43 14.25 0.882, 
      8.73 11.9105 4.46, -6.51 8.5545 -1.47, 
      9.05 11.9105 4.46, 6.51 14.25 -3.37968, 
      1.11 6.0145 4.274, 6.19 14.25 -3.37968, 
      1.43 6.0145 4.274, 6.51 13.3295 -1.47, 
      6.19 13.3295 -1.47, -1.43 8.7505 4.46, 
      -6.51 14.3 3.422, -1.11 8.7505 4.46, 
      -1.43 14.25 3.422, -8.73 14.25 -1.658, 
      -1.43 14.3 0.882, -6.19 14.3 3.422, 
      3.65 14.25 0.882, -1.11 14.25 3.422, 
      -8.73 8.5545 -1.47, -9.05 14.25 -1.658, 
      -1.11 14.3 0.882, 3.97 14.25 0.882, 
      -9.05 8.5545 -1.47, 3.97 14.25 -3.37968, 
      3.65 6.0145 4.274, 3.65 14.25 -3.37968, 
      3.97 6.0145 4.274, 9.05 13.3295 -4.01, 
      3.97 13.3295 -1.47, 8.73 13.3295 -4.01, 
      3.65 13.3295 -1.47, 1.11 8.7505 4.46, 
      -3.97 14.3 3.422, 1.43 8.7505 4.46, 
      1.11 14.25 3.422, 1.11 14.3 0.882, 
      -3.65 14.3 3.422, 6.19 14.25 0.882, 
      1.43 14.25 3.422, -9.05 13.8095 1.658, 
      1.43 14.3 0.882, 6.51 14.25 0.882, 
      -8.73 13.8095 1.658, 1.43 14.25 -3.37968, 
      6.19 6.0145 4.274, 1.11 14.25 -3.37968, 
      6.51 6.0145 4.274, 6.51 13.3295 -4.01, 
      -9.05 6.7445 7.84, 1.43 13.3295 -1.47, 
      6.19 13.3295 -4.01, -8.73 6.7445 7.84, 
      1.11 13.3295 -1.47, 3.65 8.7505 4.46, 
      -1.43 14.3 3.422, 3.97 8.7505 4.46, 
      3.65 14.25 3.422, 3.65 14.3 0.882, 
      -1.11 14.3 3.422, 8.73 14.25 0.882, 
      3.97 14.25 3.422, -6.51 13.8095 1.658, 
      3.97 14.3 0.882, -6.19 13.8095 1.658, 
      -1.11 14.25 -3.37968, 8.73 6.0145 4.274, 
      -1.43 14.25 -3.37968, 9.05 6.0145 4.274, 
      3.97 13.3295 -4.01, -6.51 6.7445 7.84, 
      -1.11 13.3295 -1.47, 3.65 13.3295 -4.01, 
      -6.19 6.7445 7.84, -1.43 13.3295 -1.47, 
      6.19 8.7505 4.46, 1.11 14.3 3.422, 
      6.51 8.7505 4.46, 6.19 14.25 3.422, 
      6.19 14.3 0.882, 1.43 14.3 3.422, 
      6.51 14.25 3.422, -3.97 13.8095 1.658, 
      6.51 14.3 0.882, -3.65 13.8095 1.658, 
      -3.65 14.25 -3.37968, -3.97 14.25 -3.37968, 
      1.43 13.3295 -4.01, -3.97 6.7445 7.84, 
      -3.65 13.3295 -1.47, 1.11 13.3295 -4.01, 
      -3.65 6.7445 7.84, -3.97 13.3295 -1.47, 
      8.73 8.7505 4.46, 3.65 14.3 3.422, 
      9.05 8.7505 4.46, 8.73 14.25 3.422, 
      8.73 14.3 0.882, 3.97 14.3 3.422, 
      -1.43 13.8095 1.658, 9.05 14.3 0.882, 
      -1.11 13.8095 1.658, -6.19 14.25 -3.37968, 
      -6.51 14.25 -3.37968, -1.11 13.3295 -4.01, 
      -1.43 6.7445 7.84, -6.19 13.3295 -1.47, 
      -1.43 13.3295 -4.01, -1.11 6.7445 7.84, 
      -6.51 13.3295 -1.47, 6.19 14.3 3.422, 
      -9.05 14.3 -3.38006, 6.51 14.3 3.422, 
      1.11 13.8095 1.658, 1.43 13.8095 1.658, 
      -8.73 14.25 -3.37968, -9.05 14.25 -3.37968, 
      -3.65 13.3295 -4.01, 1.11 6.7445 7.84, 
      -8.73 13.3295 -1.47, -3.97 13.3295 -4.01, 
      1.43 6.7445 7.84, -9.05 13.3295 -1.47, 
      8.73 14.3 3.422, 9.05 14.3 3.422, 
      3.65 13.8095 1.658, 3.97 13.8095 1.658, 
      -6.19 13.3295 -4.01, 3.65 6.7445 7.84, 
      -6.51 13.3295 -4.01, 3.97 6.7445 7.84, 
      9.05 13.3295 -3.37261, 8.73 13.3295 -3.37261, 
      6.19 13.8095 1.658, 6.51 13.8095 1.658, 
      -8.73 13.3295 -4.01, 6.19 6.7445 7.84, 
      -9.05 13.3295 -4.01, 6.51 6.7445 7.84, 
      6.51 13.3295 -3.37261, 6.19 13.3295 -3.37261, 
      -9.05 11.8245 7.84, 8.73 13.8095 1.658, 
      -8.73 11.8245 7.84, 9.05 13.8095 1.658, 
      8.73 6.7445 7.84, 9.05 6.7445 7.84, 
      3.97 13.3295 -3.37261, 3.65 13.3295 -3.37261, 
      -6.51 11.8245 7.84, -6.19 11.8245 7.84, 
      1.43 13.3295 -3.37261, 1.11 13.3295 -3.37261, 
      -3.97 11.8245 7.84, -3.65 11.8245 7.84, 
      9.05 13.8095 -1.658, 8.73 13.8095 -1.658, 
      -1.11 13.3295 -3.37261, -1.43 13.3295 -3.37261, 
      -1.43 11.8245 7.84, -1.11 11.8245 7.84, 
      6.51 13.8095 -1.658, 6.19 13.8095 -1.658, 
      -3.65 13.3295 -3.37261, -3.97 13.3295 -3.37261, 
      1.11 11.8245 7.84, 1.43 11.8245 7.84, 
      3.97 13.8095 -1.658, -9.05 12.2485 0.12, 
      3.65 13.8095 -1.658, -8.73 12.2485 0.12, 
      -6.19 13.3295 -3.37261, -6.51 13.3295 -3.37261, 
      3.65 11.8245 7.84, 3.97 11.8245 7.84, 
      1.43 13.8095 -1.658, -6.51 12.2485 0.12, 
      1.11 13.8095 -1.658, -6.19 12.2485 0.12, 
      -8.73 13.3295 -3.37261, -9.05 13.3295 -3.37261, 
      6.19 11.8245 7.84, 6.51 11.8245 7.84, 
      -1.11 13.8095 -1.658, -3.97 12.2485 0.12, 
      -1.43 13.8095 -1.658, -3.65 12.2485 0.12, 
      8.73 11.8245 7.84, 9.05 11.8245 7.84, 
      -3.65 13.8095 -1.658, -1.43 12.2485 0.12, 
      -3.97 13.8095 -1.658, -1.11 12.2485 0.12, 
      -9.05 9.5805 4.26, -8.73 9.5805 4.26, 
      -6.19 13.8095 -1.658, 1.11 12.2485 0.12, 
      -6.51 13.8095 -1.658, 1.43 12.2485 0.12, 
      -6.51 9.5805 4.26, -6.19 9.5805 4.26, 
      -8.73 13.8095 -1.658, 3.65 12.2485 0.12, 
      -9.05 13.8095 -1.658, 3.97 12.2485 0.12, 
      -3.97 9.5805 4.26, -3.65 9.5805 4.26, 
      6.19 12.2485 0.12, -9.05 14.25 1.658, 
      6.51 12.2485 0.12, -9.05 13.1095 2.931, 
      -8.73 14.25 1.658, -8.73 13.1095 2.931, 
      -1.43 9.5805 4.26, -1.11 9.5805 4.26, 
      -9.05 8.8345 7.84, 8.73 12.2485 0.12, 
      -6.51 14.25 1.658, -8.73 8.8345 7.84, 
      9.05 12.2485 0.12, -6.51 13.1095 2.931, 
      -6.19 14.25 1.658, -6.19 13.1095 2.931, 
      1.11 9.5805 4.26, 1.43 9.5805 4.26, 
      -6.51 8.8345 7.84, -9.05 14.3 1.658, 
      -3.97 14.25 1.658, -6.19 8.8345 7.84, 
      -8.73 14.3 1.658, -3.97 13.1095 2.931, 
      -3.65 14.25 1.658, -3.65 13.1095 2.931, 
      3.65 9.5805 4.26, -9.05 9.3705 4.46, 
      3.97 9.5805 4.26, -8.73 9.3705 4.46, 
      -3.97 8.8345 7.84, -6.51 14.3 1.658, 
      -1.43 14.25 1.658, -3.65 8.8345 7.84, 
      -6.19 14.3 1.658, -1.43 13.1095 2.931, 
      -1.11 14.25 1.658, -1.11 13.1095 2.931, 
      6.19 9.5805 4.26, -6.51 9.3705 4.46, 
      6.51 9.5805 4.26, -6.19 9.3705 4.46, 
      -1.43 8.8345 7.84, -3.97 14.3 1.658, 
      1.11 14.25 1.658, -1.11 8.8345 7.84, 
      -3.65 14.3 1.658, 1.11 13.1095 2.931, 
      1.43 14.25 1.658, 1.43 13.1095 2.931, 
      8.73 9.5805 4.26, -3.97 9.3705 4.46, 
      9.05 9.5805 4.26, -3.65 9.3705 4.46, 
      1.11 8.8345 7.84, -1.43 14.3 1.658, 
      3.65 14.25 1.658, 1.43 8.8345 7.84, 
      -1.11 14.3 1.658, 3.65 13.1095 2.931, 
      3.97 14.25 1.658, 3.97 13.1095 2.931, 
      -1.43 9.3705 4.46, -1.11 9.3705 4.46, 
      3.65 8.8345 7.84, 1.11 14.3 1.658, 
      6.19 14.25 1.658, 3.97 8.8345 7.84, 
      1.43 14.3 1.658, 6.19 13.1095 2.931, 
      6.51 14.25 1.658, 6.51 13.1095 2.931, 
      1.11 9.3705 4.46, 1.43 9.3705 4.46, 
      6.19 8.8345 7.84, 3.65 14.3 1.658, 
      8.73 14.25 1.658, 6.51 8.8345 7.84, 
      3.97 14.3 1.658, 8.73 13.1095 2.931, 
      9.05 13.1095 2.931, -9.05 6.2105 4.46, 
      -8.73 6.2105 4.46, 3.65 9.3705 4.46, 
      3.97 9.3705 4.46, 8.73 8.8345 7.84, 
      6.19 14.3 1.658, 9.05 8.8345 7.84, 
      6.51 14.3 1.658, -6.51 6.2105 4.46, 
      -6.19 6.2105 4.46, 6.19 9.3705 4.46, 
      6.51 9.3705 4.46, 8.73 14.3 1.658, 
      9.05 14.3 1.658, -3.97 6.2105 4.46, 
      -3.65 6.2105 4.46, 8.73 9.3705 4.46, 
      9.05 9.3705 4.46, -1.43 6.2105 4.46
    ]
  }

  Normal
  {
    vector
    [
      1.0000 0.0000 -0.0000,-1.0000 0.0000 0.0000,
      0.0000 -0.0000 -1.0000,0.0000 0.0000 1.0000,
      0.0000 -0.0077 -1.0000,0.0000 0.9997 0.0254,
      0.0000 -0.6601 0.7512,0.0000 0.6909 0.7230,
      0.0000 1.0000 0.0000,0.0000 -1.0000 0.0000,
      0.0000 -0.5743 0.8187,0.0000 0.6897 0.7241,
      0.0000 -0.6884 0.7254,0.0000 -0.9997 0.0248,
      0.0000 -0.6869 0.7267
    ]
  }

    Node_Info
    {
      fields [SFString node_type, SFString node_name]
      node_type "Poly_Surface"
      node_name ""
    }
    NormalBinding { value PER_VERTEX_INDEXED }
    Separator
    {
      MatrixTransform
      {
      matrix 1.0000 0.0000 0.0000 0.0000
             0.0000 0.0000 1.0000 0.0000
             0.0000 -1.0000 0.0000 0.0000
             -0.1800 0.0000 0.0000 1.0000
      }
      IndexedFaceSet
      {
      coordIndex
      [
        614, 308, 311, -1,
        614, 311, 615, -1,
        167, 761, 763, -1,
        167, 763, 171, -1,
        656, 432, 434, -1,
        656, 434, 657, -1,
        605, 290, 293, -1,
        605, 293, 607, -1,
        156, 750, 753, -1,
        156, 753, 159, -1,
        650, 410, 413, -1,
        650, 413, 651, -1,
        597, 274, 277, -1,
        597, 277, 599, -1,
        146, 740, 743, -1,
        146, 743, 149, -1,
        642, 394, 397, -1,
        642, 397, 643, -1,
        587, 260, 263, -1,
        587, 263, 590, -1,
        139, 730, 733, -1,
        139, 733, 142, -1,
        634, 379, 381, -1,
        634, 381, 635, -1,
        574, 245, 248, -1,
        574, 248, 577, -1,
        131, 718, 721, -1,
        131, 721, 134, -1,
        628, 362, 364, -1,
        628, 364, 629, -1,
        557, 233, 235, -1,
        557, 235, 560, -1,
        121, 706, 709, -1,
        121, 709, 124, -1,
        623, 622, 341, -1,
        623, 341, 343, -1,
        539, 222, 223, -1,
        539, 223, 542, -1,
        109, 694, 697, -1,
        109, 697, 112, -1,
        618, 322, 324, -1,
        618, 324, 619, -1,
        518, 212, 213, -1,
        518, 213, 521, -1,
        91, 684, 687, -1,
        91, 687, 94, -1,
        610, 302, 304, -1,
        610, 304, 612, -1,
        487, 712, 734, -1,
        487, 734, 528, -1,
        418, 316, 282, -1,
        418, 282, 384, -1,
        448, 108, 75, -1,
        448, 75, 490, -1,
        315, 210, 273, -1,
        315, 273, 248, -1,
        315, 248, 0, -1,
        315, 0, 454, -1,
        315, 454, 54, -1,
        315, 54, 573, -1,
        315, 573, 168, -1,
        129, 683, 739, -1,
        129, 739, 721, -1,
        129, 721, 481, -1,
        129, 481, 46, -1,
        129, 46, 423, -1,
        129, 423, 540, -1,
        129, 540, 661, -1,
        186, 57, 392, -1,
        186, 392, 364, -1,
        186, 364, 67, -1,
        186, 67, 278, -1,
        186, 278, 344, -1,
        186, 344, 713, -1,
        344, 661, 540, -1,
        344, 540, 652, -1,
        344, 652, 310, -1,
        344, 310, 183, -1,
        344, 183, 570, -1,
        344, 570, 200, -1,
        344, 200, 713, -1,
        200, 570, 712, -1,
        200, 712, 487, -1,
        183, 310, 108, -1,
        183, 108, 448, -1,
        168, 626, 540, -1,
        540, 626, 534, -1,
        540, 534, 652, -1,
        652, 534, 316, -1,
        652, 316, 418, -1,
        248, 273, 577, -1,
        168, 573, 626, -1,
        344, 278, 39, -1,
        364, 392, 629, -1,
        721, 739, 134, -1,
        443, 690, 710, -1,
        443, 710, 485, -1,
        318, 420, 461, -1,
        318, 461, 355, -1,
        110, 446, 405, -1,
        110, 405, 130, -1,
        354, 192, 244, -1,
        354, 244, 223, -1,
        354, 223, 766, -1,
        354, 766, 412, -1,
        354, 412, 83, -1,
        354, 83, 596, -1,
        354, 596, 187, -1,
        166, 30, 361, -1,
        166, 361, 324, -1,
        166, 324, 40, -1,
        166, 40, 249, -1,
        166, 249, 305, -1,
        166, 305, 691, -1,
        575, 187, 640, -1,
        575, 640, 571, -1,
        575, 571, 664, -1,
        575, 664, 305, -1,
        575, 305, 647, -1,
        575, 647, 102, -1,
        575, 102, 466, -1,
        697, 437, 102, -1,
        697, 102, 717, -1,
        697, 717, 112, -1,
        20, 466, 102, -1,
        20, 102, 437, -1,
        348, 161, 305, -1,
        305, 161, 533, -1,
        305, 533, 180, -1,
        180, 533, 690, -1,
        180, 690, 443, -1,
        161, 348, 130, -1,
        161, 130, 405, -1,
        664, 571, 355, -1,
        664, 355, 461, -1,
        669, 717, 102, -1,
        223, 244, 542, -1,
        187, 596, 640, -1,
        305, 249, 12, -1,
        324, 361, 619, -1,
        691, 305, 180, -1,
        348, 305, 664, -1,
        373, 584, 572, -1,
        373, 572, 360, -1,
        422, 680, 698, -1,
        422, 698, 463, -1,
        483, 373, 336, -1,
        483, 336, 441, -1,
        389, 138, 122, -1,
        389, 122, 425, -1,
        585, 489, 447, -1,
        585, 447, 580, -1,
        677, 417, 458, -1,
        677, 458, 695, -1,
        141, 385, 419, -1,
        141, 419, 125, -1,
        509, 677, 698, -1,
        509, 698, 680, -1,
        509, 680, 512, -1,
        698, 677, 695, -1,
        463, 698, 695, -1,
        463, 695, 458, -1,
        419, 385, 151, -1,
        419, 151, 389, -1,
        419, 389, 425, -1,
        151, 385, 148, -1,
        458, 417, 170, -1,
        458, 170, 422, -1,
        458, 422, 463, -1,
        170, 417, 165, -1,
        125, 419, 425, -1,
        125, 425, 122, -1,
        447, 489, 670, -1,
        447, 670, 483, -1,
        447, 483, 441, -1,
        670, 489, 672, -1,
        369, 141, 122, -1,
        369, 122, 138, -1,
        369, 138, 366, -1,
        122, 141, 125, -1,
        686, 438, 480, -1,
        686, 480, 707, -1,
        426, 321, 360, -1,
        426, 360, 467, -1,
        440, 113, 133, -1,
        440, 133, 401, -1,
        531, 686, 710, -1,
        531, 710, 690, -1,
        531, 690, 533, -1,
        710, 686, 707, -1,
        485, 710, 707, -1,
        485, 707, 480, -1,
        440, 401, 161, -1,
        440, 161, 405, -1,
        440, 405, 446, -1,
        161, 401, 158, -1,
        480, 438, 180, -1,
        480, 180, 443, -1,
        480, 443, 485, -1,
        180, 438, 176, -1,
        113, 440, 446, -1,
        113, 446, 110, -1,
        426, 467, 664, -1,
        426, 664, 461, -1,
        426, 461, 420, -1,
        664, 467, 666, -1,
        351, 133, 110, -1,
        351, 110, 130, -1,
        351, 130, 348, -1,
        110, 133, 113, -1,
        336, 373, 360, -1,
        336, 360, 321, -1,
        372, 182, 232, -1,
        372, 232, 213, -1,
        372, 213, 758, -1,
        372, 758, 396, -1,
        372, 396, 101, -1,
        372, 101, 604, -1,
        372, 604, 197, -1,
        155, 16, 340, -1,
        155, 340, 304, -1,
        155, 304, 26, -1,
        155, 26, 236, -1,
        155, 236, 287, -1,
        155, 287, 681, -1,
        588, 197, 648, -1,
        588, 648, 584, -1,
        588, 584, 670, -1,
        588, 670, 287, -1,
        588, 287, 639, -1,
        588, 639, 84, -1,
        588, 84, 488, -1,
        687, 416, 84, -1,
        687, 84, 705, -1,
        687, 705, 94, -1,
        10, 488, 84, -1,
        10, 84, 416, -1,
        366, 151, 287, -1,
        287, 151, 512, -1,
        287, 512, 170, -1,
        170, 512, 680, -1,
        170, 680, 422, -1,
        151, 366, 138, -1,
        151, 138, 389, -1,
        670, 584, 373, -1,
        670, 373, 483, -1,
        663, 705, 84, -1,
        213, 232, 521, -1,
        197, 604, 648, -1,
        287, 236, 4, -1,
        304, 340, 612, -1,
        681, 287, 170, -1,
        366, 287, 670, -1,
        591, 492, 81, -1,
        591, 81, 637, -1,
        591, 637, 286, -1,
        591, 286, 165, -1,
        591, 165, 649, -1,
        591, 649, 201, -1,
        81, 492, 415, -1,
        81, 415, 684, -1,
        81, 684, 703, -1,
        81, 703, 662, -1,
        489, 585, 672, -1,
        672, 585, 649, -1,
        672, 649, 369, -1,
        369, 649, 148, -1,
        369, 148, 385, -1,
        509, 148, 649, -1,
        509, 649, 165, -1,
        509, 165, 417, -1,
        509, 417, 677, -1,
        234, 24, 3, -1,
        3, 24, 154, -1,
        3, 154, 286, -1,
        286, 154, 679, -1,
        286, 679, 165, -1,
        154, 24, 302, -1,
        154, 302, 337, -1,
        154, 337, 15, -1,
        393, 757, 103, -1,
        103, 757, 377, -1,
        103, 377, 606, -1,
        606, 377, 201, -1,
        606, 201, 649, -1,
        377, 757, 212, -1,
        377, 212, 229, -1,
        377, 229, 178, -1,
        229, 212, 518, -1,
        369, 385, 141, -1,
        337, 302, 610, -1,
        415, 492, 8, -1,
        703, 684, 91, -1,
        681, 679, 154, -1,
        681, 154, 155, -1,
        4, 3, 286, -1,
        4, 286, 287, -1,
        663, 84, 81, -1,
        663, 81, 662, -1,
        182, 372, 377, -1,
        182, 377, 178, -1,
        488, 10, 8, -1,
        488, 8, 492, -1,
        512, 151, 148, -1,
        512, 148, 509, -1,
        4, 236, 234, -1,
        4, 234, 3, -1,
        639, 637, 81, -1,
        639, 81, 84, -1,
        492, 591, 588, -1,
        492, 588, 488, -1,
        287, 286, 637, -1,
        287, 637, 639, -1,
        170, 165, 679, -1,
        170, 679, 681, -1,
        236, 26, 24, -1,
        236, 24, 234, -1,
        155, 154, 15, -1,
        155, 15, 16, -1,
        16, 15, 337, -1,
        16, 337, 340, -1,
        705, 663, 662, -1,
        705, 662, 703, -1,
        10, 416, 415, -1,
        10, 415, 8, -1,
        396, 758, 757, -1,
        396, 757, 393, -1,
        232, 182, 178, -1,
        232, 178, 229, -1,
        416, 687, 684, -1,
        416, 684, 415, -1,
        304, 302, 24, -1,
        304, 24, 26, -1,
        340, 337, 610, -1,
        340, 610, 612, -1,
        705, 703, 91, -1,
        705, 91, 94, -1,
        758, 213, 212, -1,
        758, 212, 757, -1,
        232, 229, 518, -1,
        232, 518, 521, -1,
        393, 103, 101, -1,
        393, 101, 396, -1,
        604, 606, 649, -1,
        604, 649, 648, -1,
        101, 103, 606, -1,
        101, 606, 604, -1,
        591, 201, 197, -1,
        591, 197, 588, -1,
        197, 201, 377, -1,
        197, 377, 372, -1,
        672, 369, 366, -1,
        672, 366, 670, -1,
        578, 471, 99, -1,
        578, 99, 645, -1,
        578, 645, 303, -1,
        578, 303, 176, -1,
        578, 176, 641, -1,
        578, 641, 191, -1,
        99, 471, 435, -1,
        99, 435, 694, -1,
        99, 694, 715, -1,
        99, 715, 668, -1,
        666, 467, 360, -1,
        666, 360, 572, -1,
        666, 572, 641, -1,
        666, 641, 351, -1,
        176, 531, 641, -1,
        641, 531, 158, -1,
        641, 158, 351, -1,
        351, 158, 401, -1,
        351, 401, 133, -1,
        246, 38, 11, -1,
        11, 38, 164, -1,
        11, 164, 303, -1,
        303, 164, 689, -1,
        303, 689, 176, -1,
        164, 38, 322, -1,
        164, 322, 357, -1,
        164, 357, 29, -1,
        531, 176, 438, -1,
        531, 438, 686, -1,
        409, 765, 85, -1,
        85, 765, 359, -1,
        85, 359, 598, -1,
        598, 359, 191, -1,
        598, 191, 641, -1,
        359, 765, 222, -1,
        359, 222, 241, -1,
        359, 241, 188, -1,
        241, 222, 539, -1,
        357, 322, 618, -1,
        435, 471, 18, -1,
        715, 694, 109, -1,
        691, 689, 164, -1,
        691, 164, 166, -1,
        12, 11, 303, -1,
        12, 303, 305, -1,
        669, 102, 99, -1,
        669, 99, 668, -1,
        192, 354, 359, -1,
        192, 359, 188, -1,
        466, 20, 18, -1,
        466, 18, 471, -1,
        533, 161, 158, -1,
        533, 158, 531, -1,
        12, 249, 246, -1,
        12, 246, 11, -1,
        647, 645, 99, -1,
        647, 99, 102, -1,
        471, 578, 575, -1,
        471, 575, 466, -1,
        305, 303, 645, -1,
        305, 645, 647, -1,
        180, 176, 689, -1,
        180, 689, 691, -1,
        249, 40, 38, -1,
        249, 38, 246, -1,
        166, 164, 29, -1,
        166, 29, 30, -1,
        30, 29, 357, -1,
        30, 357, 361, -1,
        717, 669, 668, -1,
        717, 668, 715, -1,
        20, 437, 435, -1,
        20, 435, 18, -1,
        412, 766, 765, -1,
        412, 765, 409, -1,
        244, 192, 188, -1,
        244, 188, 241, -1,
        437, 697, 694, -1,
        437, 694, 435, -1,
        324, 322, 38, -1,
        324, 38, 40, -1,
        361, 357, 618, -1,
        361, 618, 619, -1,
        717, 715, 109, -1,
        717, 109, 112, -1,
        766, 223, 222, -1,
        766, 222, 765, -1,
        244, 241, 539, -1,
        244, 539, 542, -1,
        409, 85, 83, -1,
        409, 83, 412, -1,
        596, 598, 641, -1,
        596, 641, 640, -1,
        83, 85, 598, -1,
        83, 598, 596, -1,
        578, 191, 187, -1,
        578, 187, 575, -1,
        187, 191, 359, -1,
        187, 359, 354, -1,
        666, 351, 348, -1,
        666, 348, 664, -1,
        465, 700, 722, -1,
        465, 722, 506, -1,
        298, 400, 439, -1,
        298, 439, 334, -1,
        92, 468, 427, -1,
        92, 427, 120, -1,
        333, 202, 259, -1,
        333, 259, 235, -1,
        333, 235, 772, -1,
        333, 772, 433, -1,
        333, 433, 68, -1,
        333, 68, 586, -1,
        333, 586, 177, -1,
        117, 675, 729, -1,
        117, 729, 709, -1,
        117, 709, 459, -1,
        117, 459, 34, -1,
        117, 34, 444, -1,
        117, 444, 558, -1,
        117, 558, 655, -1,
        175, 44, 378, -1,
        175, 378, 343, -1,
        175, 343, 53, -1,
        175, 53, 264, -1,
        175, 264, 325, -1,
        175, 325, 701, -1,
        325, 655, 558, -1,
        325, 558, 658, -1,
        325, 658, 329, -1,
        325, 329, 173, -1,
        325, 173, 553, -1,
        325, 553, 190, -1,
        325, 190, 701, -1,
        190, 553, 700, -1,
        190, 700, 465, -1,
        173, 329, 120, -1,
        173, 120, 427, -1,
        177, 632, 558, -1,
        558, 632, 554, -1,
        558, 554, 658, -1,
        658, 554, 334, -1,
        658, 334, 439, -1,
        235, 259, 560, -1,
        177, 586, 632, -1,
        325, 264, 25, -1,
        343, 378, 623, -1,
        709, 729, 124, -1,
        355, 571, 555, -1,
        355, 555, 339, -1,
        696, 460, 502, -1,
        696, 502, 719, -1,
        404, 301, 339, -1,
        404, 339, 445, -1,
        462, 95, 123, -1,
        462, 123, 421, -1,
        551, 696, 722, -1,
        551, 722, 700, -1,
        551, 700, 553, -1,
        722, 696, 719, -1,
        506, 722, 719, -1,
        506, 719, 502, -1,
        462, 421, 173, -1,
        462, 173, 427, -1,
        462, 427, 468, -1,
        173, 421, 169, -1,
        502, 460, 190, -1,
        502, 190, 465, -1,
        502, 465, 506, -1,
        190, 460, 185, -1,
        468, 92, 95, -1,
        468, 95, 462, -1,
        404, 445, 658, -1,
        404, 658, 439, -1,
        404, 439, 400, -1,
        658, 445, 660, -1,
        332, 123, 92, -1,
        332, 92, 120, -1,
        332, 120, 329, -1,
        92, 123, 95, -1,
        301, 318, 355, -1,
        301, 355, 339, -1,
        561, 450, 115, -1,
        561, 115, 653, -1,
        561, 653, 323, -1,
        561, 323, 185, -1,
        561, 185, 633, -1,
        561, 633, 181, -1,
        115, 450, 457, -1,
        115, 457, 706, -1,
        115, 706, 727, -1,
        115, 727, 674, -1,
        660, 445, 339, -1,
        660, 339, 555, -1,
        660, 555, 633, -1,
        660, 633, 332, -1,
        185, 551, 633, -1,
        633, 551, 169, -1,
        633, 169, 332, -1,
        332, 169, 421, -1,
        332, 421, 123, -1,
        261, 51, 23, -1,
        23, 51, 174, -1,
        23, 174, 323, -1,
        323, 174, 699, -1,
        323, 699, 185, -1,
        174, 51, 341, -1,
        174, 341, 375, -1,
        174, 375, 43, -1,
        551, 185, 460, -1,
        551, 460, 696, -1,
        431, 771, 69, -1,
        69, 771, 338, -1,
        69, 338, 589, -1,
        589, 338, 181, -1,
        589, 181, 633, -1,
        338, 771, 233, -1,
        338, 233, 257, -1,
        338, 257, 198, -1,
        257, 233, 557, -1,
        375, 341, 622, -1,
        457, 450, 32, -1,
        727, 706, 121, -1,
        701, 699, 174, -1,
        701, 174, 175, -1,
        25, 23, 323, -1,
        25, 323, 325, -1,
        675, 117, 115, -1,
        675, 115, 674, -1,
        338, 198, 202, -1,
        338, 202, 333, -1,
        444, 34, 32, -1,
        444, 32, 450, -1,
        553, 173, 169, -1,
        553, 169, 551, -1,
        25, 264, 261, -1,
        25, 261, 23, -1,
        655, 653, 115, -1,
        655, 115, 117, -1,
        450, 561, 558, -1,
        450, 558, 444, -1,
        325, 323, 653, -1,
        325, 653, 655, -1,
        190, 185, 699, -1,
        190, 699, 701, -1,
        264, 53, 51, -1,
        264, 51, 261, -1,
        175, 174, 43, -1,
        175, 43, 44, -1,
        44, 43, 375, -1,
        44, 375, 378, -1,
        729, 675, 674, -1,
        729, 674, 727, -1,
        34, 459, 457, -1,
        34, 457, 32, -1,
        771, 431, 433, -1,
        771, 433, 772, -1,
        198, 257, 259, -1,
        198, 259, 202, -1,
        459, 709, 706, -1,
        459, 706, 457, -1,
        343, 341, 51, -1,
        343, 51, 53, -1,
        378, 375, 622, -1,
        378, 622, 623, -1,
        729, 727, 121, -1,
        729, 121, 124, -1,
        772, 235, 233, -1,
        772, 233, 771, -1,
        259, 257, 557, -1,
        259, 557, 560, -1,
        68, 433, 431, -1,
        68, 431, 69, -1,
        586, 589, 633, -1,
        586, 633, 632, -1,
        68, 69, 589, -1,
        68, 589, 586, -1,
        561, 181, 177, -1,
        561, 177, 558, -1,
        177, 181, 338, -1,
        177, 338, 333, -1,
        660, 332, 329, -1,
        660, 329, 658, -1,
        334, 554, 536, -1,
        334, 536, 320, -1,
        708, 482, 524, -1,
        708, 524, 731, -1,
        388, 285, 320, -1,
        388, 320, 424, -1,
        111, 442, 484, -1,
        111, 484, 77, -1,
        568, 708, 734, -1,
        568, 734, 712, -1,
        568, 712, 570, -1,
        734, 708, 731, -1,
        528, 734, 731, -1,
        528, 731, 524, -1,
        484, 442, 183, -1,
        484, 183, 448, -1,
        484, 448, 490, -1,
        183, 442, 179, -1,
        524, 482, 200, -1,
        524, 200, 487, -1,
        524, 487, 528, -1,
        200, 482, 196, -1,
        77, 484, 490, -1,
        77, 490, 75, -1,
        388, 424, 652, -1,
        388, 652, 418, -1,
        388, 418, 384, -1,
        652, 424, 654, -1,
        314, 111, 75, -1,
        314, 75, 108, -1,
        314, 108, 310, -1,
        75, 111, 77, -1,
        298, 334, 320, -1,
        298, 320, 285, -1,
        543, 429, 127, -1,
        543, 127, 659, -1,
        543, 659, 342, -1,
        543, 342, 196, -1,
        543, 196, 627, -1,
        543, 627, 172, -1,
        127, 429, 479, -1,
        127, 479, 718, -1,
        127, 718, 738, -1,
        127, 738, 682, -1,
        654, 424, 320, -1,
        654, 320, 536, -1,
        654, 536, 627, -1,
        654, 627, 314, -1,
        196, 568, 627, -1,
        627, 568, 179, -1,
        627, 179, 314, -1,
        314, 179, 442, -1,
        314, 442, 111, -1,
        275, 65, 37, -1,
        37, 65, 184, -1,
        37, 184, 342, -1,
        342, 184, 711, -1,
        342, 711, 196, -1,
        184, 65, 362, -1,
        184, 362, 390, -1,
        184, 390, 56, -1,
        568, 196, 482, -1,
        568, 482, 708, -1,
        452, 775, 55, -1,
        55, 775, 319, -1,
        55, 319, 576, -1,
        576, 319, 172, -1,
        576, 172, 627, -1,
        319, 775, 245, -1,
        319, 245, 272, -1,
        319, 272, 207, -1,
        272, 245, 574, -1,
        390, 362, 628, -1,
        479, 429, 45, -1,
        738, 718, 131, -1,
        713, 711, 184, -1,
        713, 184, 186, -1,
        39, 37, 342, -1,
        39, 342, 344, -1,
        683, 129, 127, -1,
        683, 127, 682, -1,
        210, 315, 319, -1,
        210, 319, 207, -1,
        423, 46, 45, -1,
        423, 45, 429, -1,
        570, 183, 179, -1,
        570, 179, 568, -1,
        39, 278, 275, -1,
        39, 275, 37, -1,
        661, 659, 127, -1,
        661, 127, 129, -1,
        540, 423, 429, -1,
        540, 429, 543, -1,
        344, 342, 659, -1,
        344, 659, 661, -1,
        200, 196, 711, -1,
        200, 711, 713, -1,
        278, 67, 65, -1,
        278, 65, 275, -1,
        186, 184, 56, -1,
        186, 56, 57, -1,
        57, 56, 390, -1,
        57, 390, 392, -1,
        739, 683, 682, -1,
        739, 682, 738, -1,
        46, 481, 479, -1,
        46, 479, 45, -1,
        454, 0, 775, -1,
        454, 775, 452, -1,
        273, 210, 207, -1,
        273, 207, 272, -1,
        481, 721, 718, -1,
        481, 718, 479, -1,
        364, 362, 65, -1,
        364, 65, 67, -1,
        392, 390, 628, -1,
        392, 628, 629, -1,
        739, 738, 131, -1,
        739, 131, 134, -1,
        0, 248, 245, -1,
        0, 245, 775, -1,
        273, 272, 574, -1,
        273, 574, 577, -1,
        54, 454, 452, -1,
        54, 452, 55, -1,
        573, 576, 627, -1,
        573, 627, 626, -1,
        54, 55, 576, -1,
        54, 576, 573, -1,
        543, 172, 168, -1,
        543, 168, 540, -1,
        168, 172, 319, -1,
        168, 319, 315, -1,
        654, 314, 310, -1,
        654, 310, 652, -1,
        530, 736, 754, -1,
        530, 754, 567, -1,
        252, 350, 383, -1,
        252, 383, 281, -1,
        47, 532, 491, -1,
        47, 491, 74, -1,
        280, 231, 307, -1,
        280, 307, 277, -1,
        280, 277, 9, -1,
        280, 9, 496, -1,
        280, 496, 27, -1,
        280, 27, 538, -1,
        280, 538, 147, -1,
        206, 87, 430, -1,
        206, 430, 397, -1,
        206, 397, 100, -1,
        206, 100, 312, -1,
        206, 312, 382, -1,
        206, 382, 737, -1,
        498, 147, 616, -1,
        498, 616, 493, -1,
        498, 493, 636, -1,
        498, 636, 382, -1,
        498, 382, 673, -1,
        498, 673, 145, -1,
        498, 145, 386, -1,
        743, 525, 145, -1,
        743, 145, 760, -1,
        743, 760, 149, -1,
        73, 386, 145, -1,
        73, 145, 525, -1,
        276, 203, 382, -1,
        382, 203, 595, -1,
        382, 595, 219, -1,
        219, 595, 736, -1,
        219, 736, 530, -1,
        203, 276, 74, -1,
        203, 74, 491, -1,
        636, 493, 281, -1,
        636, 281, 383, -1,
        704, 760, 145, -1,
        277, 307, 599, -1,
        147, 538, 616, -1,
        382, 312, 66, -1,
        397, 430, 643, -1,
        737, 382, 219, -1,
        276, 382, 636, -1,
        508, 724, 744, -1,
        508, 744, 549, -1,
        399, 297, 268, -1,
        399, 268, 368, -1,
        469, 90, 61, -1,
        469, 61, 510, -1,
        296, 220, 289, -1,
        296, 289, 263, -1,
        296, 263, 2, -1,
        296, 2, 476, -1,
        296, 476, 41, -1,
        296, 41, 556, -1,
        296, 556, 157, -1,
        195, 71, 408, -1,
        195, 408, 381, -1,
        195, 381, 82, -1,
        195, 82, 294, -1,
        195, 294, 365, -1,
        195, 365, 725, -1,
        519, 157, 620, -1,
        519, 620, 513, -1,
        519, 513, 644, -1,
        519, 644, 365, -1,
        519, 365, 667, -1,
        519, 667, 137, -1,
        519, 137, 402, -1,
        733, 503, 137, -1,
        733, 137, 749, -1,
        733, 749, 142, -1,
        59, 402, 137, -1,
        59, 137, 503, -1,
        292, 193, 365, -1,
        365, 193, 583, -1,
        365, 583, 209, -1,
        209, 583, 724, -1,
        209, 724, 508, -1,
        193, 292, 90, -1,
        193, 90, 469, -1,
        644, 513, 297, -1,
        644, 297, 399, -1,
        693, 749, 137, -1,
        263, 289, 590, -1,
        157, 556, 620, -1,
        365, 294, 52, -1,
        381, 408, 635, -1,
        725, 365, 209, -1,
        292, 365, 644, -1,
        316, 534, 515, -1,
        316, 515, 300, -1,
        720, 504, 545, -1,
        720, 545, 741, -1,
        300, 403, 374, -1,
        300, 374, 271, -1,
        93, 464, 505, -1,
        93, 505, 63, -1,
        582, 720, 744, -1,
        582, 744, 724, -1,
        582, 724, 583, -1,
        744, 720, 741, -1,
        549, 744, 741, -1,
        549, 741, 545, -1,
        505, 464, 193, -1,
        505, 193, 469, -1,
        505, 469, 510, -1,
        193, 464, 189, -1,
        545, 504, 209, -1,
        545, 209, 508, -1,
        545, 508, 549, -1,
        209, 504, 205, -1,
        63, 505, 510, -1,
        63, 510, 61, -1,
        374, 403, 644, -1,
        374, 644, 399, -1,
        374, 399, 368, -1,
        644, 403, 646, -1,
        295, 93, 61, -1,
        295, 61, 90, -1,
        295, 90, 292, -1,
        61, 93, 63, -1,
        282, 316, 300, -1,
        282, 300, 271, -1,
        522, 407, 136, -1,
        522, 136, 665, -1,
        522, 665, 363, -1,
        522, 363, 205, -1,
        522, 205, 621, -1,
        522, 621, 160, -1,
        136, 407, 501, -1,
        136, 501, 730, -1,
        136, 730, 748, -1,
        136, 748, 692, -1,
        646, 403, 300, -1,
        646, 300, 515, -1,
        646, 515, 621, -1,
        646, 621, 295, -1,
        205, 582, 621, -1,
        621, 582, 189, -1,
        621, 189, 295, -1,
        295, 189, 464, -1,
        295, 464, 93, -1,
        291, 79, 50, -1,
        50, 79, 194, -1,
        50, 194, 363, -1,
        363, 194, 723, -1,
        363, 723, 205, -1,
        194, 79, 379, -1,
        194, 379, 406, -1,
        194, 406, 70, -1,
        582, 205, 504, -1,
        582, 504, 720, -1,
        474, 1, 42, -1,
        42, 1, 299, -1,
        42, 299, 559, -1,
        559, 299, 160, -1,
        559, 160, 621, -1,
        299, 1, 260, -1,
        299, 260, 288, -1,
        299, 288, 217, -1,
        288, 260, 587, -1,
        406, 379, 634, -1,
        501, 407, 58, -1,
        748, 730, 139, -1,
        725, 723, 194, -1,
        725, 194, 195, -1,
        52, 50, 363, -1,
        52, 363, 365, -1,
        693, 137, 136, -1,
        693, 136, 692, -1,
        220, 296, 299, -1,
        220, 299, 217, -1,
        402, 59, 58, -1,
        402, 58, 407, -1,
        583, 193, 189, -1,
        583, 189, 582, -1,
        52, 294, 291, -1,
        52, 291, 50, -1,
        667, 665, 136, -1,
        667, 136, 137, -1,
        407, 522, 519, -1,
        407, 519, 402, -1,
        365, 363, 665, -1,
        365, 665, 667, -1,
        209, 205, 723, -1,
        209, 723, 725, -1,
        294, 82, 79, -1,
        294, 79, 291, -1,
        195, 194, 70, -1,
        195, 70, 71, -1,
        71, 70, 406, -1,
        71, 406, 408, -1,
        749, 693, 692, -1,
        749, 692, 748, -1,
        59, 503, 501, -1,
        59, 501, 58, -1,
        476, 2, 1, -1,
        476, 1, 474, -1,
        289, 220, 217, -1,
        289, 217, 288, -1,
        503, 733, 730, -1,
        503, 730, 501, -1,
        381, 379, 79, -1,
        381, 79, 82, -1,
        408, 406, 634, -1,
        408, 634, 635, -1,
        749, 748, 139, -1,
        749, 139, 142, -1,
        2, 263, 260, -1,
        2, 260, 1, -1,
        289, 288, 587, -1,
        289, 587, 590, -1,
        474, 42, 41, -1,
        474, 41, 476, -1,
        556, 559, 621, -1,
        556, 621, 620, -1,
        41, 42, 559, -1,
        41, 559, 556, -1,
        522, 160, 157, -1,
        522, 157, 519, -1,
        157, 160, 299, -1,
        157, 299, 296, -1,
        646, 295, 292, -1,
        646, 292, 644, -1,
        297, 513, 495, -1,
        297, 495, 284, -1,
        732, 526, 563, -1,
        732, 563, 751, -1,
        356, 255, 284, -1,
        356, 284, 387, -1,
        527, 49, 76, -1,
        527, 76, 486, -1,
        594, 732, 754, -1,
        594, 754, 736, -1,
        594, 736, 595, -1,
        754, 732, 751, -1,
        567, 754, 751, -1,
        567, 751, 563, -1,
        527, 486, 203, -1,
        527, 203, 491, -1,
        527, 491, 532, -1,
        203, 486, 199, -1,
        563, 526, 219, -1,
        563, 219, 530, -1,
        563, 530, 567, -1,
        219, 526, 216, -1,
        49, 527, 532, -1,
        49, 532, 47, -1,
        356, 387, 636, -1,
        356, 636, 383, -1,
        356, 383, 350, -1,
        636, 387, 638, -1,
        279, 76, 47, -1,
        279, 47, 74, -1,
        279, 74, 276, -1,
        47, 76, 49, -1,
        268, 297, 284, -1,
        268, 284, 255, -1,
        500, 391, 144, -1,
        500, 144, 671, -1,
        500, 671, 380, -1,
        500, 380, 216, -1,
        500, 216, 617, -1,
        500, 617, 150, -1,
        144, 391, 523, -1,
        144, 523, 740, -1,
        144, 740, 759, -1,
        144, 759, 702, -1,
        638, 387, 284, -1,
        638, 284, 495, -1,
        638, 495, 617, -1,
        638, 617, 279, -1,
        216, 594, 617, -1,
        617, 594, 199, -1,
        617, 199, 279, -1,
        279, 199, 486, -1,
        279, 486, 76, -1,
        309, 97, 64, -1,
        64, 97, 204, -1,
        64, 204, 380, -1,
        380, 204, 735, -1,
        380, 735, 216, -1,
        204, 97, 394, -1,
        204, 394, 428, -1,
        204, 428, 86, -1,
        594, 216, 526, -1,
        594, 526, 732, -1,
        494, 7, 28, -1,
        28, 7, 283, -1,
        28, 283, 541, -1,
        541, 283, 150, -1,
        541, 150, 617, -1,
        283, 7, 274, -1,
        283, 274, 306, -1,
        283, 306, 228, -1,
        306, 274, 597, -1,
        428, 394, 642, -1,
        523, 391, 72, -1,
        759, 740, 146, -1,
        737, 735, 204, -1,
        737, 204, 206, -1,
        66, 64, 380, -1,
        66, 380, 382, -1,
        704, 145, 144, -1,
        704, 144, 702, -1,
        231, 280, 283, -1,
        231, 283, 228, -1,
        386, 73, 72, -1,
        386, 72, 391, -1,
        595, 203, 199, -1,
        595, 199, 594, -1,
        66, 312, 309, -1,
        66, 309, 64, -1,
        673, 671, 144, -1,
        673, 144, 145, -1,
        391, 500, 498, -1,
        391, 498, 386, -1,
        382, 380, 671, -1,
        382, 671, 673, -1,
        219, 216, 735, -1,
        219, 735, 737, -1,
        312, 100, 97, -1,
        312, 97, 309, -1,
        206, 204, 86, -1,
        206, 86, 87, -1,
        87, 86, 428, -1,
        87, 428, 430, -1,
        760, 704, 702, -1,
        760, 702, 759, -1,
        73, 525, 523, -1,
        73, 523, 72, -1,
        496, 9, 7, -1,
        496, 7, 494, -1,
        307, 231, 228, -1,
        307, 228, 306, -1,
        525, 743, 740, -1,
        525, 740, 523, -1,
        397, 394, 97, -1,
        397, 97, 100, -1,
        430, 428, 642, -1,
        430, 642, 643, -1,
        760, 759, 146, -1,
        760, 146, 149, -1,
        9, 277, 274, -1,
        9, 274, 7, -1,
        307, 306, 597, -1,
        307, 597, 599, -1,
        494, 28, 27, -1,
        494, 27, 496, -1,
        538, 541, 617, -1,
        538, 617, 616, -1,
        27, 28, 541, -1,
        27, 541, 538, -1,
        500, 150, 147, -1,
        500, 147, 498, -1,
        147, 150, 283, -1,
        147, 283, 280, -1,
        638, 279, 276, -1,
        638, 276, 636, -1,
        550, 746, 764, -1,
        550, 764, 581, -1,
        237, 331, 367, -1,
        237, 367, 267, -1,
        35, 552, 511, -1,
        35, 511, 60, -1,
        266, 243, 327, -1,
        266, 327, 293, -1,
        266, 293, 19, -1,
        266, 19, 516, -1,
        266, 516, 13, -1,
        266, 13, 517, -1,
        266, 517, 140, -1,
        153, 716, 768, -1,
        153, 768, 753, -1,
        153, 753, 546, -1,
        153, 546, 89, -1,
        153, 89, 370, -1,
        153, 370, 477, -1,
        153, 477, 678, -1,
        215, 105, 451, -1,
        215, 451, 413, -1,
        215, 413, 116, -1,
        215, 116, 330, -1,
        215, 330, 398, -1,
        215, 398, 747, -1,
        398, 678, 477, -1,
        398, 477, 630, -1,
        398, 630, 262, -1,
        398, 262, 211, -1,
        398, 211, 603, -1,
        398, 603, 230, -1,
        398, 230, 747, -1,
        230, 603, 746, -1,
        230, 746, 550, -1,
        211, 262, 60, -1,
        211, 60, 511, -1,
        140, 608, 477, -1,
        477, 608, 473, -1,
        477, 473, 630, -1,
        630, 473, 267, -1,
        630, 267, 367, -1,
        293, 327, 607, -1,
        140, 517, 608, -1,
        398, 330, 80, -1,
        413, 451, 651, -1,
        753, 768, 159, -1,
        281, 493, 475, -1,
        281, 475, 270, -1,
        742, 547, 579, -1,
        742, 579, 762, -1,
        335, 238, 270, -1,
        335, 270, 371, -1,
        548, 36, 62, -1,
        548, 62, 507, -1,
        602, 742, 764, -1,
        602, 764, 746, -1,
        602, 746, 603, -1,
        764, 742, 762, -1,
        581, 764, 762, -1,
        581, 762, 579, -1,
        548, 507, 211, -1,
        548, 211, 511, -1,
        548, 511, 552, -1,
        211, 507, 208, -1,
        579, 547, 230, -1,
        579, 230, 550, -1,
        579, 550, 581, -1,
        230, 547, 227, -1,
        552, 35, 36, -1,
        552, 36, 548, -1,
        335, 371, 630, -1,
        335, 630, 367, -1,
        335, 367, 331, -1,
        630, 371, 631, -1,
        265, 62, 35, -1,
        265, 35, 60, -1,
        265, 60, 262, -1,
        35, 62, 36, -1,
        252, 281, 270, -1,
        252, 270, 238, -1,
        478, 376, 152, -1,
        478, 152, 676, -1,
        478, 676, 395, -1,
        478, 395, 227, -1,
        478, 227, 609, -1,
        478, 609, 143, -1,
        152, 376, 544, -1,
        152, 544, 750, -1,
        152, 750, 767, -1,
        152, 767, 714, -1,
        631, 371, 270, -1,
        631, 270, 475, -1,
        631, 475, 609, -1,
        631, 609, 265, -1,
        227, 602, 609, -1,
        609, 602, 208, -1,
        609, 208, 265, -1,
        265, 208, 507, -1,
        265, 507, 62, -1,
        328, 114, 78, -1,
        78, 114, 214, -1,
        78, 214, 395, -1,
        395, 214, 745, -1,
        395, 745, 227, -1,
        214, 114, 410, -1,
        214, 410, 449, -1,
        214, 449, 104, -1,
        602, 227, 547, -1,
        602, 547, 742, -1,
        514, 17, 14, -1,
        14, 17, 269, -1,
        14, 269, 520, -1,
        520, 269, 143, -1,
        520, 143, 609, -1,
        269, 17, 290, -1,
        269, 290, 326, -1,
        269, 326, 240, -1,
        326, 290, 605, -1,
        449, 410, 650, -1,
        544, 376, 88, -1,
        767, 750, 156, -1,
        747, 745, 214, -1,
        747, 214, 215, -1,
        80, 78, 395, -1,
        80, 395, 398, -1,
        716, 153, 152, -1,
        716, 152, 714, -1,
        269, 240, 243, -1,
        269, 243, 266, -1,
        370, 89, 88, -1,
        370, 88, 376, -1,
        603, 211, 208, -1,
        603, 208, 602, -1,
        80, 330, 328, -1,
        80, 328, 78, -1,
        678, 676, 152, -1,
        678, 152, 153, -1,
        376, 478, 477, -1,
        376, 477, 370, -1,
        398, 395, 676, -1,
        398, 676, 678, -1,
        230, 227, 745, -1,
        230, 745, 747, -1,
        330, 116, 114, -1,
        330, 114, 328, -1,
        215, 214, 104, -1,
        215, 104, 105, -1,
        105, 104, 449, -1,
        105, 449, 451, -1,
        768, 716, 714, -1,
        768, 714, 767, -1,
        89, 546, 544, -1,
        89, 544, 88, -1,
        516, 19, 17, -1,
        516, 17, 514, -1,
        240, 326, 327, -1,
        240, 327, 243, -1,
        546, 753, 750, -1,
        546, 750, 544, -1,
        413, 410, 114, -1,
        413, 114, 116, -1,
        451, 449, 650, -1,
        451, 650, 651, -1,
        768, 767, 156, -1,
        768, 156, 159, -1,
        19, 293, 290, -1,
        19, 290, 17, -1,
        327, 326, 605, -1,
        327, 605, 607, -1,
        13, 516, 514, -1,
        13, 514, 14, -1,
        517, 520, 609, -1,
        517, 609, 608, -1,
        13, 14, 520, -1,
        13, 520, 517, -1,
        478, 143, 140, -1,
        478, 140, 477, -1,
        140, 143, 269, -1,
        140, 269, 266, -1,
        631, 265, 262, -1,
        631, 262, 630, -1,
        267, 473, 453, -1,
        267, 453, 254, -1,
        752, 565, 592, -1,
        752, 592, 769, -1,
        317, 224, 254, -1,
        317, 254, 353, -1,
        48, 529, 566, -1,
        48, 566, 22, -1,
        770, 613, 611, -1,
        770, 611, 752, -1,
        770, 752, 769, -1,
        593, 770, 769, -1,
        593, 769, 592, -1,
        221, 569, 566, -1,
        221, 566, 529, -1,
        221, 529, 218, -1,
        242, 593, 592, -1,
        242, 592, 565, -1,
        242, 565, 239, -1,
        584, 648, 649, -1,
        584, 649, 585, -1,
        584, 585, 436, -1,
        584, 436, 572, -1,
        571, 640, 641, -1,
        571, 641, 572, -1,
        571, 572, 436, -1,
        571, 436, 555, -1,
        554, 632, 633, -1,
        554, 633, 555, -1,
        554, 555, 436, -1,
        554, 436, 536, -1,
        534, 626, 627, -1,
        534, 627, 536, -1,
        534, 536, 436, -1,
        534, 436, 515, -1,
        513, 620, 621, -1,
        513, 621, 515, -1,
        513, 515, 436, -1,
        513, 436, 495, -1,
        493, 616, 617, -1,
        493, 617, 495, -1,
        493, 495, 436, -1,
        493, 436, 475, -1,
        473, 608, 609, -1,
        473, 609, 475, -1,
        473, 475, 436, -1,
        473, 436, 453, -1,
        601, 453, 436, -1,
        601, 436, 600, -1,
        436, 585, 580, -1,
        317, 313, 224, -1,
        224, 313, 436, -1,
        224, 436, 237, -1,
        237, 436, 238, -1,
        237, 238, 335, -1,
        436, 580, 336, -1,
        436, 336, 321, -1,
        436, 321, 318, -1,
        436, 318, 301, -1,
        436, 301, 298, -1,
        436, 298, 285, -1,
        436, 285, 282, -1,
        436, 282, 271, -1,
        436, 271, 268, -1,
        436, 268, 255, -1,
        436, 255, 252, -1,
        436, 252, 238, -1,
        252, 255, 356, -1,
        252, 356, 350, -1,
        268, 271, 374, -1,
        268, 374, 368, -1,
        282, 285, 388, -1,
        282, 388, 384, -1,
        298, 301, 404, -1,
        298, 404, 400, -1,
        318, 321, 426, -1,
        318, 426, 420, -1,
        336, 580, 447, -1,
        336, 447, 441, -1,
        237, 335, 331, -1,
        22, 566, 569, -1,
        22, 569, 21, -1,
        624, 313, 317, -1,
        624, 317, 353, -1,
        624, 353, 625, -1,
        21, 247, 250, -1,
        21, 250, 48, -1,
        21, 48, 22, -1,
        237, 267, 254, -1,
        237, 254, 224, -1,
        456, 358, 162, -1,
        456, 162, 685, -1,
        456, 685, 411, -1,
        456, 411, 239, -1,
        456, 239, 601, -1,
        456, 601, 135, -1,
        162, 358, 562, -1,
        162, 562, 761, -1,
        162, 761, 773, -1,
        162, 773, 726, -1,
        625, 353, 254, -1,
        625, 254, 453, -1,
        625, 453, 601, -1,
        625, 601, 250, -1,
        239, 611, 601, -1,
        601, 611, 218, -1,
        601, 218, 250, -1,
        250, 218, 529, -1,
        250, 529, 48, -1,
        347, 126, 96, -1,
        96, 126, 225, -1,
        96, 225, 411, -1,
        411, 225, 755, -1,
        411, 755, 239, -1,
        225, 126, 432, -1,
        225, 432, 470, -1,
        225, 470, 118, -1,
        611, 239, 565, -1,
        611, 565, 752, -1,
        535, 31, 6, -1,
        6, 31, 253, -1,
        6, 253, 499, -1,
        499, 253, 135, -1,
        499, 135, 601, -1,
        253, 31, 308, -1,
        253, 308, 345, -1,
        253, 345, 256, -1,
        345, 308, 614, -1,
        470, 432, 656, -1,
        562, 358, 106, -1,
        773, 761, 167, -1,
        251, 258, 346, -1,
        251, 346, 311, -1,
        251, 311, 33, -1,
        251, 33, 537, -1,
        251, 537, 5, -1,
        251, 5, 497, -1,
        251, 497, 132, -1,
        163, 728, 774, -1,
        163, 774, 763, -1,
        163, 763, 564, -1,
        163, 564, 107, -1,
        163, 107, 352, -1,
        163, 352, 455, -1,
        163, 455, 688, -1,
        226, 119, 472, -1,
        226, 472, 434, -1,
        226, 434, 128, -1,
        226, 128, 349, -1,
        226, 349, 414, -1,
        226, 414, 756, -1,
        414, 688, 455, -1,
        414, 455, 624, -1,
        414, 624, 247, -1,
        414, 247, 221, -1,
        414, 221, 613, -1,
        414, 613, 242, -1,
        414, 242, 756, -1,
        242, 613, 770, -1,
        242, 770, 593, -1,
        221, 247, 21, -1,
        221, 21, 569, -1,
        313, 624, 436, -1,
        436, 624, 455, -1,
        436, 455, 600, -1,
        600, 455, 132, -1,
        600, 132, 497, -1,
        311, 346, 615, -1,
        414, 349, 98, -1,
        434, 472, 657, -1,
        763, 774, 171, -1,
        756, 755, 225, -1,
        756, 225, 226, -1,
        98, 96, 411, -1,
        98, 411, 414, -1,
        728, 163, 162, -1,
        728, 162, 726, -1,
        258, 251, 253, -1,
        258, 253, 256, -1,
        352, 107, 106, -1,
        352, 106, 358, -1,
        613, 221, 218, -1,
        613, 218, 611, -1,
        98, 349, 347, -1,
        98, 347, 96, -1,
        688, 685, 162, -1,
        688, 162, 163, -1,
        455, 352, 358, -1,
        455, 358, 456, -1,
        414, 411, 685, -1,
        414, 685, 688, -1,
        242, 239, 755, -1,
        242, 755, 756, -1,
        349, 128, 126, -1,
        349, 126, 347, -1,
        226, 225, 118, -1,
        226, 118, 119, -1,
        119, 118, 470, -1,
        119, 470, 472, -1,
        774, 728, 726, -1,
        774, 726, 773, -1,
        107, 564, 562, -1,
        107, 562, 106, -1,
        537, 33, 31, -1,
        537, 31, 535, -1,
        346, 258, 256, -1,
        346, 256, 345, -1,
        564, 763, 761, -1,
        564, 761, 562, -1,
        434, 432, 126, -1,
        434, 126, 128, -1,
        472, 470, 656, -1,
        472, 656, 657, -1,
        774, 773, 167, -1,
        774, 167, 171, -1,
        33, 311, 308, -1,
        33, 308, 31, -1,
        346, 345, 614, -1,
        346, 614, 615, -1,
        5, 537, 535, -1,
        5, 535, 6, -1,
        497, 499, 601, -1,
        497, 601, 600, -1,
        5, 6, 499, -1,
        5, 499, 497, -1,
        456, 135, 132, -1,
        456, 132, 455, -1,
        132, 135, 253, -1,
        132, 253, 251, -1,
        625, 250, 247, -1,
        625, 247, 624, -1
          ]
      normalIndex
      [
3, 3, 3, -1,
        3, 3, 3, -1,
        3, 3, 3, -1,
        3, 3, 3, -1,
        3, 3, 3, -1,
        3, 3, 3, -1,
        3, 3, 3, -1,
        3, 3, 3, -1,
        3, 3, 3, -1,
        3, 3, 3, -1,
        3, 3, 3, -1,
        3, 3, 3, -1,
        3, 3, 3, -1,
        3, 3, 3, -1,
        3, 3, 3, -1,
        3, 3, 3, -1,
        3, 3, 3, -1,
        3, 3, 3, -1,
        3, 3, 3, -1,
        3, 3, 3, -1,
        3, 3, 3, -1,
        3, 3, 3, -1,
        3, 3, 3, -1,
        3, 3, 3, -1,
        3, 3, 3, -1,
        3, 3, 3, -1,
        3, 3, 3, -1,
        3, 3, 3, -1,
        3, 3, 3, -1,
        3, 3, 3, -1,
        3, 3, 3, -1,
        3, 3, 3, -1,
        3, 3, 3, -1,
        3, 3, 3, -1,
        3, 3, 3, -1,
        3, 3, 3, -1,
        3, 3, 3, -1,
        3, 3, 3, -1,
        3, 3, 3, -1,
        3, 3, 3, -1,
        3, 3, 3, -1,
        3, 3, 3, -1,
        3, 3, 3, -1,
        3, 3, 3, -1,
        3, 3, 3, -1,
        3, 3, 3, -1,
        3, 3, 3, -1,
        3, 3, 3, -1,
        0, 0, 0, -1,
        0, 0, 0, -1,
        0, 0, 0, -1,
        0, 0, 0, -1,
        0, 0, 0, -1,
        0, 0, 0, -1,
        0, 0, 0, -1,
        0, 0, 0, -1,
        0, 0, 0, -1,
        0, 0, 0, -1,
        0, 0, 0, -1,
        0, 0, 0, -1,
        0, 0, 0, -1,
        0, 0, 0, -1,
        0, 0, 0, -1,
        0, 0, 0, -1,
        0, 0, 0, -1,
        0, 0, 0, -1,
        0, 0, 0, -1,
        0, 0, 0, -1,
        0, 0, 0, -1,
        0, 0, 0, -1,
        0, 0, 0, -1,
        0, 0, 0, -1,
        0, 0, 0, -1,
        0, 0, 0, -1,
        0, 0, 0, -1,
        0, 0, 0, -1,
        0, 0, 0, -1,
        0, 0, 0, -1,
        0, 0, 0, -1,
        0, 0, 0, -1,
        0, 0, 0, -1,
        0, 0, 0, -1,
        0, 0, 0, -1,
        0, 0, 0, -1,
        0, 0, 0, -1,
        0, 0, 0, -1,
        0, 0, 0, -1,
        0, 0, 0, -1,
        0, 0, 0, -1,
        0, 0, 0, -1,
        0, 0, 0, -1,
        0, 0, 0, -1,
        0, 0, 0, -1,
        0, 0, 0, -1,
        0, 0, 0, -1,
        0, 0, 0, -1,
        0, 0, 0, -1,
        0, 0, 0, -1,
        0, 0, 0, -1,
        0, 0, 0, -1,
        0, 0, 0, -1,
        0, 0, 0, -1,
        0, 0, 0, -1,
        0, 0, 0, -1,
        0, 0, 0, -1,
        0, 0, 0, -1,
        0, 0, 0, -1,
        0, 0, 0, -1,
        0, 0, 0, -1,
        0, 0, 0, -1,
        0, 0, 0, -1,
        0, 0, 0, -1,
        0, 0, 0, -1,
        0, 0, 0, -1,
        0, 0, 0, -1,
        0, 0, 0, -1,
        0, 0, 0, -1,
        0, 0, 0, -1,
        0, 0, 0, -1,
        0, 0, 0, -1,
        0, 0, 0, -1,
        0, 0, 0, -1,
        0, 0, 0, -1,
        0, 0, 0, -1,
        0, 0, 0, -1,
        0, 0, 0, -1,
        0, 0, 0, -1,
        0, 0, 0, -1,
        0, 0, 0, -1,
        0, 0, 0, -1,
        0, 0, 0, -1,
        0, 0, 0, -1,
        0, 0, 0, -1,
        0, 0, 0, -1,
        0, 0, 0, -1,
        0, 0, 0, -1,
        0, 0, 0, -1,
        0, 0, 0, -1,
        0, 0, 0, -1,
        0, 0, 0, -1,
        0, 0, 0, -1,
        0, 0, 0, -1,
        9, 9, 9, -1,
        9, 9, 9, -1,
        0, 0, 0, -1,
        0, 0, 0, -1,
        0, 0, 0, -1,
        0, 0, 0, -1,
        0, 0, 0, -1,
        0, 0, 0, -1,
        1, 1, 1, -1,
        1, 1, 1, -1,
        1, 1, 1, -1,
        1, 1, 1, -1,
        1, 1, 1, -1,
        1, 1, 1, -1,
        2, 2, 2, -1,
        2, 2, 2, -1,
        2, 2, 2, -1,
        2, 2, 2, -1,
        8, 8, 8, -1,
        8, 8, 8, -1,
        3, 3, 3, -1,
        3, 3, 3, -1,
        3, 3, 3, -1,
        3, 3, 3, -1,
        3, 3, 3, -1,
        3, 3, 3, -1,
        3, 3, 3, -1,
        3, 3, 3, -1,
        8, 8, 8, -1,
        8, 8, 8, -1,
        3, 3, 3, -1,
        3, 3, 3, -1,
        3, 3, 3, -1,
        3, 3, 3, -1,
        2, 2, 2, -1,
        2, 2, 2, -1,
        2, 2, 2, -1,
        2, 2, 2, -1,
        1, 1, 1, -1,
        1, 1, 1, -1,
        1, 1, 1, -1,
        1, 1, 1, -1,
        1, 1, 1, -1,
        1, 1, 1, -1,
        2, 2, 2, -1,
        2, 2, 2, -1,
        2, 2, 2, -1,
        2, 2, 2, -1,
        8, 8, 8, -1,
        8, 8, 8, -1,
        3, 3, 3, -1,
        3, 3, 3, -1,
        3, 3, 3, -1,
        3, 3, 3, -1,
        3, 3, 3, -1,
        3, 3, 3, -1,
        3, 3, 3, -1,
        3, 3, 3, -1,
        8, 8, 8, -1,
        8, 8, 8, -1,
        3, 3, 3, -1,
        3, 3, 3, -1,
        3, 3, 3, -1,
        3, 3, 3, -1,
        2, 2, 2, -1,
        2, 2, 2, -1,
        2, 2, 2, -1,
        2, 2, 2, -1,
        3, 3, 3, -1,
        3, 3, 3, -1,
        0, 0, 0, -1,
        0, 0, 0, -1,
        0, 0, 0, -1,
        0, 0, 0, -1,
        0, 0, 0, -1,
        0, 0, 0, -1,
        0, 0, 0, -1,
        0, 0, 0, -1,
        0, 0, 0, -1,
        0, 0, 0, -1,
        0, 0, 0, -1,
        0, 0, 0, -1,
        0, 0, 0, -1,
        0, 0, 0, -1,
        0, 0, 0, -1,
        0, 0, 0, -1,
        0, 0, 0, -1,
        0, 0, 0, -1,
        0, 0, 0, -1,
        0, 0, 0, -1,
        0, 0, 0, -1,
        0, 0, 0, -1,
        0, 0, 0, -1,
        0, 0, 0, -1,
        0, 0, 0, -1,
        0, 0, 0, -1,
        0, 0, 0, -1,
        0, 0, 0, -1,
        0, 0, 0, -1,
        0, 0, 0, -1,
        0, 0, 0, -1,
        0, 0, 0, -1,
        0, 0, 0, -1,
        0, 0, 0, -1,
        0, 0, 0, -1,
        0, 0, 0, -1,
        0, 0, 0, -1,
        0, 0, 0, -1,
        0, 0, 0, -1,
        0, 0, 0, -1,
        0, 0, 0, -1,
        1, 1, 1, -1,
        1, 1, 1, -1,
        1, 1, 1, -1,
        1, 1, 1, -1,
        1, 1, 1, -1,
        1, 1, 1, -1,
        1, 1, 1, -1,
        1, 1, 1, -1,
        1, 1, 1, -1,
        1, 1, 1, -1,
        1, 1, 1, -1,
        1, 1, 1, -1,
        1, 1, 1, -1,
        1, 1, 1, -1,
        1, 1, 1, -1,
        1, 1, 1, -1,
        1, 1, 1, -1,
        1, 1, 1, -1,
        1, 1, 1, -1,
        1, 1, 1, -1,
        1, 1, 1, -1,
        1, 1, 1, -1,
        1, 1, 1, -1,
        1, 1, 1, -1,
        1, 1, 1, -1,
        1, 1, 1, -1,
        1, 1, 1, -1,
        1, 1, 1, -1,
        1, 1, 1, -1,
        1, 1, 1, -1,
        1, 1, 1, -1,
        1, 1, 1, -1,
        1, 1, 1, -1,
        1, 1, 1, -1,
        1, 1, 1, -1,
        1, 1, 1, -1,
        1, 1, 1, -1,
        1, 1, 1, -1,
        1, 1, 1, -1,
        1, 1, 1, -1,
        3, 3, 3, -1,
        3, 3, 3, -1,
        2, 2, 2, -1,
        2, 2, 2, -1,
        8, 8, 8, -1,
        8, 8, 8, -1,
        8, 8, 8, -1,
        8, 8, 8, -1,
        9, 9, 9, -1,
        9, 9, 9, -1,
        8, 8, 8, -1,
        8, 8, 8, -1,
        9, 9, 9, -1,
        9, 9, 9, -1,
        3, 3, 3, -1,
        3, 3, 3, -1,
        2, 2, 2, -1,
        2, 2, 2, -1,
        6, 6, 6, -1,
        6, 6, 6, -1,
        10, 10, 10, -1,
        10, 10, 10, -1,
        14, 14, 14, -1,
        14, 14, 14, -1,
        8, 8, 8, -1,
        8, 8, 8, -1,
        7, 7, 7, -1,
        7, 7, 7, -1,
        11, 11, 11, -1,
        11, 11, 11, -1,
        12, 12, 12, -1,
        12, 12, 12, -1,
        12, 12, 12, -1,
        12, 12, 12, -1,
        11, 11, 11, -1,
        11, 11, 11, -1,
        13, 13, 13, -1,
        13, 13, 13, -1,
        13, 13, 13, -1,
        13, 13, 13, -1,
        5, 5, 5, -1,
        5, 5, 5, -1,
        5, 5, 5, -1,
        5, 5, 5, -1,
        13, 13, 13, -1,
        13, 13, 13, -1,
        5, 5, 5, -1,
        5, 5, 5, -1,
        9, 9, 9, -1,
        9, 9, 9, -1,
        8, 8, 8, -1,
        8, 8, 8, -1,
        2, 2, 2, -1,
        2, 2, 2, -1,
        6, 6, 6, -1,
        6, 6, 6, -1,
        3, 3, 3, -1,
        3, 3, 3, -1,
        8, 8, 8, -1,
        8, 8, 8, -1,
        1, 1, 1, -1,
        1, 1, 1, -1,
        1, 1, 1, -1,
        1, 1, 1, -1,
        1, 1, 1, -1,
        1, 1, 1, -1,
        1, 1, 1, -1,
        1, 1, 1, -1,
        1, 1, 1, -1,
        1, 1, 1, -1,
        1, 1, 1, -1,
        1, 1, 1, -1,
        1, 1, 1, -1,
        1, 1, 1, -1,
        1, 1, 1, -1,
        1, 1, 1, -1,
        1, 1, 1, -1,
        1, 1, 1, -1,
        1, 1, 1, -1,
        1, 1, 1, -1,
        1, 1, 1, -1,
        1, 1, 1, -1,
        1, 1, 1, -1,
        1, 1, 1, -1,
        1, 1, 1, -1,
        1, 1, 1, -1,
        1, 1, 1, -1,
        1, 1, 1, -1,
        1, 1, 1, -1,
        1, 1, 1, -1,
        1, 1, 1, -1,
        1, 1, 1, -1,
        1, 1, 1, -1,
        1, 1, 1, -1,
        1, 1, 1, -1,
        1, 1, 1, -1,
        1, 1, 1, -1,
        1, 1, 1, -1,
        1, 1, 1, -1,
        1, 1, 1, -1,
        1, 1, 1, -1,
        3, 3, 3, -1,
        3, 3, 3, -1,
        2, 2, 2, -1,
        2, 2, 2, -1,
        8, 8, 8, -1,
        8, 8, 8, -1,
        8, 8, 8, -1,
        8, 8, 8, -1,
        9, 9, 9, -1,
        9, 9, 9, -1,
        8, 8, 8, -1,
        8, 8, 8, -1,
        9, 9, 9, -1,
        9, 9, 9, -1,
        3, 3, 3, -1,
        3, 3, 3, -1,
        2, 2, 2, -1,
        2, 2, 2, -1,
        6, 6, 6, -1,
        6, 6, 6, -1,
        10, 10, 10, -1,
        10, 10, 10, -1,
        14, 14, 14, -1,
        14, 14, 14, -1,
        8, 8, 8, -1,
        8, 8, 8, -1,
        7, 7, 7, -1,
        7, 7, 7, -1,
        11, 11, 11, -1,
        11, 11, 11, -1,
        12, 12, 12, -1,
        12, 12, 12, -1,
        12, 12, 12, -1,
        12, 12, 12, -1,
        11, 11, 11, -1,
        11, 11, 11, -1,
        13, 13, 13, -1,
        13, 13, 13, -1,
        13, 13, 13, -1,
        13, 13, 13, -1,
        5, 5, 5, -1,
        5, 5, 5, -1,
        5, 5, 5, -1,
        5, 5, 5, -1,
        13, 13, 13, -1,
        13, 13, 13, -1,
        5, 5, 5, -1,
        5, 5, 5, -1,
        9, 9, 9, -1,
        9, 9, 9, -1,
        8, 8, 8, -1,
        8, 8, 8, -1,
        2, 2, 2, -1,
        2, 2, 2, -1,
        6, 6, 6, -1,
        6, 6, 6, -1,
        3, 3, 3, -1,
        3, 3, 3, -1,
        8, 8, 8, -1,
        8, 8, 8, -1,
        0, 0, 0, -1,
        0, 0, 0, -1,
        0, 0, 0, -1,
        0, 0, 0, -1,
        0, 0, 0, -1,
        0, 0, 0, -1,
        0, 0, 0, -1,
        0, 0, 0, -1,
        0, 0, 0, -1,
        0, 0, 0, -1,
        0, 0, 0, -1,
        0, 0, 0, -1,
        0, 0, 0, -1,
        0, 0, 0, -1,
        0, 0, 0, -1,
        0, 0, 0, -1,
        0, 0, 0, -1,
        0, 0, 0, -1,
        0, 0, 0, -1,
        0, 0, 0, -1,
        0, 0, 0, -1,
        0, 0, 0, -1,
        0, 0, 0, -1,
        0, 0, 0, -1,
        0, 0, 0, -1,
        0, 0, 0, -1,
        0, 0, 0, -1,
        0, 0, 0, -1,
        0, 0, 0, -1,
        0, 0, 0, -1,
        0, 0, 0, -1,
        0, 0, 0, -1,
        0, 0, 0, -1,
        0, 0, 0, -1,
        0, 0, 0, -1,
        0, 0, 0, -1,
        0, 0, 0, -1,
        0, 0, 0, -1,
        0, 0, 0, -1,
        0, 0, 0, -1,
        0, 0, 0, -1,
        0, 0, 0, -1,
        0, 0, 0, -1,
        0, 0, 0, -1,
        0, 0, 0, -1,
        0, 0, 0, -1,
        0, 0, 0, -1,
        9, 9, 9, -1,
        9, 9, 9, -1,
        1, 1, 1, -1,
        1, 1, 1, -1,
        1, 1, 1, -1,
        1, 1, 1, -1,
        1, 1, 1, -1,
        1, 1, 1, -1,
        2, 2, 2, -1,
        2, 2, 2, -1,
        2, 2, 2, -1,
        2, 2, 2, -1,
        8, 8, 8, -1,
        8, 8, 8, -1,
        3, 3, 3, -1,
        3, 3, 3, -1,
        3, 3, 3, -1,
        3, 3, 3, -1,
        3, 3, 3, -1,
        3, 3, 3, -1,
        3, 3, 3, -1,
        3, 3, 3, -1,
        8, 8, 8, -1,
        8, 8, 8, -1,
        3, 3, 3, -1,
        3, 3, 3, -1,
        3, 3, 3, -1,
        3, 3, 3, -1,
        2, 2, 2, -1,
        2, 2, 2, -1,
        2, 2, 2, -1,
        2, 2, 2, -1,
        3, 3, 3, -1,
        3, 3, 3, -1,
        1, 1, 1, -1,
        1, 1, 1, -1,
        1, 1, 1, -1,
        1, 1, 1, -1,
        1, 1, 1, -1,
        1, 1, 1, -1,
        1, 1, 1, -1,
        1, 1, 1, -1,
        1, 1, 1, -1,
        1, 1, 1, -1,
        1, 1, 1, -1,
        1, 1, 1, -1,
        1, 1, 1, -1,
        1, 1, 1, -1,
        1, 1, 1, -1,
        1, 1, 1, -1,
        1, 1, 1, -1,
        1, 1, 1, -1,
        1, 1, 1, -1,
        1, 1, 1, -1,
        1, 1, 1, -1,
        1, 1, 1, -1,
        1, 1, 1, -1,
        1, 1, 1, -1,
        1, 1, 1, -1,
        1, 1, 1, -1,
        1, 1, 1, -1,
        1, 1, 1, -1,
        1, 1, 1, -1,
        1, 1, 1, -1,
        1, 1, 1, -1,
        1, 1, 1, -1,
        1, 1, 1, -1,
        1, 1, 1, -1,
        1, 1, 1, -1,
        1, 1, 1, -1,
        1, 1, 1, -1,
        1, 1, 1, -1,
        1, 1, 1, -1,
        1, 1, 1, -1,
        1, 1, 1, -1,
        3, 3, 3, -1,
        3, 3, 3, -1,
        2, 2, 2, -1,
        2, 2, 2, -1,
        8, 8, 8, -1,
        8, 8, 8, -1,
        8, 8, 8, -1,
        8, 8, 8, -1,
        9, 9, 9, -1,
        9, 9, 9, -1,
        8, 8, 8, -1,
        8, 8, 8, -1,
        9, 9, 9, -1,
        9, 9, 9, -1,
        3, 3, 3, -1,
        3, 3, 3, -1,
        2, 2, 2, -1,
        2, 2, 2, -1,
        6, 6, 6, -1,
        6, 6, 6, -1,
        10, 10, 10, -1,
        10, 10, 10, -1,
        14, 14, 14, -1,
        14, 14, 14, -1,
        8, 8, 8, -1,
        8, 8, 8, -1,
        7, 7, 7, -1,
        7, 7, 7, -1,
        11, 11, 11, -1,
        11, 11, 11, -1,
        12, 12, 12, -1,
        12, 12, 12, -1,
        12, 12, 12, -1,
        12, 12, 12, -1,
        11, 11, 11, -1,
        11, 11, 11, -1,
        13, 13, 13, -1,
        13, 13, 13, -1,
        13, 13, 13, -1,
        13, 13, 13, -1,
        5, 5, 5, -1,
        5, 5, 5, -1,
        5, 5, 5, -1,
        5, 5, 5, -1,
        13, 13, 13, -1,
        13, 13, 13, -1,
        5, 5, 5, -1,
        5, 5, 5, -1,
        9, 9, 9, -1,
        9, 9, 9, -1,
        8, 8, 8, -1,
        8, 8, 8, -1,
        2, 2, 2, -1,
        2, 2, 2, -1,
        6, 6, 6, -1,
        6, 6, 6, -1,
        3, 3, 3, -1,
        3, 3, 3, -1,
        8, 8, 8, -1,
        8, 8, 8, -1,
        9, 9, 9, -1,
        9, 9, 9, -1,
        1, 1, 1, -1,
        1, 1, 1, -1,
        1, 1, 1, -1,
        1, 1, 1, -1,
        1, 1, 1, -1,
        1, 1, 1, -1,
        2, 2, 2, -1,
        2, 2, 2, -1,
        2, 2, 2, -1,
        2, 2, 2, -1,
        8, 8, 8, -1,
        8, 8, 8, -1,
        3, 3, 3, -1,
        3, 3, 3, -1,
        3, 3, 3, -1,
        3, 3, 3, -1,
        3, 3, 3, -1,
        3, 3, 3, -1,
        3, 3, 3, -1,
        3, 3, 3, -1,
        8, 8, 8, -1,
        8, 8, 8, -1,
        3, 3, 3, -1,
        3, 3, 3, -1,
        3, 3, 3, -1,
        3, 3, 3, -1,
        2, 2, 2, -1,
        2, 2, 2, -1,
        2, 2, 2, -1,
        2, 2, 2, -1,
        3, 3, 3, -1,
        3, 3, 3, -1,
        1, 1, 1, -1,
        1, 1, 1, -1,
        1, 1, 1, -1,
        1, 1, 1, -1,
        1, 1, 1, -1,
        1, 1, 1, -1,
        1, 1, 1, -1,
        1, 1, 1, -1,
        1, 1, 1, -1,
        1, 1, 1, -1,
        1, 1, 1, -1,
        1, 1, 1, -1,
        1, 1, 1, -1,
        1, 1, 1, -1,
        1, 1, 1, -1,
        1, 1, 1, -1,
        1, 1, 1, -1,
        1, 1, 1, -1,
        1, 1, 1, -1,
        1, 1, 1, -1,
        1, 1, 1, -1,
        1, 1, 1, -1,
        1, 1, 1, -1,
        1, 1, 1, -1,
        1, 1, 1, -1,
        1, 1, 1, -1,
        1, 1, 1, -1,
        1, 1, 1, -1,
        1, 1, 1, -1,
        1, 1, 1, -1,
        1, 1, 1, -1,
        1, 1, 1, -1,
        1, 1, 1, -1,
        1, 1, 1, -1,
        1, 1, 1, -1,
        1, 1, 1, -1,
        1, 1, 1, -1,
        1, 1, 1, -1,
        1, 1, 1, -1,
        1, 1, 1, -1,
        1, 1, 1, -1,
        3, 3, 3, -1,
        3, 3, 3, -1,
        2, 2, 2, -1,
        2, 2, 2, -1,
        8, 8, 8, -1,
        8, 8, 8, -1,
        8, 8, 8, -1,
        8, 8, 8, -1,
        9, 9, 9, -1,
        9, 9, 9, -1,
        8, 8, 8, -1,
        8, 8, 8, -1,
        9, 9, 9, -1,
        9, 9, 9, -1,
        3, 3, 3, -1,
        3, 3, 3, -1,
        2, 2, 2, -1,
        2, 2, 2, -1,
        6, 6, 6, -1,
        6, 6, 6, -1,
        10, 10, 10, -1,
        10, 10, 10, -1,
        14, 14, 14, -1,
        14, 14, 14, -1,
        8, 8, 8, -1,
        8, 8, 8, -1,
        7, 7, 7, -1,
        7, 7, 7, -1,
        11, 11, 11, -1,
        11, 11, 11, -1,
        12, 12, 12, -1,
        12, 12, 12, -1,
        12, 12, 12, -1,
        12, 12, 12, -1,
        11, 11, 11, -1,
        11, 11, 11, -1,
        13, 13, 13, -1,
        13, 13, 13, -1,
        13, 13, 13, -1,
        13, 13, 13, -1,
        5, 5, 5, -1,
        5, 5, 5, -1,
        5, 5, 5, -1,
        5, 5, 5, -1,
        13, 13, 13, -1,
        13, 13, 13, -1,
        5, 5, 5, -1,
        5, 5, 5, -1,
        9, 9, 9, -1,
        9, 9, 9, -1,
        8, 8, 8, -1,
        8, 8, 8, -1,
        2, 2, 2, -1,
        2, 2, 2, -1,
        6, 6, 6, -1,
        6, 6, 6, -1,
        3, 3, 3, -1,
        3, 3, 3, -1,
        8, 8, 8, -1,
        8, 8, 8, -1,
        0, 0, 0, -1,
        0, 0, 0, -1,
        0, 0, 0, -1,
        0, 0, 0, -1,
        0, 0, 0, -1,
        0, 0, 0, -1,
        0, 0, 0, -1,
        0, 0, 0, -1,
        0, 0, 0, -1,
        0, 0, 0, -1,
        0, 0, 0, -1,
        0, 0, 0, -1,
        0, 0, 0, -1,
        0, 0, 0, -1,
        0, 0, 0, -1,
        0, 0, 0, -1,
        0, 0, 0, -1,
        0, 0, 0, -1,
        0, 0, 0, -1,
        0, 0, 0, -1,
        0, 0, 0, -1,
        0, 0, 0, -1,
        0, 0, 0, -1,
        0, 0, 0, -1,
        0, 0, 0, -1,
        0, 0, 0, -1,
        0, 0, 0, -1,
        0, 0, 0, -1,
        0, 0, 0, -1,
        0, 0, 0, -1,
        0, 0, 0, -1,
        0, 0, 0, -1,
        0, 0, 0, -1,
        0, 0, 0, -1,
        0, 0, 0, -1,
        0, 0, 0, -1,
        0, 0, 0, -1,
        0, 0, 0, -1,
        0, 0, 0, -1,
        0, 0, 0, -1,
        0, 0, 0, -1,
        0, 0, 0, -1,
        0, 0, 0, -1,
        0, 0, 0, -1,
        0, 0, 0, -1,
        0, 0, 0, -1,
        0, 0, 0, -1,
        0, 0, 0, -1,
        0, 0, 0, -1,
        0, 0, 0, -1,
        0, 0, 0, -1,
        0, 0, 0, -1,
        0, 0, 0, -1,
        0, 0, 0, -1,
        0, 0, 0, -1,
        0, 0, 0, -1,
        0, 0, 0, -1,
        0, 0, 0, -1,
        0, 0, 0, -1,
        0, 0, 0, -1,
        0, 0, 0, -1,
        0, 0, 0, -1,
        0, 0, 0, -1,
        0, 0, 0, -1,
        0, 0, 0, -1,
        0, 0, 0, -1,
        0, 0, 0, -1,
        0, 0, 0, -1,
        0, 0, 0, -1,
        0, 0, 0, -1,
        0, 0, 0, -1,
        0, 0, 0, -1,
        0, 0, 0, -1,
        0, 0, 0, -1,
        0, 0, 0, -1,
        0, 0, 0, -1,
        0, 0, 0, -1,
        0, 0, 0, -1,
        0, 0, 0, -1,
        0, 0, 0, -1,
        0, 0, 0, -1,
        0, 0, 0, -1,
        0, 0, 0, -1,
        0, 0, 0, -1,
        0, 0, 0, -1,
        0, 0, 0, -1,
        0, 0, 0, -1,
        0, 0, 0, -1,
        0, 0, 0, -1,
        0, 0, 0, -1,
        0, 0, 0, -1,
        0, 0, 0, -1,
        0, 0, 0, -1,
        0, 0, 0, -1,
        9, 9, 9, -1,
        9, 9, 9, -1,
        1, 1, 1, -1,
        1, 1, 1, -1,
        1, 1, 1, -1,
        1, 1, 1, -1,
        1, 1, 1, -1,
        1, 1, 1, -1,
        2, 2, 2, -1,
        2, 2, 2, -1,
        2, 2, 2, -1,
        2, 2, 2, -1,
        8, 8, 8, -1,
        8, 8, 8, -1,
        3, 3, 3, -1,
        3, 3, 3, -1,
        3, 3, 3, -1,
        3, 3, 3, -1,
        3, 3, 3, -1,
        3, 3, 3, -1,
        3, 3, 3, -1,
        3, 3, 3, -1,
        8, 8, 8, -1,
        8, 8, 8, -1,
        3, 3, 3, -1,
        3, 3, 3, -1,
        3, 3, 3, -1,
        3, 3, 3, -1,
        2, 2, 2, -1,
        2, 2, 2, -1,
        2, 2, 2, -1,
        2, 2, 2, -1,
        3, 3, 3, -1,
        3, 3, 3, -1,
        1, 1, 1, -1,
        1, 1, 1, -1,
        1, 1, 1, -1,
        1, 1, 1, -1,
        1, 1, 1, -1,
        1, 1, 1, -1,
        1, 1, 1, -1,
        1, 1, 1, -1,
        1, 1, 1, -1,
        1, 1, 1, -1,
        1, 1, 1, -1,
        1, 1, 1, -1,
        1, 1, 1, -1,
        1, 1, 1, -1,
        1, 1, 1, -1,
        1, 1, 1, -1,
        1, 1, 1, -1,
        1, 1, 1, -1,
        1, 1, 1, -1,
        1, 1, 1, -1,
        1, 1, 1, -1,
        1, 1, 1, -1,
        1, 1, 1, -1,
        1, 1, 1, -1,
        1, 1, 1, -1,
        1, 1, 1, -1,
        1, 1, 1, -1,
        1, 1, 1, -1,
        1, 1, 1, -1,
        1, 1, 1, -1,
        1, 1, 1, -1,
        1, 1, 1, -1,
        1, 1, 1, -1,
        1, 1, 1, -1,
        1, 1, 1, -1,
        1, 1, 1, -1,
        1, 1, 1, -1,
        1, 1, 1, -1,
        1, 1, 1, -1,
        1, 1, 1, -1,
        1, 1, 1, -1,
        3, 3, 3, -1,
        3, 3, 3, -1,
        2, 2, 2, -1,
        2, 2, 2, -1,
        8, 8, 8, -1,
        8, 8, 8, -1,
        8, 8, 8, -1,
        8, 8, 8, -1,
        9, 9, 9, -1,
        9, 9, 9, -1,
        8, 8, 8, -1,
        8, 8, 8, -1,
        9, 9, 9, -1,
        9, 9, 9, -1,
        3, 3, 3, -1,
        3, 3, 3, -1,
        2, 2, 2, -1,
        2, 2, 2, -1,
        6, 6, 6, -1,
        6, 6, 6, -1,
        10, 10, 10, -1,
        10, 10, 10, -1,
        14, 14, 14, -1,
        14, 14, 14, -1,
        8, 8, 8, -1,
        8, 8, 8, -1,
        7, 7, 7, -1,
        7, 7, 7, -1,
        11, 11, 11, -1,
        11, 11, 11, -1,
        12, 12, 12, -1,
        12, 12, 12, -1,
        12, 12, 12, -1,
        12, 12, 12, -1,
        11, 11, 11, -1,
        11, 11, 11, -1,
        13, 13, 13, -1,
        13, 13, 13, -1,
        13, 13, 13, -1,
        13, 13, 13, -1,
        5, 5, 5, -1,
        5, 5, 5, -1,
        5, 5, 5, -1,
        5, 5, 5, -1,
        13, 13, 13, -1,
        13, 13, 13, -1,
        5, 5, 5, -1,
        5, 5, 5, -1,
        9, 9, 9, -1,
        9, 9, 9, -1,
        8, 8, 8, -1,
        8, 8, 8, -1,
        2, 2, 2, -1,
        2, 2, 2, -1,
        6, 6, 6, -1,
        6, 6, 6, -1,
        3, 3, 3, -1,
        3, 3, 3, -1,
        8, 8, 8, -1,
        8, 8, 8, -1,
        9, 9, 9, -1,
        9, 9, 9, -1,
        1, 1, 1, -1,
        1, 1, 1, -1,
        1, 1, 1, -1,
        1, 1, 1, -1,
        1, 1, 1, -1,
        1, 1, 1, -1,
        2, 2, 2, -1,
        2, 2, 2, -1,
        2, 2, 2, -1,
        2, 2, 2, -1,
        8, 8, 8, -1,
        8, 8, 8, -1,
        3, 3, 3, -1,
        3, 3, 3, -1,
        3, 3, 3, -1,
        3, 3, 3, -1,
        3, 3, 3, -1,
        3, 3, 3, -1,
        3, 3, 3, -1,
        3, 3, 3, -1,
        8, 8, 8, -1,
        8, 8, 8, -1,
        3, 3, 3, -1,
        3, 3, 3, -1,
        3, 3, 3, -1,
        3, 3, 3, -1,
        2, 2, 2, -1,
        2, 2, 2, -1,
        2, 2, 2, -1,
        2, 2, 2, -1,
        3, 3, 3, -1,
        3, 3, 3, -1,
        1, 1, 1, -1,
        1, 1, 1, -1,
        1, 1, 1, -1,
        1, 1, 1, -1,
        1, 1, 1, -1,
        1, 1, 1, -1,
        1, 1, 1, -1,
        1, 1, 1, -1,
        1, 1, 1, -1,
        1, 1, 1, -1,
        1, 1, 1, -1,
        1, 1, 1, -1,
        1, 1, 1, -1,
        1, 1, 1, -1,
        1, 1, 1, -1,
        1, 1, 1, -1,
        1, 1, 1, -1,
        1, 1, 1, -1,
        1, 1, 1, -1,
        1, 1, 1, -1,
        1, 1, 1, -1,
        1, 1, 1, -1,
        1, 1, 1, -1,
        1, 1, 1, -1,
        1, 1, 1, -1,
        1, 1, 1, -1,
        1, 1, 1, -1,
        1, 1, 1, -1,
        1, 1, 1, -1,
        1, 1, 1, -1,
        1, 1, 1, -1,
        1, 1, 1, -1,
        1, 1, 1, -1,
        1, 1, 1, -1,
        1, 1, 1, -1,
        1, 1, 1, -1,
        1, 1, 1, -1,
        1, 1, 1, -1,
        1, 1, 1, -1,
        1, 1, 1, -1,
        1, 1, 1, -1,
        3, 3, 3, -1,
        3, 3, 3, -1,
        2, 2, 2, -1,
        2, 2, 2, -1,
        8, 8, 8, -1,
        8, 8, 8, -1,
        8, 8, 8, -1,
        8, 8, 8, -1,
        9, 9, 9, -1,
        9, 9, 9, -1,
        8, 8, 8, -1,
        8, 8, 8, -1,
        9, 9, 9, -1,
        9, 9, 9, -1,
        3, 3, 3, -1,
        3, 3, 3, -1,
        2, 2, 2, -1,
        2, 2, 2, -1,
        6, 6, 6, -1,
        6, 6, 6, -1,
        10, 10, 10, -1,
        10, 10, 10, -1,
        14, 14, 14, -1,
        14, 14, 14, -1,
        8, 8, 8, -1,
        8, 8, 8, -1,
        7, 7, 7, -1,
        7, 7, 7, -1,
        11, 11, 11, -1,
        11, 11, 11, -1,
        12, 12, 12, -1,
        12, 12, 12, -1,
        12, 12, 12, -1,
        12, 12, 12, -1,
        11, 11, 11, -1,
        11, 11, 11, -1,
        13, 13, 13, -1,
        13, 13, 13, -1,
        13, 13, 13, -1,
        13, 13, 13, -1,
        5, 5, 5, -1,
        5, 5, 5, -1,
        5, 5, 5, -1,
        5, 5, 5, -1,
        13, 13, 13, -1,
        13, 13, 13, -1,
        5, 5, 5, -1,
        5, 5, 5, -1,
        9, 9, 9, -1,
        9, 9, 9, -1,
        8, 8, 8, -1,
        8, 8, 8, -1,
        2, 2, 2, -1,
        2, 2, 2, -1,
        6, 6, 6, -1,
        6, 6, 6, -1,
        3, 3, 3, -1,
        3, 3, 3, -1,
        8, 8, 8, -1,
        8, 8, 8, -1,
        0, 0, 0, -1,
        0, 0, 0, -1,
        0, 0, 0, -1,
        0, 0, 0, -1,
        0, 0, 0, -1,
        0, 0, 0, -1,
        0, 0, 0, -1,
        0, 0, 0, -1,
        0, 0, 0, -1,
        0, 0, 0, -1,
        0, 0, 0, -1,
        0, 0, 0, -1,
        0, 0, 0, -1,
        0, 0, 0, -1,
        0, 0, 0, -1,
        0, 0, 0, -1,
        0, 0, 0, -1,
        0, 0, 0, -1,
        0, 0, 0, -1,
        0, 0, 0, -1,
        0, 0, 0, -1,
        0, 0, 0, -1,
        0, 0, 0, -1,
        0, 0, 0, -1,
        0, 0, 0, -1,
        0, 0, 0, -1,
        0, 0, 0, -1,
        0, 0, 0, -1,
        0, 0, 0, -1,
        0, 0, 0, -1,
        0, 0, 0, -1,
        0, 0, 0, -1,
        0, 0, 0, -1,
        0, 0, 0, -1,
        0, 0, 0, -1,
        0, 0, 0, -1,
        0, 0, 0, -1,
        0, 0, 0, -1,
        0, 0, 0, -1,
        0, 0, 0, -1,
        0, 0, 0, -1,
        0, 0, 0, -1,
        0, 0, 0, -1,
        0, 0, 0, -1,
        0, 0, 0, -1,
        0, 0, 0, -1,
        0, 0, 0, -1,
        9, 9, 9, -1,
        9, 9, 9, -1,
        1, 1, 1, -1,
        1, 1, 1, -1,
        1, 1, 1, -1,
        1, 1, 1, -1,
        1, 1, 1, -1,
        1, 1, 1, -1,
        2, 2, 2, -1,
        2, 2, 2, -1,
        2, 2, 2, -1,
        2, 2, 2, -1,
        8, 8, 8, -1,
        8, 8, 8, -1,
        3, 3, 3, -1,
        3, 3, 3, -1,
        3, 3, 3, -1,
        3, 3, 3, -1,
        3, 3, 3, -1,
        3, 3, 3, -1,
        3, 3, 3, -1,
        3, 3, 3, -1,
        8, 8, 8, -1,
        8, 8, 8, -1,
        3, 3, 3, -1,
        3, 3, 3, -1,
        3, 3, 3, -1,
        3, 3, 3, -1,
        2, 2, 2, -1,
        2, 2, 2, -1,
        2, 2, 2, -1,
        2, 2, 2, -1,
        3, 3, 3, -1,
        3, 3, 3, -1,
        1, 1, 1, -1,
        1, 1, 1, -1,
        1, 1, 1, -1,
        1, 1, 1, -1,
        1, 1, 1, -1,
        1, 1, 1, -1,
        1, 1, 1, -1,
        1, 1, 1, -1,
        1, 1, 1, -1,
        1, 1, 1, -1,
        1, 1, 1, -1,
        1, 1, 1, -1,
        1, 1, 1, -1,
        1, 1, 1, -1,
        1, 1, 1, -1,
        1, 1, 1, -1,
        1, 1, 1, -1,
        1, 1, 1, -1,
        1, 1, 1, -1,
        1, 1, 1, -1,
        1, 1, 1, -1,
        1, 1, 1, -1,
        1, 1, 1, -1,
        1, 1, 1, -1,
        1, 1, 1, -1,
        1, 1, 1, -1,
        1, 1, 1, -1,
        1, 1, 1, -1,
        1, 1, 1, -1,
        1, 1, 1, -1,
        1, 1, 1, -1,
        1, 1, 1, -1,
        1, 1, 1, -1,
        1, 1, 1, -1,
        1, 1, 1, -1,
        1, 1, 1, -1,
        1, 1, 1, -1,
        1, 1, 1, -1,
        1, 1, 1, -1,
        1, 1, 1, -1,
        1, 1, 1, -1,
        3, 3, 3, -1,
        3, 3, 3, -1,
        2, 2, 2, -1,
        2, 2, 2, -1,
        8, 8, 8, -1,
        8, 8, 8, -1,
        8, 8, 8, -1,
        8, 8, 8, -1,
        9, 9, 9, -1,
        9, 9, 9, -1,
        8, 8, 8, -1,
        8, 8, 8, -1,
        9, 9, 9, -1,
        9, 9, 9, -1,
        3, 3, 3, -1,
        3, 3, 3, -1,
        2, 2, 2, -1,
        2, 2, 2, -1,
        6, 6, 6, -1,
        6, 6, 6, -1,
        10, 10, 10, -1,
        10, 10, 10, -1,
        14, 14, 14, -1,
        14, 14, 14, -1,
        8, 8, 8, -1,
        8, 8, 8, -1,
        7, 7, 7, -1,
        7, 7, 7, -1,
        11, 11, 11, -1,
        11, 11, 11, -1,
        12, 12, 12, -1,
        12, 12, 12, -1,
        12, 12, 12, -1,
        12, 12, 12, -1,
        11, 11, 11, -1,
        11, 11, 11, -1,
        13, 13, 13, -1,
        13, 13, 13, -1,
        13, 13, 13, -1,
        13, 13, 13, -1,
        5, 5, 5, -1,
        5, 5, 5, -1,
        5, 5, 5, -1,
        5, 5, 5, -1,
        13, 13, 13, -1,
        13, 13, 13, -1,
        5, 5, 5, -1,
        5, 5, 5, -1,
        9, 9, 9, -1,
        9, 9, 9, -1,
        8, 8, 8, -1,
        8, 8, 8, -1,
        2, 2, 2, -1,
        2, 2, 2, -1,
        6, 6, 6, -1,
        6, 6, 6, -1,
        3, 3, 3, -1,
        3, 3, 3, -1,
        8, 8, 8, -1,
        8, 8, 8, -1,
        9, 9, 9, -1,
        9, 9, 9, -1,
        1, 1, 1, -1,
        1, 1, 1, -1,
        1, 1, 1, -1,
        1, 1, 1, -1,
        1, 1, 1, -1,
        1, 1, 1, -1,
        2, 2, 2, -1,
        2, 2, 2, -1,
        2, 2, 2, -1,
        8, 8, 8, -1,
        8, 8, 8, -1,
        3, 3, 3, -1,
        3, 3, 3, -1,
        3, 3, 3, -1,
        3, 3, 3, -1,
        3, 3, 3, -1,
        3, 3, 3, -1,
        4, 4, 4, -1,
        4, 4, 4, -1,
        4, 4, 4, -1,
        4, 4, 4, -1,
        4, 4, 4, -1,
        4, 4, 4, -1,
        4, 4, 4, -1,
        4, 4, 4, -1,
        4, 4, 4, -1,
        4, 4, 4, -1,
        4, 4, 4, -1,
        4, 4, 4, -1,
        4, 4, 4, -1,
        4, 4, 4, -1,
        4, 4, 4, -1,
        4, 4, 4, -1,
        4, 4, 4, -1,
        4, 4, 4, -1,
        4, 4, 4, -1,
        4, 4, 4, -1,
        4, 4, 4, -1,
        4, 4, 4, -1,
        4, 4, 4, -1,
        4, 4, 4, -1,
        4, 4, 4, -1,
        4, 4, 4, -1,
        4, 4, 4, -1,
        4, 4, 4, -1,
        4, 4, 4, -1,
        4, 4, 4, -1,
        4, 4, 4, -1,
        8, 8, 8, -1,
        8, 8, 8, -1,
        8, 8, 8, -1,
        8, 8, 8, -1,
        8, 8, 8, -1,
        8, 8, 8, -1,
        8, 8, 8, -1,
        8, 8, 8, -1,
        8, 8, 8, -1,
        8, 8, 8, -1,
        8, 8, 8, -1,
        8, 8, 8, -1,
        8, 8, 8, -1,
        8, 8, 8, -1,
        8, 8, 8, -1,
        8, 8, 8, -1,
        8, 8, 8, -1,
        8, 8, 8, -1,
        8, 8, 8, -1,
        8, 8, 8, -1,
        8, 8, 8, -1,
        8, 8, 8, -1,
        8, 8, 8, -1,
        8, 8, 8, -1,
        8, 8, 8, -1,
        8, 8, 8, -1,
        8, 8, 8, -1,
        8, 8, 8, -1,
        8, 8, 8, -1,
        8, 8, 8, -1,
        8, 8, 8, -1,
        8, 8, 8, -1,
        3, 3, 3, -1,
        3, 3, 3, -1,
        3, 3, 3, -1,
        2, 2, 2, -1,
        2, 2, 2, -1,
        2, 2, 2, -1,
        3, 3, 3, -1,
        3, 3, 3, -1,
        1, 1, 1, -1,
        1, 1, 1, -1,
        1, 1, 1, -1,
        1, 1, 1, -1,
        1, 1, 1, -1,
        1, 1, 1, -1,
        1, 1, 1, -1,
        1, 1, 1, -1,
        1, 1, 1, -1,
        1, 1, 1, -1,
        1, 1, 1, -1,
        1, 1, 1, -1,
        1, 1, 1, -1,
        1, 1, 1, -1,
        1, 1, 1, -1,
        1, 1, 1, -1,
        1, 1, 1, -1,
        1, 1, 1, -1,
        1, 1, 1, -1,
        1, 1, 1, -1,
        1, 1, 1, -1,
        1, 1, 1, -1,
        1, 1, 1, -1,
        1, 1, 1, -1,
        1, 1, 1, -1,
        1, 1, 1, -1,
        1, 1, 1, -1,
        1, 1, 1, -1,
        1, 1, 1, -1,
        1, 1, 1, -1,
        1, 1, 1, -1,
        1, 1, 1, -1,
        1, 1, 1, -1,
        1, 1, 1, -1,
        1, 1, 1, -1,
        1, 1, 1, -1,
        1, 1, 1, -1,
        1, 1, 1, -1,
        1, 1, 1, -1,
        1, 1, 1, -1,
        1, 1, 1, -1,
        0, 0, 0, -1,
        0, 0, 0, -1,
        0, 0, 0, -1,
        0, 0, 0, -1,
        0, 0, 0, -1,
        0, 0, 0, -1,
        0, 0, 0, -1,
        0, 0, 0, -1,
        0, 0, 0, -1,
        0, 0, 0, -1,
        0, 0, 0, -1,
        0, 0, 0, -1,
        0, 0, 0, -1,
        0, 0, 0, -1,
        0, 0, 0, -1,
        0, 0, 0, -1,
        0, 0, 0, -1,
        0, 0, 0, -1,
        0, 0, 0, -1,
        0, 0, 0, -1,
        0, 0, 0, -1,
        0, 0, 0, -1,
        0, 0, 0, -1,
        0, 0, 0, -1,
        0, 0, 0, -1,
        0, 0, 0, -1,
        0, 0, 0, -1,
        0, 0, 0, -1,
        0, 0, 0, -1,
        0, 0, 0, -1,
        0, 0, 0, -1,
        0, 0, 0, -1,
        0, 0, 0, -1,
        0, 0, 0, -1,
        0, 0, 0, -1,
        0, 0, 0, -1,
        0, 0, 0, -1,
        0, 0, 0, -1,
        0, 0, 0, -1,
        0, 0, 0, -1,
        3, 3, 3, -1,
        3, 3, 3, -1,
        2, 2, 2, -1,
        2, 2, 2, -1,
        8, 8, 8, -1,
        8, 8, 8, -1,
        8, 8, 8, -1,
        8, 8, 8, -1,
        9, 9, 9, -1,
        9, 9, 9, -1,
        8, 8, 8, -1,
        8, 8, 8, -1,
        9, 9, 9, -1,
        9, 9, 9, -1,
        3, 3, 3, -1,
        3, 3, 3, -1,
        2, 2, 2, -1,
        2, 2, 2, -1,
        6, 6, 6, -1,
        6, 6, 6, -1,
        10, 10, 10, -1,
        10, 10, 10, -1,
        14, 14, 14, -1,
        14, 14, 14, -1,
        8, 8, 8, -1,
        8, 8, 8, -1,
        7, 7, 7, -1,
        7, 7, 7, -1,
        11, 11, 11, -1,
        11, 11, 11, -1,
        12, 12, 12, -1,
        12, 12, 12, -1,
        12, 12, 12, -1,
        12, 12, 12, -1,
        11, 11, 11, -1,
        11, 11, 11, -1,
        13, 13, 13, -1,
        13, 13, 13, -1,
        13, 13, 13, -1,
        13, 13, 13, -1,
        5, 5, 5, -1,
        5, 5, 5, -1,
        5, 5, 5, -1,
        5, 5, 5, -1,
        13, 13, 13, -1,
        13, 13, 13, -1,
        5, 5, 5, -1,
        5, 5, 5, -1,
        9, 9, 9, -1,
        9, 9, 9, -1,
        8, 8, 8, -1,
        8, 8, 8, -1,
        2, 2, 2, -1,
        2, 2, 2, -1,
        6, 6, 6, -1,
        6, 6, 6, -1,
        3, 3, 3, -1,
        3, 3, 3, -1,
        8, 8, 8, -1,
        8, 8, 8, -1
              ]
      }
    }
  }
}
DEF _ET60S-24-R12_sig Group
{
Shape 
{
  Node_info
  {
    fields [SFString node_type, SFString node_name]
    node_type "Poly_Geom_Data"
    node_name ""
  }

    Material
    {
      ambientColor [1.00 1.00 0.00]
      diffuseColor [1.00 1.00 0.00]
      specularColor [0.8 0.8 0.8]
      shininess [0.5]
      transparency [0.00]
    }

  Coordinate3
  {
    point
    [
      9.05 16.7665 -3.429, -1.43 16.9585 -2.20107, 
      3.97 16.7665 -0.889, 1.43 16.9165 -3.397, 
      8.73 16.7665 -3.429, 3.97 16.9585 -2.93893, 
      9.05 16.9165 -1.743, -3.65 16.9165 -0.857, 
      3.65 16.7665 -0.889, 1.11 16.9165 -3.397, 
      -1.11 16.9585 -0.398927, 3.65 16.9585 -2.93893, 
      8.73 16.9165 -1.743, -3.97 16.9165 -0.857, 
      -1.43 16.9585 -0.398927, -3.97 16.9585 2.14107, 
      6.19 16.9165 0.797, -3.65 16.9585 2.14107, 
      6.51 16.9165 0.797, 6.51 17.0145 -3.415, 
      -9.05 16.9585 2.87893, 1.43 17.0145 -0.875, 
      6.19 17.0145 -3.415, 1.11 16.3428 3.392, 
      -3.97 16.9585 0.338927, -8.73 16.9585 2.87893, 
      1.11 17.0145 -0.875, -3.65 16.9585 -2.20107, 
      1.43 16.3428 3.392, -3.65 16.9585 0.338927, 
      6.51 16.7665 -3.429, -3.97 16.9585 -2.20107, 
      1.43 16.7665 -0.889, -1.11 16.9165 -3.397, 
      6.19 16.7665 -3.429, 1.43 16.9585 -2.93893, 
      6.51 16.9165 -1.743, -6.19 16.9165 -0.857, 
      1.11 16.7665 -0.889, -1.43 16.9165 -3.397, 
      -3.65 16.9585 -0.398927, 1.11 16.9585 -2.93893, 
      6.19 16.9165 -1.743, -6.51 16.9165 -0.857, 
      -3.97 16.9585 -0.398927, -1.43 16.9585 2.14107, 
      8.73 16.9165 0.797, -1.11 16.9585 2.14107, 
      9.05 16.9165 0.797, 3.97 17.0145 -3.415, 
      -6.51 16.9585 2.87893, -1.11 17.0145 -0.875, 
      3.65 17.0145 -3.415, 3.65 16.3428 3.392, 
      -1.43 16.9585 0.338927, -6.19 16.9585 2.87893, 
      -1.43 17.0145 -0.875, -6.19 16.9585 -2.20107, 
      3.97 16.3428 3.392, -1.11 16.9585 0.338927, 
      3.97 16.7665 -3.429, -6.51 16.9585 -2.20107, 
      -1.11 16.7665 -0.889, -3.65 16.9165 -3.397, 
      3.65 16.7665 -3.429, -1.11 16.9585 -2.93893, 
      3.97 16.9165 -1.743, -8.73 16.9165 -0.857, 
      -1.43 16.7665 -0.889, -3.97 16.9165 -3.397, 
      -6.19 16.9585 -0.398927, -1.43 16.9585 -2.93893, 
      3.65 16.9165 -1.743, -9.05 16.9165 -0.857, 
      -6.51 16.9585 -0.398927, 1.11 16.9585 2.14107, 
      1.43 16.9585 2.14107, 1.43 17.0145 -3.415, 
      -3.97 16.9585 2.87893, -3.65 17.0145 -0.875, 
      1.11 17.0145 -3.415, 6.19 16.3428 3.392, 
      1.11 16.9585 0.338927, 9.05 17.1041 -1.71276, 
      -3.65 16.9585 2.87893, -3.97 17.0145 -0.875, 
      -8.73 16.9585 -2.20107, 6.51 16.3428 3.392, 
      1.43 16.9585 0.338927, 8.73 17.1041 -1.71276, 
      1.43 16.7665 -3.429, -9.05 16.9585 -2.20107, 
      -3.65 16.7665 -0.889, -6.19 16.9165 -3.397, 
      1.11 16.7665 -3.429, -3.65 16.9585 -2.93893, 
      1.43 16.9165 -1.743, -3.97 16.7665 -0.889, 
      -6.51 16.9165 -3.397, -8.73 16.9585 -0.398927, 
      -3.97 16.9585 -2.93893, 1.11 16.9165 -1.743, 
      -9.05 16.9585 -0.398927, 3.65 16.9585 2.14107, 
      3.97 16.9585 2.14107, -1.11 17.0145 -3.415, 
      -1.43 16.9585 2.87893, -6.19 17.0145 -0.875, 
      -1.43 17.0145 -3.415, 8.73 16.3428 3.392, 
      3.65 16.9585 0.338927, 6.51 17.1041 -1.71276, 
      -1.11 16.9585 2.87893, -6.51 17.0145 -0.875, 
      9.05 16.3428 3.392, 3.97 16.9585 0.338927, 
      6.19 17.1041 -1.71276, -1.11 16.7665 -3.429, 
      -6.19 16.7665 -0.889, -8.73 16.9165 -3.397, 
      -1.43 16.7665 -3.429, -6.19 16.9585 -2.93893, 
      -1.11 16.9165 -1.743, -6.51 16.7665 -0.889, 
      -9.05 16.9165 -3.397, -6.51 16.9585 -2.93893, 
      -1.43 16.9165 -1.743, -9.05 14.35 1.628, 
      6.19 16.9585 2.14107, -8.73 14.35 1.628, 
      6.51 16.9585 2.14107, -3.65 17.0145 -3.415, 
      1.11 16.9585 2.87893, -9.05 17.0145 0.815, 
      -8.73 17.0145 -0.875, -3.97 17.0145 -3.415, 
      6.19 16.9585 0.338927, 3.97 17.1041 -1.71276, 
      1.43 16.9585 2.87893, -8.73 17.0145 0.815, 
      -9.05 17.0145 -0.875, 6.51 16.9585 0.338927, 
      3.65 17.1041 -1.71276, -3.65 16.7665 -3.429, 
      -8.73 16.7665 -0.889, -3.97 16.7665 -3.429, 
      -8.73 16.9585 -2.93893, -3.65 16.9165 -1.743, 
      -9.05 16.7665 -0.889, -9.05 16.9585 -2.93893, 
      -3.97 16.9165 -1.743, -6.51 14.35 1.628, 
      8.73 16.9585 2.14107, -6.19 14.35 1.628, 
      9.05 16.9585 2.14107, -6.19 17.0145 -3.415, 
      3.65 16.9585 2.87893, -6.51 17.0145 0.815, 
      -6.51 17.0145 -3.415, 8.73 16.9585 0.338927, 
      1.43 17.1041 -1.71276, 3.97 16.9585 2.87893, 
      -6.19 17.0145 0.815, 9.05 16.9585 0.338927, 
      1.11 17.1041 -1.71276, -6.19 16.7665 -3.429, 
      -6.51 16.7665 -3.429, -6.19 16.9165 -1.743, 
      -9.05 17.1945 0.83, -6.51 16.9165 -1.743, 
      -3.97 14.35 1.628, -8.73 17.1945 0.83, 
      -3.65 14.35 1.628, -8.73 17.0145 -3.415, 
      6.19 16.9585 2.87893, -3.97 17.0145 0.815, 
      -9.05 17.0145 -3.415, -1.11 17.1041 -1.71276, 
      6.51 16.9585 2.87893, -3.65 17.0145 0.815, 
      -1.43 17.1041 -1.71276, -8.73 16.7665 -3.429, 
      -9.05 16.7665 -3.429, -8.73 16.9165 -1.743, 
      -6.51 17.1945 0.83, -9.05 16.9165 -1.743, 
      -1.43 14.35 1.628, -6.19 17.1945 0.83, 
      -1.11 14.35 1.628, 8.73 16.9585 2.87893, 
      -1.43 17.0145 0.815, -3.65 17.1041 -1.71276, 
      9.05 16.9585 2.87893, -1.11 17.0145 0.815, 
      -3.97 17.1041 -1.71276, -3.97 17.1945 0.83, 
      1.11 14.35 1.628, -3.65 17.1945 0.83, 
      1.43 14.35 1.628, 1.11 17.0145 0.815, 
      -6.19 17.1041 -1.71276, 1.43 17.0145 0.815, 
      -6.51 17.1041 -1.71276, 9.05 16.7665 -1.711, 
      8.73 16.7665 -1.711, -1.43 17.1945 0.83, 
      3.65 14.35 1.628, -1.11 17.1945 0.83, 
      3.97 14.35 1.628, 3.65 17.0145 0.815, 
      -8.73 17.1041 -1.71276, 3.97 17.0145 0.815, 
      -9.05 22.2275 1.78, -9.05 17.1041 -1.71276, 
      -8.73 22.2275 1.78, 6.51 16.7665 -1.711, 
      -9.05 16.7325 0.852, 6.19 16.7665 -1.711, 
      1.11 17.1945 0.83, -8.73 16.7325 0.852, 
      6.19 14.35 1.628, 1.43 17.1945 0.83, 
      6.51 14.35 1.628, 6.19 17.0145 0.815, 
      6.51 17.0145 0.815, -6.51 22.2275 1.78, 
      -6.19 22.2275 1.78, 3.97 16.7665 -1.711, 
      -6.51 16.7325 0.852, 3.65 16.7665 -1.711, 
      3.65 17.1945 0.83, -6.19 16.7325 0.852, 
      8.73 14.35 1.628, 3.97 17.1945 0.83, 
      9.05 14.35 1.628, 8.73 17.0145 0.815, 
      9.05 17.0145 0.815, -3.97 22.2275 1.78, 
      -3.65 22.2275 1.78, 1.43 16.7665 -1.711, 
      -3.97 16.7325 0.852, 1.11 16.7665 -1.711, 
      6.19 17.1945 0.83, -3.65 16.7325 0.852, 
      6.51 17.1945 0.83, -1.43 22.2275 1.78, 
      -1.11 22.2275 1.78, -1.11 16.7665 -1.711, 
      -1.43 16.7325 0.852, -1.43 16.7665 -1.711, 
      8.73 17.1945 0.83, -1.11 16.7325 0.852, 
      9.05 17.1945 0.83, 9.05 22.2275 -0.456, 
      8.73 22.2275 -0.456, 9.05 14.35 -1.688, 
      8.73 14.35 -1.688, 1.11 22.2275 1.78, 
      1.43 22.2275 1.78, -3.65 16.7665 -1.711, 
      1.11 16.7325 0.852, -3.97 16.7665 -1.711, 
      1.43 16.7325 0.852, 6.51 22.2275 -0.456, 
      6.19 22.2275 -0.456, 6.51 14.35 -1.688, 
      9.05 16.88 -1.74635, 6.19 14.35 -1.688, 
      3.65 22.2275 1.78, 8.73 16.88 -1.74635, 
      3.97 22.2275 1.78, -6.19 16.7665 -1.711, 
      -9.05 22.2275 0.7, 3.65 16.7325 0.852, 
      -6.51 16.7665 -1.711, 9.05 22.2275 -2.144, 
      -8.73 22.2275 0.7, 3.97 16.7325 0.852, 
      8.73 22.2275 -2.144, 9.05 22.2275 -2.996, 
      3.97 22.2275 -0.456, 8.73 22.2275 -2.996, 
      3.65 22.2275 -0.456, 3.97 14.35 -1.688, 
      6.51 16.88 -1.74635, 3.65 14.35 -1.688, 
      6.19 22.2275 1.78, 6.19 16.88 -1.74635, 
      6.51 22.2275 1.78, -8.73 16.7665 -1.711, 
      -6.51 22.2275 0.7, 6.19 16.7325 0.852, 
      -9.05 16.7665 -1.711, 6.51 22.2275 -2.144, 
      -6.19 22.2275 0.7, 6.51 16.7325 0.852, 
      6.19 22.2275 -2.144, 6.51 22.2275 -2.996, 
      1.43 22.2275 -0.456, 6.19 22.2275 -2.996, 
      1.11 22.2275 -0.456, 1.43 14.35 -1.688, 
      3.97 16.88 -1.74635, 1.11 14.35 -1.688, 
      -9.05 16.78 0.820443, 8.73 22.2275 1.78, 
      3.65 16.88 -1.74635, -8.73 16.78 0.820443, 
      9.05 22.2275 1.78, -9.05 22.2275 3.24, 
      -3.97 22.2275 0.7, -8.73 22.2275 3.24, 
      8.73 16.7325 0.852, 3.97 22.2275 -2.144, 
      -3.65 22.2275 0.7, 9.05 16.7325 0.852, 
      3.65 22.2275 -2.144, 3.97 22.2275 -2.996, 
      -1.11 22.2275 -0.456, 3.65 22.2275 -2.996, 
      -1.43 22.2275 -0.456, -1.11 14.35 -1.688, 
      1.43 16.88 -1.74635, -1.43 14.35 -1.688, 
      -6.51 16.78 0.820443, 1.11 16.88 -1.74635, 
      -6.19 16.78 0.820443, -6.51 22.2275 3.24, 
      -1.43 22.2275 0.7, -6.19 22.2275 3.24, 
      1.43 22.2275 -2.144, -1.11 22.2275 0.7, 
      -9.05 16.3428 1.628, 1.11 22.2275 -2.144, 
      1.43 22.2275 -2.996, -8.73 16.3428 1.628, 
      -3.65 22.2275 -0.456, 1.11 22.2275 -2.996, 
      -3.97 22.2275 -0.456, -3.65 14.35 -1.688, 
      -1.11 16.88 -1.74635, -3.97 14.35 -1.688, 
      -3.97 16.78 0.820443, 8.73 14.35 -3, 
      -1.43 16.88 -1.74635, -3.65 16.78 0.820443, 
      9.05 17.1715 -0.456, -3.97 22.2275 3.24, 
      1.11 22.2275 0.7, 8.73 17.1715 -0.456, 
      -3.65 22.2275 3.24, -1.11 22.2275 -2.144, 
      1.43 22.2275 0.7, -6.51 16.3428 1.628, 
      -1.43 22.2275 -2.144, -1.11 22.2275 -2.996, 
      -6.19 16.3428 1.628, -6.19 22.2275 -0.456, 
      -1.43 22.2275 -2.996, -6.51 22.2275 -0.456, 
      -6.19 14.35 -1.688, 6.51 14.35 -3, 
      -3.65 16.88 -1.74635, -6.51 14.35 -1.688, 
      -1.43 16.78 0.820443, 6.19 14.35 -3, 
      -3.97 16.88 -1.74635, -1.11 16.78 0.820443, 
      6.51 17.1715 -0.456, -1.43 22.2275 3.24, 
      3.65 22.2275 0.7, 6.19 17.1715 -0.456, 
      -1.11 22.2275 3.24, -3.65 22.2275 -2.144, 
      3.97 22.2275 0.7, -3.97 16.3428 1.628, 
      -3.97 22.2275 -2.144, -3.65 22.2275 -2.996, 
      -3.65 16.3428 1.628, -8.73 22.2275 -0.456, 
      -3.97 22.2275 -2.996, -9.05 22.2275 -0.456, 
      -8.73 14.35 -1.688, 3.97 14.35 -3, 
      9.05 17.1715 -2.144, -6.19 16.88 -1.74635, 
      -9.05 14.35 -1.688, 8.73 14.3 -3, 
      1.11 16.78 0.820443, 3.65 14.35 -3, 
      8.73 17.1715 -2.144, 9.05 17.1715 -2.996, 
      -6.51 16.88 -1.74635, 1.43 16.78 0.820443, 
      3.97 17.1715 -0.456, 1.11 22.2275 3.24, 
      8.73 17.1715 -2.996, 6.19 22.2275 0.7, 
      3.65 17.1715 -0.456, 1.43 22.2275 3.24, 
      -6.19 22.2275 -2.144, 6.51 22.2275 0.7, 
      -1.43 16.3428 1.628, -6.51 22.2275 -2.144, 
      -6.19 22.2275 -2.996, -1.11 16.3428 1.628, 
      -9.05 16.7455 -0.03, -6.51 22.2275 -2.996, 
      -8.73 16.7455 -0.03, 6.51 14.3 -3, 
      1.43 14.35 -3, 6.51 17.1715 -2.144, 
      -8.73 16.88 -1.74635, 6.19 14.3 -3, 
      3.65 16.78 0.820443, 1.11 14.35 -3, 
      6.19 17.1715 -2.144, 6.51 17.1715 -2.996, 
      -9.05 16.88 -1.74635, 3.97 16.78 0.820443, 
      1.43 17.1715 -0.456, 3.65 22.2275 3.24, 
      6.19 17.1715 -2.996, 8.73 22.2275 0.7, 
      1.11 17.1715 -0.456, 3.97 22.2275 3.24, 
      8.73 14.35 -3.41044, -8.73 22.2275 -2.144, 
      9.05 22.2275 0.7, 1.11 16.3428 1.628, 
      -9.05 22.2275 -2.144, -8.73 22.2275 -2.996, 
      1.43 16.3428 1.628, -6.51 16.7455 -0.03, 
      -9.05 22.2275 -2.996, 9.05 14.3 -3.41006, 
      -6.19 16.7455 -0.03, 3.97 14.3 -3, 
      -1.11 14.35 -3, 3.97 17.1715 -2.144, 
      3.65 14.3 -3, 6.19 16.78 0.820443, 
      -1.43 14.35 -3, 3.65 17.1715 -2.144, 
      3.97 17.1715 -2.996, 6.51 16.78 0.820443, 
      -1.11 17.1715 -0.456, 6.19 22.2275 3.24, 
      3.65 17.1715 -2.996, 6.51 14.35 -3.41044, 
      -1.43 17.1715 -0.456, 6.51 22.2275 3.24, 
      6.19 14.35 -3.41044, 3.65 16.3428 1.628, 
      -9.05 16.7455 2.51, 3.97 16.3428 1.628, 
      -3.97 16.7455 -0.03, -8.73 16.7455 2.51, 
      -3.65 16.7455 -0.03, 1.43 14.3 -3, 
      -3.65 14.35 -3, -9.05 16.8026 0.183, 
      1.43 17.1715 -2.144, 1.11 14.3 -3, 
      8.73 16.78 0.820443, -3.97 14.35 -3, 
      -8.73 16.8026 0.183, 1.11 17.1715 -2.144, 
      1.43 17.1715 -2.996, 9.05 16.78 0.820443, 
      -3.65 17.1715 -0.456, 8.73 22.2275 3.24, 
      1.11 17.1715 -2.996, 3.97 14.35 -3.41044, 
      -3.97 17.1715 -0.456, 9.05 22.2275 3.24, 
      3.65 14.35 -3.41044, 6.19 16.3428 1.628, 
      -6.51 16.7455 2.51, 6.51 16.3428 1.628, 
      -1.43 16.7455 -0.03, -6.19 16.7455 2.51, 
      -1.11 16.7455 -0.03, -1.11 14.3 -3, 
      -6.19 14.35 -3, -6.51 16.8026 0.183, 
      -1.11 17.1715 -2.144, -1.43 14.3 -3, 
      -6.51 14.35 -3, -6.19 16.8026 0.183, 
      -1.43 17.1715 -2.144, -1.11 17.1715 -2.996, 
      -6.19 17.1715 -0.456, -1.43 17.1715 -2.996, 
      1.43 14.35 -3.41044, -6.51 17.1715 -0.456, 
      1.11 14.35 -3.41044, 8.73 16.3428 1.628, 
      -3.97 16.7455 2.51, 9.05 16.3428 1.628, 
      9.05 16.7325 -0.912, 1.11 16.7455 -0.03, 
      -3.65 16.7455 2.51, -9.05 16.8026 2.297, 
      8.73 16.7325 -0.912, 1.43 16.7455 -0.03, 
      -9.05 16.8026 2.723, -3.65 14.3 -3, 
      -8.73 16.8026 2.297, -8.73 14.35 -3, 
      -3.97 16.8026 0.183, -8.73 16.8026 2.723, 
      -3.65 17.1715 -2.144, -3.97 14.3 -3, 
      -3.65 16.8026 0.183, -3.97 17.1715 -2.144, 
      -3.65 17.1715 -2.996, -8.73 17.1715 -0.456, 
      -3.97 17.1715 -2.996, -1.11 14.35 -3.41044, 
      -9.05 17.1715 -0.456, -1.43 14.35 -3.41044, 
      -1.43 16.7455 2.51, 6.51 16.7325 -0.912, 
      3.65 16.7455 -0.03, -1.11 16.7455 2.51, 
      -6.51 16.8026 2.297, 6.19 16.7325 -0.912, 
      3.97 16.7455 -0.03, -6.51 16.8026 2.723, 
      -6.19 14.3 -3, -6.19 16.8026 2.297, 
      -1.43 16.8026 0.183, -6.19 16.8026 2.723, 
      -6.19 17.1715 -2.144, -6.51 14.3 -3, 
      -1.11 16.8026 0.183, -6.51 17.1715 -2.144, 
      -6.19 17.1715 -2.996, -6.51 17.1715 -2.996, 
      -3.65 14.35 -3.41044, -3.97 14.35 -3.41044, 
      1.11 16.7455 2.51, 3.97 16.7325 -0.912, 
      6.19 16.7455 -0.03, 1.43 16.7455 2.51, 
      -3.97 16.8026 2.297, 3.65 16.7325 -0.912, 
      6.51 16.7455 -0.03, -3.97 16.8026 2.723, 
      -8.73 14.3 -3, -3.65 16.8026 2.297, 
      1.11 16.8026 0.183, -3.65 16.8026 2.723, 
      -8.73 17.1715 -2.144, 1.43 16.8026 0.183, 
      -9.05 17.1715 -2.144, -8.73 17.1715 -2.996, 
      -9.05 17.1715 -2.996, -6.19 14.35 -3.41044, 
      -6.51 14.35 -3.41044, 9.05 16.78 -0.880443, 
      3.65 16.7455 2.51, 1.43 16.7325 -0.912, 
      8.73 16.7455 -0.03, 8.73 16.78 -0.880443, 
      3.97 16.7455 2.51, -1.43 16.8026 2.297, 
      1.11 16.7325 -0.912, 9.05 16.7455 -0.03, 
      -1.43 16.8026 2.723, -1.11 16.8026 2.297, 
      3.65 16.8026 0.183, -1.11 16.8026 2.723, 
      3.97 16.8026 0.183, -8.73 14.35 -3.41044, 
      6.51 16.78 -0.880443, 6.19 16.7455 2.51, 
      -1.11 16.7325 -0.912, 6.19 16.78 -0.880443, 
      6.51 16.7455 2.51, 1.11 16.8026 2.297, 
      -1.43 16.7325 -0.912, -9.05 14.3 -3.41006, 
      1.11 16.8026 2.723, 1.43 16.8026 2.297, 
      6.19 16.8026 0.183, 1.43 16.8026 2.723, 
      6.51 16.8026 0.183, 9.05 16.78 -3.42044, 
      3.97 16.78 -0.880443, 8.73 16.7455 2.51, 
      8.73 16.78 -3.42044, -3.65 16.7325 -0.912, 
      3.65 16.78 -0.880443, 9.05 16.7455 2.51, 
      3.65 16.8026 2.297, -3.97 16.7325 -0.912, 
      3.65 16.8026 2.723, 3.97 16.8026 2.297, 
      8.73 16.8026 0.183, 3.97 16.8026 2.723, 
      9.05 16.8026 0.183, 6.51 16.78 -3.42044, 
      1.43 16.78 -0.880443, 6.19 16.78 -3.42044, 
      -6.19 16.7325 -0.912, 1.11 16.78 -0.880443, 
      6.19 16.8026 2.297, -6.51 16.7325 -0.912, 
      6.19 16.8026 2.723, 6.51 16.8026 2.297, 
      6.51 16.8026 2.723, 3.97 16.78 -3.42044, 
      -1.11 16.78 -0.880443, 3.65 16.78 -3.42044, 
      -8.73 16.7325 -0.912, -1.43 16.78 -0.880443, 
      8.73 16.8026 2.297, -9.05 16.7325 -0.912, 
      8.73 16.8026 2.723, 9.05 16.8026 2.297, 
      9.05 16.8026 2.723, 1.43 16.78 -3.42044, 
      -3.65 16.78 -0.880443, 1.11 16.78 -3.42044, 
      -3.97 16.78 -0.880443, 9.05 16.8026 -0.243, 
      8.73 16.8026 -0.243, -1.11 16.78 -3.42044, 
      -6.19 16.78 -0.880443, -1.43 16.78 -3.42044, 
      -6.51 16.78 -0.880443, 6.51 16.8026 -0.243, 
      6.19 16.8026 -0.243, -3.65 16.78 -3.42044, 
      9.05 16.8026 -2.357, -8.73 16.78 -0.880443, 
      -3.97 16.78 -3.42044, 9.05 16.8026 -2.783, 
      8.73 16.8026 -2.357, -9.05 16.78 -0.880443, 
      3.97 16.8026 -0.243, 8.73 16.8026 -2.783, 
      3.65 16.8026 -0.243, -6.19 16.78 -3.42044, 
      6.51 16.8026 -2.357, -6.51 16.78 -3.42044, 
      6.51 16.8026 -2.783, 6.19 16.8026 -2.357, 
      1.43 16.8026 -0.243, 6.19 16.8026 -2.783, 
      1.11 16.8026 -0.243, -8.73 16.78 -3.42044, 
      3.97 16.8026 -2.357, -9.05 16.78 -3.42044, 
      3.97 16.8026 -2.783, 3.65 16.8026 -2.357, 
      -1.11 16.8026 -0.243, 3.65 16.8026 -2.783, 
      9.05 16.7455 -2.57, -1.43 16.8026 -0.243, 
      8.73 16.7455 -2.57, -9.05 17.1715 0.396, 
      1.43 16.8026 -2.357, 1.43 16.8026 -2.783, 
      -8.73 17.1715 0.396, 1.11 16.8026 -2.357, 
      -3.65 16.8026 -0.243, 1.11 16.8026 -2.783, 
      6.51 16.7455 -2.57, -3.97 16.8026 -0.243, 
      6.19 16.7455 -2.57, -6.51 17.1715 0.396, 
      -1.11 16.8026 -2.357, -1.11 16.8026 -2.783, 
      -6.19 17.1715 0.396, -1.43 16.8026 -2.357, 
      -6.19 16.8026 -0.243, -1.43 16.8026 -2.783, 
      3.97 16.7455 -2.57, -6.51 16.8026 -0.243, 
      3.65 16.7455 -2.57, -9.05 17.1715 2.084, 
      -9.05 17.1715 2.936, -8.73 17.1715 2.084, 
      -3.97 17.1715 0.396, -8.73 17.1715 2.936, 
      -3.65 16.8026 -2.357, -3.65 16.8026 -2.783, 
      -3.65 17.1715 0.396, -3.97 16.8026 -2.357, 
      -8.73 16.8026 -0.243, -3.97 16.8026 -2.783, 
      1.43 16.7455 -2.57, -9.05 16.8026 -0.243, 
      1.11 16.7455 -2.57, -6.51 17.1715 2.084, 
      -6.51 17.1715 2.936, -6.19 17.1715 2.084, 
      -1.43 17.1715 0.396, -6.19 17.1715 2.936, 
      -6.19 16.8026 -2.357, -6.19 16.8026 -2.783, 
      -1.11 17.1715 0.396, -6.51 16.8026 -2.357, 
      -6.51 16.8026 -2.783, -1.11 16.7455 -2.57, 
      -1.43 16.7455 -2.57, -3.97 17.1715 2.084, 
      -3.97 17.1715 2.936, -3.65 17.1715 2.084, 
      9.05 16.78 -1.71956, 1.11 17.1715 0.396, 
      -3.65 17.1715 2.936, -8.73 16.8026 -2.357, 
      9.05 17.1041 -0.887239, 8.73 16.78 -1.71956, 
      -8.73 16.8026 -2.783, 1.43 17.1715 0.396, 
      -9.05 16.8026 -2.357, 8.73 17.1041 -0.887239, 
      -9.05 16.8026 -2.783, -3.65 16.7455 -2.57, 
      -3.97 16.7455 -2.57, -1.43 17.1715 2.084, 
      -1.43 17.1715 2.936, -1.11 17.1715 2.084, 
      6.51 16.78 -1.71956, 3.65 17.1715 0.396, 
      -1.11 17.1715 2.936, 6.51 17.1041 -0.887239, 
      6.19 16.78 -1.71956, 3.97 17.1715 0.396, 
      6.19 17.1041 -0.887239, -6.19 16.7455 -2.57, 
      -6.51 16.7455 -2.57, -9.05 22.2275 0.396, 
      9.05 22.2275 -1.84, -8.73 22.2275 0.396, 
      1.11 17.1715 2.084, 8.73 22.2275 -1.84, 
      1.11 17.1715 2.936, 1.43 17.1715 2.084, 
      9.05 17.1041 -3.42724, 3.97 16.78 -1.71956, 
      -9.05 16.88 0.793648, 6.19 17.1715 0.396, 
      1.43 17.1715 2.936, 3.97 17.1041 -0.887239, 
      8.73 17.1041 -3.42724, 3.65 16.78 -1.71956, 
      -8.73 16.88 0.793648, 6.51 17.1715 0.396, 
      3.65 17.1041 -0.887239, -8.73 16.7455 -2.57, 
      -9.05 16.7455 -2.57, -6.51 22.2275 0.396, 
      6.51 22.2275 -1.84, -6.19 22.2275 0.396, 
      3.65 17.1715 2.084, 6.19 22.2275 -1.84, 
      3.65 17.1715 2.936, 3.97 17.1715 2.084, 
      6.51 17.1041 -3.42724, 1.43 16.78 -1.71956, 
      -6.51 16.88 0.793648, 8.73 17.1715 0.396, 
      -9.05 14.3 3.392, 3.97 17.1715 2.936, 
      1.43 17.1041 -0.887239, 6.19 17.1041 -3.42724, 
      1.11 16.78 -1.71956, -9.05 14.35 0.852, 
      -6.19 16.88 0.793648, 9.05 17.1715 0.396, 
      -8.73 14.3 3.392, 1.11 17.1041 -0.887239, 
      -8.73 14.35 0.852, -9.05 22.2275 2.084, 
      -9.05 22.2275 2.936, -8.73 22.2275 2.084, 
      -3.97 22.2275 0.396, -8.73 22.2275 2.936, 
      3.97 22.2275 -1.84, -3.65 22.2275 0.396, 
      6.19 17.1715 2.084, 3.65 22.2275 -1.84, 
      6.19 17.1715 2.936, 6.51 17.1715 2.084, 
      3.97 17.1041 -3.42724, -1.11 16.78 -1.71956, 
      -3.97 16.88 0.793648, -6.51 14.3 3.392, 
      6.51 17.1715 2.936, -1.11 17.1041 -0.887239, 
      3.65 17.1041 -3.42724, -1.43 16.78 -1.71956, 
      -6.51 14.35 0.852, -3.65 16.88 0.793648, 
      -6.19 14.3 3.392, -1.43 17.1041 -0.887239, 
      -6.19 14.35 0.852, -6.51 22.2275 2.084, 
      -6.51 22.2275 2.936, -6.19 22.2275 2.084, 
      -1.43 22.2275 0.396, -6.19 22.2275 2.936, 
      1.43 22.2275 -1.84, -1.11 22.2275 0.396, 
      8.73 17.1715 2.084, 1.11 22.2275 -1.84, 
      8.73 17.1715 2.936, 9.05 17.1715 2.084, 
      1.43 17.1041 -3.42724, -3.65 16.78 -1.71956, 
      -1.43 16.88 0.793648, -3.97 14.3 3.392, 
      9.05 17.1715 2.936, -3.65 17.1041 -0.887239, 
      1.11 17.1041 -3.42724, -3.97 16.78 -1.71956, 
      -3.97 14.35 0.852, -1.11 16.88 0.793648, 
      -8.73 14.35 3.392, -3.65 14.3 3.392, 
      -3.97 17.1041 -0.887239, -3.65 14.35 0.852, 
      -3.97 22.2275 2.084, -3.97 22.2275 2.936, 
      -3.65 22.2275 2.084, 1.11 22.2275 0.396, 
      -3.65 22.2275 2.936, 9.05 16.88 -0.853648, 
      -1.11 22.2275 -1.84, 1.43 22.2275 0.396, 
      8.73 16.88 -0.853648, -1.43 22.2275 -1.84, 
      -1.11 17.1041 -3.42724, -6.19 16.78 -1.71956, 
      1.11 16.88 0.793648, -6.51 14.35 3.392, 
      -1.43 14.3 3.392, -6.19 17.1041 -0.887239, 
      -1.43 17.1041 -3.42724, -6.51 16.78 -1.71956, 
      -1.43 14.35 0.852, 1.43 16.88 0.793648, 
      -6.19 14.35 3.392, -1.11 14.3 3.392, 
      -6.51 17.1041 -0.887239, -1.11 14.35 0.852, 
      -1.43 22.2275 2.084, -1.43 22.2275 2.936, 
      -1.11 22.2275 2.084, 3.65 22.2275 0.396, 
      -1.11 22.2275 2.936, 9.05 16.7325 -1.688, 
      6.51 16.88 -0.853648, -3.65 22.2275 -1.84, 
      3.97 22.2275 0.396, 8.73 16.7325 -1.688, 
      6.19 16.88 -0.853648, -3.97 22.2275 -1.84, 
      -3.65 17.1041 -3.42724, 9.05 22.2275 -0.76, 
      -8.73 16.78 -1.71956, 3.65 16.88 0.793648, 
      -3.97 14.35 3.392, 1.11 14.3 3.392, 
      -8.73 17.1041 -0.887239, -3.97 17.1041 -3.42724, 
      8.73 22.2275 -0.76, -9.05 16.78 -1.71956, 
      1.11 14.35 0.852, 3.97 16.88 0.793648, 
      -3.65 14.35 3.392, 1.43 14.3 3.392, 
      -9.05 17.1041 -0.887239, 1.43 14.35 0.852, 
      1.11 22.2275 2.084, 9.05 17.1945 -0.89, 
      1.11 22.2275 2.936, 1.43 22.2275 2.084, 
      8.73 17.1945 -0.89, 9.05 16.88 -3.39365, 
      6.19 22.2275 0.396, 1.43 22.2275 2.936, 
      6.51 16.7325 -1.688, 3.97 16.88 -0.853648, 
      8.73 16.88 -3.39365, -6.19 22.2275 -1.84, 
      6.51 22.2275 0.396, -9.05 16.7665 0.829, 
      6.19 16.7325 -1.688, 3.65 16.88 -0.853648, 
      -6.51 22.2275 -1.84, -8.73 16.7665 0.829, 
      -6.19 17.1041 -3.42724, 6.51 22.2275 -0.76, 
      6.19 16.88 0.793648, -1.43 14.35 3.392, 
      3.65 14.3 3.392, -6.51 17.1041 -3.42724, 
      6.19 22.2275 -0.76, 3.65 14.35 0.852, 
      6.51 16.88 0.793648, -1.11 14.35 3.392, 
      3.97 14.3 3.392, 3.97 14.35 0.852, 
      3.65 22.2275 2.084, 6.51 17.1945 -0.89, 
      3.65 22.2275 2.936, 3.97 22.2275 2.084, 
      6.19 17.1945 -0.89, 6.51 16.88 -3.39365, 
      8.73 22.2275 0.396, 3.97 22.2275 2.936, 
      3.97 16.7325 -1.688, 1.43 16.88 -0.853648, 
      6.19 16.88 -3.39365, -8.73 22.2275 -1.84, 
      9.05 22.2275 0.396, -6.51 16.7665 0.829, 
      3.65 16.7325 -1.688, 1.11 16.88 -0.853648, 
      -9.05 22.2275 -1.84, -6.19 16.7665 0.829, 
      9.05 22.2275 -3.3, -8.73 17.1041 -3.42724, 
      3.97 22.2275 -0.76, 8.73 22.2275 -3.3, 
      8.73 16.88 0.793648, 1.11 14.35 3.392, 
      6.19 14.3 3.392, -9.05 17.1041 -3.42724, 
      3.65 22.2275 -0.76, 6.19 14.35 0.852, 
      9.05 16.88 0.793648, 1.43 14.35 3.392, 
      6.51 14.3 3.392, 6.51 14.35 0.852, 
      9.05 17.1945 -3.43, 6.19 22.2275 2.084, 
      3.97 17.1945 -0.89, 8.73 17.1945 -3.43, 
      6.19 22.2275 2.936, 6.51 22.2275 2.084, 
      3.65 17.1945 -0.89, 3.97 16.88 -3.39365, 
      6.51 22.2275 2.936, 1.43 16.7325 -1.688, 
      -1.11 16.88 -0.853648, 3.65 16.88 -3.39365, 
      -3.97 16.7665 0.829, 1.11 16.7325 -1.688, 
      -1.43 16.88 -0.853648, -3.65 16.7665 0.829, 
      6.51 22.2275 -3.3, 1.43 22.2275 -0.76, 
      6.19 22.2275 -3.3, 3.65 14.35 3.392, 
      8.73 14.3 3.392, 1.11 22.2275 -0.76, 
      8.73 14.35 0.852, 3.97 14.35 3.392, 
      9.05 14.3 3.392, 9.05 14.35 0.852, 
      6.51 17.1945 -3.43, 8.73 22.2275 2.084, 
      1.43 17.1945 -0.89, 6.19 17.1945 -3.43, 
      8.73 22.2275 2.936, 9.05 22.2275 2.084, 
      1.11 17.1945 -0.89, 9.05 17.1945 -1.71, 
      1.43 16.88 -3.39365, 9.05 22.2275 2.936, 
      -1.11 16.7325 -1.688, -3.65 16.88 -0.853648, 
      8.73 17.1945 -1.71, 1.11 16.88 -3.39365, 
      -1.43 16.7665 0.829, -1.43 16.7325 -1.688, 
      -3.97 16.88 -0.853648, -1.11 16.7665 0.829, 
      3.97 22.2275 -3.3, -1.11 22.2275 -0.76, 
      3.65 22.2275 -3.3, 6.19 14.35 3.392, 
      -1.43 22.2275 -0.76, 6.51 14.35 3.392, 
      3.97 17.1945 -3.43, -1.11 17.1945 -0.89, 
      3.65 17.1945 -3.43, -1.43 17.1945 -0.89, 
      6.51 17.1945 -1.71, -1.11 16.88 -3.39365, 
      -3.65 16.7325 -1.688, -6.19 16.88 -0.853648, 
      6.19 17.1945 -1.71, -1.43 16.88 -3.39365, 
      1.11 16.7665 0.829, -3.97 16.7325 -1.688, 
      -6.51 16.88 -0.853648, 1.43 16.7665 0.829, 
      1.43 22.2275 -3.3, -3.65 22.2275 -0.76, 
      1.11 22.2275 -3.3, 8.73 14.35 3.392, 
      -3.97 22.2275 -0.76, 9.05 17.0145 -1.725, 
      1.43 17.1945 -3.43, 8.73 17.0145 -1.725, 
      -3.65 17.1945 -0.89, 1.11 17.1945 -3.43, 
      9.05 14.35 -0.912, -3.97 17.1945 -0.89, 
      3.97 17.1945 -1.71, -3.65 16.88 -3.39365, 
      8.73 14.35 -0.912, -6.19 16.7325 -1.688, 
      -8.73 16.88 -0.853648, 3.65 17.1945 -1.71, 
      -3.97 16.88 -3.39365, 3.65 16.7665 0.829, 
      -6.51 16.7325 -1.688, -9.05 16.88 -0.853648, 
      3.97 16.7665 0.829, -1.11 22.2275 -3.3, 
      -6.19 22.2275 -0.76, -1.43 22.2275 -3.3, 
      -6.51 22.2275 -0.76, 6.51 17.0145 -1.725, 
      -1.11 17.1945 -3.43, 6.19 17.0145 -1.725, 
      -6.19 17.1945 -0.89, -1.43 17.1945 -3.43, 
      6.51 14.35 -0.912, -6.51 17.1945 -0.89, 
      1.43 17.1945 -1.71, -6.19 16.88 -3.39365, 
      6.19 14.35 -0.912, -8.73 16.7325 -1.688, 
      1.11 17.1945 -1.71, -6.51 16.88 -3.39365, 
      6.19 16.7665 0.829, -9.05 16.7325 -1.688, 
      6.51 16.7665 0.829, -3.65 22.2275 -3.3, 
      -8.73 22.2275 -0.76, -3.97 22.2275 -3.3, 
      -9.05 17.1041 0.827239, -9.05 22.2275 -0.76, 
      3.97 17.0145 -1.725, -8.73 17.1041 0.827239, 
      -3.65 17.1945 -3.43, 3.65 17.0145 -1.725, 
      -8.73 17.1945 -0.89, -3.97 17.1945 -3.43, 
      3.97 14.35 -0.912, -9.05 17.1945 -0.89, 
      -1.11 17.1945 -1.71, -8.73 16.88 -3.39365, 
      3.65 14.35 -0.912, -1.43 17.1945 -1.71, 
      -9.05 16.88 -3.39365, 8.73 16.7665 0.829, 
      9.05 16.7665 0.829, -6.19 22.2275 -3.3, 
      -6.51 22.2275 -3.3, -6.51 17.1041 0.827239, 
      1.43 17.0145 -1.725, -6.19 17.1041 0.827239, 
      -6.19 17.1945 -3.43, 1.11 17.0145 -1.725, 
      -6.51 17.1945 -3.43, 1.43 14.35 -0.912, 
      -3.65 17.1945 -1.71, 1.11 14.35 -0.912, 
      -3.97 17.1945 -1.71, -8.73 22.2275 -3.3, 
      -9.05 22.2275 -3.3, -3.97 17.1041 0.827239, 
      -1.11 17.0145 -1.725, -3.65 17.1041 0.827239, 
      -8.73 17.1945 -3.43, -1.43 17.0145 -1.725, 
      -9.05 17.1945 -3.43, -1.11 14.35 -0.912, 
      -6.19 17.1945 -1.71, -1.43 14.35 -0.912, 
      -9.05 16.9165 0.797, -6.51 17.1945 -1.71, 
      -8.73 16.9165 0.797, -1.43 17.1041 0.827239, 
      -3.65 17.0145 -1.725, -1.11 17.1041 0.827239, 
      -3.97 17.0145 -1.725, 9.05 16.9165 -0.857, 
      -3.65 14.35 -0.912, -8.73 17.1945 -1.71, 
      8.73 16.9165 -0.857, -3.97 14.35 -0.912, 
      -6.51 16.9165 0.797, -9.05 17.1945 -1.71, 
      -6.19 16.9165 0.797, 1.11 17.1041 0.827239, 
      9.05 16.9585 -2.20107, -6.19 17.0145 -1.725, 
      1.43 17.1041 0.827239, 8.73 16.9585 -2.20107, 
      -6.51 17.0145 -1.725, 6.51 16.9165 -0.857, 
      9.05 16.9585 -0.398927, -6.19 14.35 -0.912, 
      6.19 16.9165 -0.857, 8.73 16.9585 -0.398927, 
      -6.51 14.35 -0.912, -3.97 16.9165 0.797, 
      -3.65 16.9165 0.797, -9.05 16.3428 3.392, 
      3.65 17.1041 0.827239, 6.51 16.9585 -2.20107, 
      -8.73 16.3428 3.392, -8.73 17.0145 -1.725, 
      3.97 17.1041 0.827239, 6.19 16.9585 -2.20107, 
      -9.05 17.0145 -1.725, 9.05 16.9165 -3.397, 
      3.97 16.9165 -0.857, 8.73 16.9165 -3.397, 
      6.51 16.9585 -0.398927, -8.73 14.35 -0.912, 
      3.65 16.9165 -0.857, 6.19 16.9585 -0.398927, 
      -9.05 14.35 -0.912, -1.43 16.9165 0.797, 
      -1.11 16.9165 0.797, 9.05 17.0145 -0.875, 
      -6.51 16.3428 3.392, 8.73 17.0145 -0.875, 
      6.19 17.1041 0.827239, 3.97 16.9585 -2.20107, 
      -6.19 16.3428 3.392, 6.51 17.1041 0.827239, 
      3.65 16.9585 -2.20107, 9.05 16.7665 -0.889, 
      6.51 16.9165 -3.397, 9.05 16.9585 -2.93893, 
      1.43 16.9165 -0.857, 8.73 16.7665 -0.889, 
      6.19 16.9165 -3.397, 3.97 16.9585 -0.398927, 
      8.73 16.9585 -2.93893, 1.11 16.9165 -0.857, 
      3.65 16.9585 -0.398927, -9.05 16.9585 2.14107, 
      1.11 16.9165 0.797, -8.73 16.9585 2.14107, 
      1.43 16.9165 0.797, 6.51 17.0145 -0.875, 
      -3.97 16.3428 3.392, -9.05 16.9585 0.338927, 
      6.19 17.0145 -0.875, 8.73 17.1041 0.827239, 
      1.43 16.9585 -2.20107, -3.65 16.3428 3.392, 
      -8.73 16.9585 0.338927, 9.05 17.1041 0.827239, 
      1.11 16.9585 -2.20107, 6.51 16.7665 -0.889, 
      3.97 16.9165 -3.397, 6.51 16.9585 -2.93893, 
      -1.11 16.9165 -0.857, 6.19 16.7665 -0.889, 
      3.65 16.9165 -3.397, 1.43 16.9585 -0.398927, 
      6.19 16.9585 -2.93893, -1.43 16.9165 -0.857, 
      1.11 16.9585 -0.398927, -6.51 16.9585 2.14107, 
      3.65 16.9165 0.797, -6.19 16.9585 2.14107, 
      3.97 16.9165 0.797, 9.05 17.0145 -3.415, 
      3.97 17.0145 -0.875, 8.73 17.0145 -3.415, 
      -1.43 16.3428 3.392, -6.51 16.9585 0.338927, 
      3.65 17.0145 -0.875, -1.11 16.9585 -2.20107, 
      -6.19 16.9585 0.338927, -1.11 16.3428 3.392
    ]
  }

  Normal
  {
    vector
    [
      1.0000 0.0000 -0.0000,-1.0000 0.0000 0.0000,
      0.0000 -0.0305 -0.9995,0.0000 0.0258 0.9997,
      0.0000 0.3965 -0.9056,0.0000 -0.0000 -1.0000,
      0.0000 0.0000 1.0000,0.0000 -0.0077 -1.0000,
      0.0000 0.2588 0.9659,0.0000 -0.1807 -0.9835,
      0.0000 0.5603 -0.8283,0.0000 0.5343 -0.8453,
      0.0000 0.4830 0.8365,0.0000 -0.1353 0.9908,
      0.0000 0.3965 0.9056,0.0000 -0.1353 -0.9908,
      0.0000 0.9659 0.0000,0.0000 -1.0000 0.0000,
      0.0000 1.0000 0.0000,0.0000 -0.0829 0.9952,
      0.0000 -0.0915 0.9958,0.0000 0.4830 -0.8365,
      0.0000 -0.0829 -0.9952,0.0000 0.2588 -0.9659,
      0.0000 0.0836 -0.9809,0.0000 -0.0915 -0.9958,
      0.0000 0.5603 0.8283,0.0000 0.0836 0.9809,
      0.0000 0.5343 0.8453,0.0000 -0.1807 0.9835,
      0.0000 0.8365 -0.4830,0.0000 -0.0305 0.9995,
      0.0000 0.8365 0.4830,0.0000 0.0258 -0.9997
    ]
  }

    Node_Info
    {
      fields [SFString node_type, SFString node_name]
      node_type "Poly_Surface"
      node_name ""
    }
    NormalBinding { value PER_VERTEX_INDEXED }
    Separator
    {
      MatrixTransform
      {
      matrix 1.0000 0.0000 0.0000 0.0000
             0.0000 0.0000 1.0000 0.0000
             0.0000 -1.0000 0.0000 0.0000
             -0.1800 0.0000 0.0000 1.0000
      }
      IndexedFaceSet
      {
      coordIndex
      [
        849, 483, 438, -1,
        849, 438, 321, -1,
        849, 321, 1089, -1,
        849, 1089, 851, -1,
        849, 851, 188, -1,
        849, 188, 907, -1,
        1062, 177, 486, -1,
        1062, 486, 351, -1,
        1062, 351, 834, -1,
        1084, 122, 1191, -1,
        1084, 1191, 486, -1,
        1084, 486, 177, -1,
        340, 791, 674, -1,
        340, 674, 1191, -1,
        340, 1191, 122, -1,
        247, 978, 707, -1,
        247, 707, 674, -1,
        247, 674, 791, -1,
        105, 838, 491, -1,
        491, 838, 1034, -1,
        491, 1034, 355, -1,
        355, 1034, 1029, -1,
        65, 675, 997, -1,
        65, 997, 33, -1,
        65, 33, 105, -1,
        65, 105, 491, -1,
        978, 321, 707, -1,
        707, 321, 117, -1,
        707, 117, 675, -1,
        675, 117, 629, -1,
        675, 629, 997, -1,
        438, 519, 117, -1,
        438, 117, 321, -1,
        573, 112, 1193, -1,
        1193, 112, 730, -1,
        1193, 730, 372, -1,
        372, 730, 856, -1,
        727, 47, 405, -1,
        405, 47, 571, -1,
        405, 571, 1193, -1,
        1193, 571, 525, -1,
        1193, 525, 573, -1,
        727, 405, 246, -1,
        727, 246, 854, -1,
        907, 188, 405, -1,
        907, 405, 1193, -1,
        207, 1097, 704, -1,
        207, 704, 809, -1,
        207, 809, 331, -1,
        193, 1138, 59, -1,
        193, 59, 704, -1,
        193, 704, 1097, -1,
        823, 367, 536, -1,
        823, 536, 59, -1,
        823, 59, 1138, -1,
        851, 578, 251, -1,
        251, 578, 482, -1,
        251, 482, 985, -1,
        985, 482, 536, -1,
        985, 536, 367, -1,
        51, 795, 446, -1,
        446, 795, 993, -1,
        446, 993, 318, -1,
        318, 993, 987, -1,
        10, 658, 952, -1,
        10, 952, 1174, -1,
        10, 1174, 51, -1,
        10, 51, 446, -1,
        658, 482, 62, -1,
        658, 62, 614, -1,
        658, 614, 952, -1,
        578, 851, 1089, -1,
        482, 578, 62, -1,
        800, 530, 484, -1,
        800, 484, 360, -1,
        800, 360, 1115, -1,
        800, 1115, 802, -1,
        800, 802, 153, -1,
        800, 153, 848, -1,
        1090, 200, 534, -1,
        1090, 534, 400, -1,
        1090, 400, 891, -1,
        1109, 167, 57, -1,
        1109, 57, 534, -1,
        1109, 534, 200, -1,
        385, 839, 702, -1,
        385, 702, 57, -1,
        385, 57, 167, -1,
        271, 1021, 735, -1,
        271, 735, 702, -1,
        271, 702, 839, -1,
        155, 898, 538, -1,
        538, 898, 1074, -1,
        538, 1074, 404, -1,
        404, 1074, 1069, -1,
        121, 703, 1041, -1,
        121, 1041, 93, -1,
        121, 93, 155, -1,
        121, 155, 538, -1,
        1021, 360, 735, -1,
        735, 360, 165, -1,
        735, 165, 703, -1,
        703, 165, 645, -1,
        703, 645, 1041, -1,
        484, 559, 165, -1,
        484, 165, 360, -1,
        533, 55, 1144, -1,
        1144, 55, 701, -1,
        1144, 701, 329, -1,
        329, 701, 807, -1,
        699, 1183, 356, -1,
        356, 1183, 531, -1,
        356, 531, 1144, -1,
        1144, 531, 481, -1,
        1144, 481, 533, -1,
        699, 356, 226, -1,
        699, 226, 805, -1,
        848, 153, 356, -1,
        848, 356, 1144, -1,
        187, 1073, 676, -1,
        187, 676, 759, -1,
        187, 759, 294, -1,
        162, 1106, 1192, -1,
        162, 1192, 676, -1,
        162, 676, 1073, -1,
        774, 326, 489, -1,
        774, 489, 1192, -1,
        774, 1192, 1106, -1,
        802, 606, 231, -1,
        231, 606, 436, -1,
        231, 436, 927, -1,
        927, 436, 489, -1,
        927, 489, 326, -1,
        107, 843, 492, -1,
        492, 843, 1036, -1,
        492, 1036, 357, -1,
        357, 1036, 1030, -1,
        70, 678, 999, -1,
        70, 999, 37, -1,
        70, 37, 107, -1,
        70, 107, 492, -1,
        678, 436, 118, -1,
        678, 118, 630, -1,
        678, 630, 999, -1,
        606, 802, 1115, -1,
        436, 606, 118, -1,
        776, 550, 509, -1,
        776, 509, 382, -1,
        776, 382, 1133, -1,
        776, 1133, 778, -1,
        776, 778, 129, -1,
        776, 129, 824, -1,
        1101, 210, 554, -1,
        1101, 554, 427, -1,
        1101, 427, 921, -1,
        1125, 183, 86, -1,
        1125, 86, 554, -1,
        1125, 554, 210, -1,
        412, 866, 715, -1,
        412, 715, 86, -1,
        412, 86, 183, -1,
        289, 1043, 755, -1,
        289, 755, 715, -1,
        289, 715, 866, -1,
        173, 929, 557, -1,
        557, 929, 1086, -1,
        557, 1086, 431, -1,
        431, 1086, 1081, -1,
        146, 718, 1063, -1,
        146, 1063, 119, -1,
        146, 119, 173, -1,
        146, 173, 557, -1,
        1043, 382, 755, -1,
        755, 382, 181, -1,
        755, 181, 718, -1,
        718, 181, 653, -1,
        718, 653, 1063, -1,
        509, 575, 181, -1,
        509, 181, 382, -1,
        511, 25, 1124, -1,
        1124, 25, 687, -1,
        1124, 687, 311, -1,
        311, 687, 783, -1,
        685, 1159, 335, -1,
        335, 1159, 508, -1,
        335, 508, 1124, -1,
        1124, 508, 457, -1,
        1124, 457, 511, -1,
        685, 335, 214, -1,
        685, 214, 781, -1,
        824, 129, 335, -1,
        824, 335, 1124, -1,
        171, 1055, 666, -1,
        171, 666, 739, -1,
        171, 739, 276, -1,
        139, 1094, 1168, -1,
        139, 1168, 666, -1,
        139, 666, 1055, -1,
        752, 307, 466, -1,
        752, 466, 1168, -1,
        752, 1168, 1094, -1,
        778, 616, 219, -1,
        219, 616, 408, -1,
        219, 408, 897, -1,
        897, 408, 466, -1,
        897, 466, 307, -1,
        134, 870, 517, -1,
        517, 870, 1058, -1,
        517, 1058, 379, -1,
        379, 1058, 1050, -1,
        99, 692, 1022, -1,
        99, 1022, 67, -1,
        99, 67, 134, -1,
        99, 134, 517, -1,
        692, 408, 144, -1,
        692, 144, 637, -1,
        692, 637, 1022, -1,
        616, 778, 1133, -1,
        408, 616, 144, -1,
        1088, 935, 558, -1,
        1088, 558, 434, -1,
        1088, 434, 1082, -1,
        176, 124, 149, -1,
        176, 149, 558, -1,
        176, 558, 935, -1,
        1066, 655, 722, -1,
        1066, 722, 149, -1,
        1066, 149, 124, -1,
        182, 583, 386, -1,
        182, 386, 756, -1,
        182, 756, 722, -1,
        182, 722, 655, -1,
        386, 1047, 756, -1,
        756, 1047, 292, -1,
        756, 292, 720, -1,
        720, 292, 873, -1,
        720, 873, 418, -1,
        1027, 641, 695, -1,
        695, 641, 148, -1,
        695, 148, 406, -1,
        406, 148, 619, -1,
        406, 619, 216, -1,
        216, 619, 1136, -1,
        216, 1136, 773, -1,
        773, 1136, 583, -1,
        773, 583, 127, -1,
        127, 583, 768, -1,
        127, 768, 1121, -1,
        1128, 213, 556, -1,
        556, 213, 1105, -1,
        556, 1105, 430, -1,
        430, 1105, 926, -1,
        91, 720, 418, -1,
        91, 418, 185, -1,
        91, 185, 1128, -1,
        91, 1128, 556, -1,
        503, 1157, 332, -1,
        332, 1157, 683, -1,
        332, 683, 212, -1,
        212, 683, 779, -1,
        684, 20, 1121, -1,
        1121, 20, 506, -1,
        1121, 506, 332, -1,
        332, 506, 454, -1,
        332, 454, 503, -1,
        1061, 878, 520, -1,
        1061, 520, 381, -1,
        1061, 381, 1053, -1,
        140, 73, 102, -1,
        140, 102, 520, -1,
        140, 520, 878, -1,
        1027, 695, 102, -1,
        1027, 102, 73, -1,
        133, 1052, 663, -1,
        663, 1052, 168, -1,
        663, 168, 737, -1,
        737, 168, 272, -1,
        1163, 461, 746, -1,
        1163, 746, 1092, -1,
        1163, 1092, 133, -1,
        1163, 133, 663, -1,
        461, 406, 893, -1,
        461, 893, 304, -1,
        461, 304, 746, -1,
        684, 1121, 309, -1,
        684, 309, 780, -1,
        127, 1121, 332, -1,
        406, 216, 893, -1,
        386, 583, 1136, -1,
        1168, 1163, 663, -1,
        1168, 663, 666, -1,
        685, 683, 1157, -1,
        685, 1157, 1159, -1,
        139, 133, 1092, -1,
        139, 1092, 1094, -1,
        171, 276, 272, -1,
        171, 272, 168, -1,
        171, 168, 1052, -1,
        171, 1052, 1055, -1,
        1055, 1052, 133, -1,
        1055, 133, 139, -1,
        778, 219, 216, -1,
        778, 216, 773, -1,
        1094, 1092, 746, -1,
        1094, 746, 752, -1,
        752, 746, 304, -1,
        752, 304, 307, -1,
        307, 304, 893, -1,
        307, 893, 897, -1,
        897, 893, 216, -1,
        897, 216, 219, -1,
        129, 127, 332, -1,
        129, 332, 335, -1,
        214, 335, 332, -1,
        214, 332, 212, -1,
        778, 773, 127, -1,
        778, 127, 129, -1,
        214, 212, 779, -1,
        214, 779, 781, -1,
        783, 780, 309, -1,
        783, 309, 311, -1,
        25, 20, 684, -1,
        25, 684, 687, -1,
        1124, 311, 309, -1,
        1124, 309, 1121, -1,
        824, 1124, 1121, -1,
        824, 1121, 768, -1,
        824, 768, 776, -1,
        685, 781, 779, -1,
        685, 779, 683, -1,
        1159, 1157, 503, -1,
        1159, 503, 508, -1,
        508, 503, 454, -1,
        508, 454, 457, -1,
        687, 684, 780, -1,
        687, 780, 783, -1,
        457, 454, 506, -1,
        457, 506, 511, -1,
        511, 506, 20, -1,
        511, 20, 25, -1,
        1125, 1128, 185, -1,
        1125, 185, 183, -1,
        557, 558, 149, -1,
        557, 149, 146, -1,
        181, 182, 655, -1,
        181, 655, 653, -1,
        119, 124, 176, -1,
        119, 176, 173, -1,
        173, 176, 935, -1,
        173, 935, 929, -1,
        929, 935, 1088, -1,
        929, 1088, 1086, -1,
        1088, 1082, 1081, -1,
        1088, 1081, 1086, -1,
        653, 655, 1066, -1,
        653, 1066, 1063, -1,
        1063, 1066, 124, -1,
        1063, 124, 119, -1,
        554, 556, 430, -1,
        554, 430, 427, -1,
        427, 430, 926, -1,
        427, 926, 921, -1,
        921, 926, 1105, -1,
        921, 1105, 1101, -1,
        1101, 1105, 213, -1,
        1101, 213, 210, -1,
        210, 213, 1128, -1,
        210, 1128, 1125, -1,
        431, 434, 558, -1,
        431, 558, 557, -1,
        1081, 1082, 434, -1,
        1081, 434, 431, -1,
        146, 149, 722, -1,
        146, 722, 718, -1,
        718, 722, 756, -1,
        718, 756, 755, -1,
        755, 756, 720, -1,
        755, 720, 715, -1,
        715, 720, 91, -1,
        715, 91, 86, -1,
        86, 91, 556, -1,
        86, 556, 554, -1,
        870, 878, 1061, -1,
        870, 1061, 1058, -1,
        379, 381, 520, -1,
        379, 520, 517, -1,
        67, 73, 140, -1,
        67, 140, 134, -1,
        134, 140, 878, -1,
        134, 878, 870, -1,
        1058, 1061, 1053, -1,
        1058, 1053, 1050, -1,
        1050, 1053, 381, -1,
        1050, 381, 379, -1,
        641, 1027, 1022, -1,
        641, 1022, 637, -1,
        1022, 1027, 73, -1,
        1022, 73, 67, -1,
        666, 663, 737, -1,
        666, 737, 739, -1,
        739, 737, 272, -1,
        739, 272, 276, -1,
        517, 520, 102, -1,
        517, 102, 99, -1,
        99, 102, 695, -1,
        99, 695, 692, -1,
        692, 695, 406, -1,
        692, 406, 408, -1,
        408, 406, 461, -1,
        408, 461, 466, -1,
        466, 461, 1163, -1,
        466, 1163, 1168, -1,
        1047, 386, 382, -1,
        1047, 382, 1043, -1,
        183, 185, 418, -1,
        183, 418, 412, -1,
        412, 418, 873, -1,
        412, 873, 866, -1,
        866, 873, 292, -1,
        866, 292, 289, -1,
        289, 292, 1047, -1,
        289, 1047, 1043, -1,
        1136, 619, 616, -1,
        1136, 616, 1133, -1,
        616, 619, 148, -1,
        616, 148, 144, -1,
        144, 148, 641, -1,
        144, 641, 637, -1,
        382, 386, 1136, -1,
        382, 1136, 1133, -1,
        535, 793, 841, -1,
        535, 841, 151, -1,
        535, 151, 798, -1,
        535, 798, 1118, -1,
        535, 1118, 363, -1,
        535, 363, 488, -1,
        1076, 903, 539, -1,
        1076, 539, 407, -1,
        1076, 407, 1070, -1,
        158, 98, 125, -1,
        158, 125, 539, -1,
        158, 539, 903, -1,
        1045, 647, 706, -1,
        1045, 706, 125, -1,
        1045, 125, 98, -1,
        488, 1026, 560, -1,
        560, 1026, 736, -1,
        560, 736, 166, -1,
        166, 736, 706, -1,
        166, 706, 647, -1,
        1112, 202, 537, -1,
        537, 202, 1093, -1,
        537, 1093, 403, -1,
        403, 1093, 896, -1,
        61, 705, 392, -1,
        61, 392, 169, -1,
        61, 169, 1112, -1,
        61, 1112, 537, -1,
        705, 736, 274, -1,
        705, 274, 845, -1,
        705, 845, 392, -1,
        274, 736, 1026, -1,
        1026, 488, 363, -1,
        526, 1181, 353, -1,
        353, 1181, 697, -1,
        353, 697, 225, -1,
        225, 697, 803, -1,
        698, 50, 1140, -1,
        1140, 50, 529, -1,
        1140, 529, 353, -1,
        353, 529, 478, -1,
        353, 478, 526, -1,
        698, 1140, 327, -1,
        698, 327, 804, -1,
        151, 841, 1140, -1,
        151, 1140, 353, -1,
        1039, 850, 495, -1,
        1039, 495, 359, -1,
        1039, 359, 1032, -1,
        113, 43, 74, -1,
        113, 74, 495, -1,
        113, 495, 850, -1,
        1004, 632, 681, -1,
        1004, 681, 74, -1,
        1004, 74, 43, -1,
        1118, 228, 609, -1,
        609, 228, 433, -1,
        609, 433, 123, -1,
        123, 433, 681, -1,
        123, 681, 632, -1,
        157, 1071, 673, -1,
        673, 1071, 184, -1,
        673, 184, 757, -1,
        757, 184, 290, -1,
        1189, 485, 766, -1,
        1189, 766, 1104, -1,
        1189, 1104, 157, -1,
        1189, 157, 673, -1,
        485, 433, 923, -1,
        485, 923, 324, -1,
        485, 324, 766, -1,
        228, 1118, 798, -1,
        433, 228, 923, -1,
        1192, 1189, 673, -1,
        1192, 673, 676, -1,
        699, 697, 1181, -1,
        699, 1181, 1183, -1,
        162, 157, 1104, -1,
        162, 1104, 1106, -1,
        187, 294, 290, -1,
        187, 290, 184, -1,
        187, 184, 1071, -1,
        187, 1071, 1073, -1,
        1073, 1071, 157, -1,
        1073, 157, 162, -1,
        802, 231, 228, -1,
        802, 228, 798, -1,
        1106, 1104, 766, -1,
        1106, 766, 774, -1,
        774, 766, 324, -1,
        774, 324, 326, -1,
        326, 324, 923, -1,
        326, 923, 927, -1,
        927, 923, 228, -1,
        927, 228, 231, -1,
        153, 151, 353, -1,
        153, 353, 356, -1,
        226, 356, 353, -1,
        226, 353, 225, -1,
        802, 798, 151, -1,
        802, 151, 153, -1,
        226, 225, 803, -1,
        226, 803, 805, -1,
        807, 804, 327, -1,
        807, 327, 329, -1,
        55, 50, 698, -1,
        55, 698, 701, -1,
        1144, 329, 327, -1,
        1144, 327, 1140, -1,
        1140, 841, 800, -1,
        1140, 800, 848, -1,
        1140, 848, 1144, -1,
        800, 841, 793, -1,
        699, 805, 803, -1,
        699, 803, 697, -1,
        1183, 1181, 526, -1,
        1183, 526, 531, -1,
        531, 526, 478, -1,
        531, 478, 481, -1,
        701, 698, 804, -1,
        701, 804, 807, -1,
        481, 478, 529, -1,
        481, 529, 533, -1,
        533, 529, 50, -1,
        533, 50, 55, -1,
        1109, 1112, 169, -1,
        1109, 169, 167, -1,
        538, 539, 125, -1,
        538, 125, 121, -1,
        165, 166, 647, -1,
        165, 647, 645, -1,
        93, 98, 158, -1,
        93, 158, 155, -1,
        155, 158, 903, -1,
        155, 903, 898, -1,
        898, 903, 1076, -1,
        898, 1076, 1074, -1,
        1076, 1070, 1069, -1,
        1076, 1069, 1074, -1,
        645, 647, 1045, -1,
        645, 1045, 1041, -1,
        1041, 1045, 98, -1,
        1041, 98, 93, -1,
        534, 537, 403, -1,
        534, 403, 400, -1,
        400, 403, 896, -1,
        400, 896, 891, -1,
        891, 896, 1093, -1,
        891, 1093, 1090, -1,
        1090, 1093, 202, -1,
        1090, 202, 200, -1,
        200, 202, 1112, -1,
        200, 1112, 1109, -1,
        404, 407, 539, -1,
        404, 539, 538, -1,
        1069, 1070, 407, -1,
        1069, 407, 404, -1,
        121, 125, 706, -1,
        121, 706, 703, -1,
        703, 706, 736, -1,
        703, 736, 735, -1,
        735, 736, 705, -1,
        735, 705, 702, -1,
        702, 705, 61, -1,
        702, 61, 57, -1,
        57, 61, 537, -1,
        57, 537, 534, -1,
        843, 850, 1039, -1,
        843, 1039, 1036, -1,
        357, 359, 495, -1,
        357, 495, 492, -1,
        37, 43, 113, -1,
        37, 113, 107, -1,
        107, 113, 850, -1,
        107, 850, 843, -1,
        1036, 1039, 1032, -1,
        1036, 1032, 1030, -1,
        1030, 1032, 359, -1,
        1030, 359, 357, -1,
        632, 1004, 999, -1,
        632, 999, 630, -1,
        999, 1004, 43, -1,
        999, 43, 37, -1,
        676, 673, 757, -1,
        676, 757, 759, -1,
        759, 757, 290, -1,
        759, 290, 294, -1,
        492, 495, 74, -1,
        492, 74, 70, -1,
        70, 74, 681, -1,
        70, 681, 678, -1,
        678, 681, 433, -1,
        678, 433, 436, -1,
        436, 433, 485, -1,
        436, 485, 489, -1,
        489, 485, 1189, -1,
        489, 1189, 1192, -1,
        1026, 363, 360, -1,
        1026, 360, 1021, -1,
        167, 169, 392, -1,
        167, 392, 385, -1,
        385, 392, 845, -1,
        385, 845, 839, -1,
        839, 845, 274, -1,
        839, 274, 271, -1,
        271, 274, 1026, -1,
        271, 1026, 1021, -1,
        1118, 609, 606, -1,
        1118, 606, 1115, -1,
        606, 609, 123, -1,
        606, 123, 118, -1,
        118, 123, 632, -1,
        118, 632, 630, -1,
        360, 363, 1118, -1,
        360, 1118, 1115, -1,
        575, 509, 488, -1,
        575, 488, 560, -1,
        509, 550, 535, -1,
        509, 535, 488, -1,
        825, 507, 460, -1,
        825, 460, 339, -1,
        825, 339, 1100, -1,
        825, 1100, 827, -1,
        825, 827, 172, -1,
        825, 172, 876, -1,
        1078, 191, 512, -1,
        1078, 512, 373, -1,
        1078, 373, 859, -1,
        1096, 147, 27, -1,
        1096, 27, 512, -1,
        1096, 512, 191, -1,
        362, 815, 688, -1,
        362, 688, 27, -1,
        362, 27, 147, -1,
        259, 998, 723, -1,
        259, 723, 688, -1,
        259, 688, 815, -1,
        131, 864, 516, -1,
        516, 864, 1056, -1,
        516, 1056, 377, -1,
        377, 1056, 1049, -1,
        95, 689, 1019, -1,
        95, 1019, 63, -1,
        95, 63, 131, -1,
        95, 131, 516, -1,
        998, 339, 723, -1,
        723, 339, 143, -1,
        723, 143, 689, -1,
        689, 143, 635, -1,
        689, 635, 1019, -1,
        460, 540, 143, -1,
        460, 143, 339, -1,
        553, 84, 1167, -1,
        1167, 84, 714, -1,
        1167, 714, 350, -1,
        350, 714, 832, -1,
        711, 17, 378, -1,
        378, 17, 551, -1,
        378, 551, 1167, -1,
        1167, 551, 502, -1,
        1167, 502, 553, -1,
        711, 378, 238, -1,
        711, 238, 830, -1,
        876, 172, 378, -1,
        876, 378, 1167, -1,
        197, 1085, 690, -1,
        197, 690, 785, -1,
        197, 785, 314, -1,
        179, 1120, 29, -1,
        179, 29, 690, -1,
        179, 690, 1085, -1,
        799, 345, 514, -1,
        799, 514, 29, -1,
        799, 29, 1120, -1,
        827, 593, 243, -1,
        243, 593, 458, -1,
        243, 458, 957, -1,
        957, 458, 514, -1,
        957, 514, 345, -1,
        79, 819, 470, -1,
        470, 819, 1014, -1,
        470, 1014, 336, -1,
        336, 1014, 1007, -1,
        40, 668, 979, -1,
        40, 979, 7, -1,
        40, 7, 79, -1,
        40, 79, 470, -1,
        668, 458, 92, -1,
        668, 92, 624, -1,
        668, 624, 979, -1,
        593, 827, 1100, -1,
        458, 593, 92, -1,
        513, 817, 868, -1,
        513, 868, 170, -1,
        513, 170, 822, -1,
        513, 822, 1103, -1,
        513, 1103, 341, -1,
        513, 341, 465, -1,
        1059, 871, 518, -1,
        1059, 518, 380, -1,
        1059, 380, 1051, -1,
        135, 69, 100, -1,
        135, 100, 518, -1,
        135, 518, 871, -1,
        1024, 638, 693, -1,
        1024, 693, 100, -1,
        1024, 100, 69, -1,
        465, 1003, 541, -1,
        541, 1003, 724, -1,
        541, 724, 145, -1,
        145, 724, 693, -1,
        145, 693, 638, -1,
        1098, 194, 515, -1,
        515, 194, 1080, -1,
        515, 1080, 376, -1,
        376, 1080, 863, -1,
        31, 691, 366, -1,
        31, 366, 150, -1,
        31, 150, 1098, -1,
        31, 1098, 515, -1,
        691, 724, 261, -1,
        691, 261, 821, -1,
        691, 821, 366, -1,
        261, 724, 1003, -1,
        1003, 465, 341, -1,
        546, 15, 375, -1,
        375, 15, 709, -1,
        375, 709, 237, -1,
        237, 709, 828, -1,
        710, 78, 1162, -1,
        1162, 78, 549, -1,
        1162, 549, 375, -1,
        375, 549, 498, -1,
        375, 498, 546, -1,
        710, 1162, 347, -1,
        710, 347, 829, -1,
        170, 868, 1162, -1,
        170, 1162, 375, -1,
        1017, 826, 474, -1,
        1017, 474, 338, -1,
        1017, 338, 1010, -1,
        85, 13, 44, -1,
        85, 44, 474, -1,
        85, 474, 826, -1,
        984, 626, 671, -1,
        984, 671, 44, -1,
        984, 44, 13, -1,
        1103, 240, 597, -1,
        597, 240, 456, -1,
        597, 456, 97, -1,
        97, 456, 671, -1,
        97, 671, 626, -1,
        175, 1083, 686, -1,
        686, 1083, 195, -1,
        686, 195, 782, -1,
        782, 195, 310, -1,
        24, 510, 792, -1,
        24, 792, 1119, -1,
        24, 1119, 175, -1,
        24, 175, 686, -1,
        510, 456, 954, -1,
        510, 954, 342, -1,
        510, 342, 792, -1,
        240, 1103, 822, -1,
        456, 240, 954, -1,
        29, 24, 686, -1,
        29, 686, 690, -1,
        711, 709, 15, -1,
        711, 15, 17, -1,
        179, 175, 1119, -1,
        179, 1119, 1120, -1,
        197, 314, 310, -1,
        197, 310, 195, -1,
        197, 195, 1083, -1,
        197, 1083, 1085, -1,
        1085, 1083, 175, -1,
        1085, 175, 179, -1,
        827, 243, 240, -1,
        827, 240, 822, -1,
        1120, 1119, 792, -1,
        1120, 792, 799, -1,
        799, 792, 342, -1,
        799, 342, 345, -1,
        345, 342, 954, -1,
        345, 954, 957, -1,
        957, 954, 240, -1,
        957, 240, 243, -1,
        172, 170, 375, -1,
        172, 375, 378, -1,
        238, 378, 375, -1,
        238, 375, 237, -1,
        827, 822, 170, -1,
        827, 170, 172, -1,
        238, 237, 828, -1,
        238, 828, 830, -1,
        832, 829, 347, -1,
        832, 347, 350, -1,
        84, 78, 710, -1,
        84, 710, 714, -1,
        1167, 350, 347, -1,
        1167, 347, 1162, -1,
        1162, 868, 825, -1,
        1162, 825, 876, -1,
        1162, 876, 1167, -1,
        825, 868, 817, -1,
        711, 830, 828, -1,
        711, 828, 709, -1,
        17, 15, 546, -1,
        17, 546, 551, -1,
        551, 546, 498, -1,
        551, 498, 502, -1,
        714, 710, 829, -1,
        714, 829, 832, -1,
        502, 498, 549, -1,
        502, 549, 553, -1,
        553, 549, 78, -1,
        553, 78, 84, -1,
        1096, 1098, 150, -1,
        1096, 150, 147, -1,
        516, 518, 100, -1,
        516, 100, 95, -1,
        143, 145, 638, -1,
        143, 638, 635, -1,
        63, 69, 135, -1,
        63, 135, 131, -1,
        131, 135, 871, -1,
        131, 871, 864, -1,
        864, 871, 1059, -1,
        864, 1059, 1056, -1,
        1059, 1051, 1049, -1,
        1059, 1049, 1056, -1,
        635, 638, 1024, -1,
        635, 1024, 1019, -1,
        1019, 1024, 69, -1,
        1019, 69, 63, -1,
        512, 515, 376, -1,
        512, 376, 373, -1,
        373, 376, 863, -1,
        373, 863, 859, -1,
        859, 863, 1080, -1,
        859, 1080, 1078, -1,
        1078, 1080, 194, -1,
        1078, 194, 191, -1,
        191, 194, 1098, -1,
        191, 1098, 1096, -1,
        377, 380, 518, -1,
        377, 518, 516, -1,
        1049, 1051, 380, -1,
        1049, 380, 377, -1,
        95, 100, 693, -1,
        95, 693, 689, -1,
        689, 693, 724, -1,
        689, 724, 723, -1,
        723, 724, 691, -1,
        723, 691, 688, -1,
        688, 691, 31, -1,
        688, 31, 27, -1,
        27, 31, 515, -1,
        27, 515, 512, -1,
        819, 826, 1017, -1,
        819, 1017, 1014, -1,
        336, 338, 474, -1,
        336, 474, 470, -1,
        7, 13, 85, -1,
        7, 85, 79, -1,
        79, 85, 826, -1,
        79, 826, 819, -1,
        1014, 1017, 1010, -1,
        1014, 1010, 1007, -1,
        1007, 1010, 338, -1,
        1007, 338, 336, -1,
        626, 984, 979, -1,
        626, 979, 624, -1,
        979, 984, 13, -1,
        979, 13, 7, -1,
        690, 686, 782, -1,
        690, 782, 785, -1,
        785, 782, 310, -1,
        785, 310, 314, -1,
        470, 474, 44, -1,
        470, 44, 40, -1,
        40, 44, 671, -1,
        40, 671, 668, -1,
        668, 671, 456, -1,
        668, 456, 458, -1,
        458, 456, 510, -1,
        458, 510, 514, -1,
        514, 510, 24, -1,
        514, 24, 29, -1,
        1003, 341, 339, -1,
        1003, 339, 998, -1,
        147, 150, 366, -1,
        147, 366, 362, -1,
        362, 366, 821, -1,
        362, 821, 815, -1,
        815, 821, 261, -1,
        815, 261, 259, -1,
        259, 261, 1003, -1,
        259, 1003, 998, -1,
        1103, 597, 593, -1,
        1103, 593, 1100, -1,
        593, 597, 97, -1,
        593, 97, 92, -1,
        92, 97, 626, -1,
        92, 626, 624, -1,
        339, 341, 1103, -1,
        339, 1103, 1100, -1,
        559, 484, 465, -1,
        559, 465, 541, -1,
        484, 530, 513, -1,
        484, 513, 465, -1,
        487, 842, 901, -1,
        487, 901, 186, -1,
        487, 186, 846, -1,
        487, 846, 1091, -1,
        487, 1091, 323, -1,
        487, 323, 442, -1,
        1037, 844, 493, -1,
        1037, 493, 358, -1,
        1037, 358, 1031, -1,
        108, 39, 71, -1,
        108, 71, 493, -1,
        108, 493, 844, -1,
        1001, 631, 679, -1,
        1001, 679, 71, -1,
        1001, 71, 39, -1,
        442, 983, 521, -1,
        521, 983, 708, -1,
        521, 708, 120, -1,
        120, 708, 679, -1,
        120, 679, 631, -1,
        1087, 180, 490, -1,
        490, 180, 1065, -1,
        490, 1065, 354, -1,
        354, 1065, 837, -1,
        1, 677, 344, -1,
        1, 344, 126, -1,
        1, 126, 1087, -1,
        1, 1087, 490, -1,
        677, 708, 249, -1,
        677, 249, 797, -1,
        677, 797, 344, -1,
        249, 708, 983, -1,
        983, 442, 323, -1,
        567, 45, 402, -1,
        402, 45, 725, -1,
        402, 725, 245, -1,
        245, 725, 852, -1,
        726, 106, 1188, -1,
        1188, 106, 570, -1,
        1188, 570, 402, -1,
        402, 570, 522, -1,
        402, 522, 567, -1,
        726, 1188, 369, -1,
        726, 369, 853, -1,
        186, 901, 1188, -1,
        186, 1188, 402, -1,
        995, 801, 450, -1,
        995, 450, 320, -1,
        995, 320, 990, -1,
        56, 1179, 14, -1,
        56, 14, 450, -1,
        56, 450, 801, -1,
        956, 617, 661, -1,
        956, 661, 14, -1,
        956, 14, 1179, -1,
        1091, 248, 582, -1,
        582, 248, 480, -1,
        582, 480, 68, -1,
        68, 480, 661, -1,
        68, 661, 617, -1,
        190, 1095, 700, -1,
        700, 1095, 205, -1,
        700, 205, 806, -1,
        806, 205, 328, -1,
        54, 532, 816, -1,
        54, 816, 1137, -1,
        54, 1137, 190, -1,
        54, 190, 700, -1,
        532, 480, 982, -1,
        532, 982, 364, -1,
        532, 364, 816, -1,
        248, 1091, 846, -1,
        480, 248, 982, -1,
        59, 54, 700, -1,
        59, 700, 704, -1,
        727, 725, 45, -1,
        727, 45, 47, -1,
        193, 190, 1137, -1,
        193, 1137, 1138, -1,
        207, 331, 328, -1,
        207, 328, 205, -1,
        207, 205, 1095, -1,
        207, 1095, 1097, -1,
        1097, 1095, 190, -1,
        1097, 190, 193, -1,
        851, 251, 248, -1,
        851, 248, 846, -1,
        1138, 1137, 816, -1,
        1138, 816, 823, -1,
        823, 816, 364, -1,
        823, 364, 367, -1,
        367, 364, 982, -1,
        367, 982, 985, -1,
        985, 982, 248, -1,
        985, 248, 251, -1,
        188, 186, 402, -1,
        188, 402, 405, -1,
        246, 405, 402, -1,
        246, 402, 245, -1,
        851, 846, 186, -1,
        851, 186, 188, -1,
        246, 245, 852, -1,
        246, 852, 854, -1,
        856, 853, 369, -1,
        856, 369, 372, -1,
        112, 106, 726, -1,
        112, 726, 730, -1,
        1193, 372, 369, -1,
        1193, 369, 1188, -1,
        1188, 901, 849, -1,
        1188, 849, 907, -1,
        1188, 907, 1193, -1,
        849, 901, 842, -1,
        727, 854, 852, -1,
        727, 852, 725, -1,
        47, 45, 567, -1,
        47, 567, 571, -1,
        571, 567, 522, -1,
        571, 522, 525, -1,
        730, 726, 853, -1,
        730, 853, 856, -1,
        525, 522, 570, -1,
        525, 570, 573, -1,
        573, 570, 106, -1,
        573, 106, 112, -1,
        1084, 1087, 126, -1,
        1084, 126, 122, -1,
        491, 493, 71, -1,
        491, 71, 65, -1,
        117, 120, 631, -1,
        117, 631, 629, -1,
        33, 39, 108, -1,
        33, 108, 105, -1,
        105, 108, 844, -1,
        105, 844, 838, -1,
        838, 844, 1037, -1,
        838, 1037, 1034, -1,
        1037, 1031, 1029, -1,
        1037, 1029, 1034, -1,
        629, 631, 1001, -1,
        629, 1001, 997, -1,
        997, 1001, 39, -1,
        997, 39, 33, -1,
        486, 490, 354, -1,
        486, 354, 351, -1,
        351, 354, 837, -1,
        351, 837, 834, -1,
        834, 837, 1065, -1,
        834, 1065, 1062, -1,
        1062, 1065, 180, -1,
        1062, 180, 177, -1,
        177, 180, 1087, -1,
        177, 1087, 1084, -1,
        355, 358, 493, -1,
        355, 493, 491, -1,
        1029, 1031, 358, -1,
        1029, 358, 355, -1,
        65, 71, 679, -1,
        65, 679, 675, -1,
        675, 679, 708, -1,
        675, 708, 707, -1,
        707, 708, 677, -1,
        707, 677, 674, -1,
        674, 677, 1, -1,
        674, 1, 1191, -1,
        1191, 1, 490, -1,
        1191, 490, 486, -1,
        795, 801, 995, -1,
        795, 995, 993, -1,
        318, 320, 450, -1,
        318, 450, 446, -1,
        1174, 1179, 56, -1,
        1174, 56, 51, -1,
        51, 56, 801, -1,
        51, 801, 795, -1,
        993, 995, 990, -1,
        993, 990, 987, -1,
        987, 990, 320, -1,
        987, 320, 318, -1,
        617, 956, 952, -1,
        617, 952, 614, -1,
        952, 956, 1179, -1,
        952, 1179, 1174, -1,
        704, 700, 806, -1,
        704, 806, 809, -1,
        809, 806, 328, -1,
        809, 328, 331, -1,
        446, 450, 14, -1,
        446, 14, 10, -1,
        10, 14, 661, -1,
        10, 661, 658, -1,
        658, 661, 480, -1,
        658, 480, 482, -1,
        482, 480, 532, -1,
        482, 532, 536, -1,
        536, 532, 54, -1,
        536, 54, 59, -1,
        983, 323, 321, -1,
        983, 321, 978, -1,
        122, 126, 344, -1,
        122, 344, 340, -1,
        340, 344, 797, -1,
        340, 797, 791, -1,
        791, 797, 249, -1,
        791, 249, 247, -1,
        247, 249, 983, -1,
        247, 983, 978, -1,
        1091, 582, 578, -1,
        1091, 578, 1089, -1,
        578, 582, 68, -1,
        578, 68, 62, -1,
        62, 68, 617, -1,
        62, 617, 614, -1,
        321, 323, 1091, -1,
        321, 1091, 1089, -1,
        521, 540, 460, -1,
        521, 460, 442, -1,
        460, 507, 487, -1,
        460, 487, 442, -1,
        908, 437, 383, -1,
        908, 383, 283, -1,
        908, 283, 1060, -1,
        908, 1060, 909, -1,
        908, 909, 208, -1,
        908, 208, 965, -1,
        1018, 137, 439, -1,
        1018, 439, 313, -1,
        1018, 313, 784, -1,
        1054, 66, 1143, -1,
        1054, 1143, 439, -1,
        1054, 439, 137, -1,
        302, 745, 654, -1,
        302, 654, 1143, -1,
        302, 1143, 66, -1,
        227, 918, 680, -1,
        227, 680, 654, -1,
        227, 654, 745, -1,
        49, 790, 444, -1,
        444, 790, 992, -1,
        444, 992, 317, -1,
        317, 992, 986, -1,
        5, 656, 949, -1,
        5, 949, 1172, -1,
        5, 1172, 49, -1,
        5, 49, 444, -1,
        918, 283, 680, -1,
        680, 283, 60, -1,
        680, 60, 656, -1,
        656, 60, 613, -1,
        656, 613, 949, -1,
        383, 473, 60, -1,
        383, 60, 283, -1,
        601, 161, 58, -1,
        58, 161, 769, -1,
        58, 769, 425, -1,
        425, 769, 917, -1,
        763, 104, 455, -1,
        455, 104, 599, -1,
        455, 599, 58, -1,
        58, 599, 566, -1,
        58, 566, 601, -1,
        763, 455, 270, -1,
        763, 270, 913, -1,
        965, 208, 455, -1,
        965, 455, 58, -1,
        233, 1126, 733, -1,
        233, 733, 860, -1,
        233, 860, 374, -1,
        211, 1184, 115, -1,
        211, 115, 733, -1,
        211, 733, 1126, -1,
        875, 419, 574, -1,
        875, 574, 115, -1,
        875, 115, 1184, -1,
        909, 543, 277, -1,
        277, 543, 528, -1,
        277, 528, 1028, -1,
        1028, 528, 574, -1,
        1028, 574, 419, -1,
        1186, 749, 394, -1,
        394, 749, 944, -1,
        394, 944, 280, -1,
        280, 944, 930, -1,
        1153, 642, 889, -1,
        1153, 889, 1130, -1,
        1153, 1130, 1186, -1,
        1153, 1186, 394, -1,
        642, 528, 2, -1,
        642, 2, 590, -1,
        642, 590, 889, -1,
        543, 909, 1060, -1,
        528, 543, 2, -1,
        877, 459, 410, -1,
        877, 410, 301, -1,
        877, 301, 1077, -1,
        877, 1077, 879, -1,
        877, 879, 198, -1,
        877, 198, 939, -1,
        1040, 160, 462, -1,
        1040, 462, 330, -1,
        1040, 330, 808, -1,
        1072, 96, 1166, -1,
        1072, 1166, 462, -1,
        1072, 462, 160, -1,
        322, 765, 664, -1,
        322, 664, 1166, -1,
        322, 1166, 96, -1,
        239, 951, 694, -1,
        239, 694, 664, -1,
        239, 664, 765, -1,
        77, 814, 468, -1,
        468, 814, 1012, -1,
        468, 1012, 334, -1,
        334, 1012, 1006, -1,
        35, 665, 976, -1,
        35, 976, 3, -1,
        35, 3, 77, -1,
        35, 77, 468, -1,
        951, 301, 694, -1,
        694, 301, 90, -1,
        694, 90, 665, -1,
        665, 90, 623, -1,
        665, 623, 976, -1,
        410, 494, 90, -1,
        410, 90, 301, -1,
        587, 138, 28, -1,
        28, 138, 748, -1,
        28, 748, 399, -1,
        399, 748, 887, -1,
        743, 76, 432, -1,
        432, 76, 585, -1,
        432, 585, 28, -1,
        28, 585, 545, -1,
        28, 545, 587, -1,
        743, 432, 258, -1,
        743, 258, 883, -1,
        939, 198, 432, -1,
        939, 432, 28, -1,
        221, 1110, 719, -1,
        221, 719, 835, -1,
        221, 835, 352, -1,
        201, 1160, 88, -1,
        201, 88, 719, -1,
        201, 719, 1110, -1,
        847, 393, 555, -1,
        847, 555, 88, -1,
        847, 88, 1160, -1,
        879, 563, 262, -1,
        262, 563, 505, -1,
        262, 505, 1005, -1,
        1005, 505, 555, -1,
        1005, 555, 393, -1,
        21, 770, 420, -1,
        420, 770, 970, -1,
        420, 970, 298, -1,
        298, 970, 959, -1,
        1177, 650, 919, -1,
        1177, 919, 1150, -1,
        1177, 1150, 21, -1,
        1177, 21, 420, -1,
        650, 505, 32, -1,
        650, 32, 604, -1,
        650, 604, 919, -1,
        563, 879, 1077, -1,
        505, 563, 32, -1,
        463, 869, 933, -1,
        463, 933, 196, -1,
        463, 196, 874, -1,
        463, 874, 1079, -1,
        463, 1079, 303, -1,
        463, 303, 415, -1,
        1015, 820, 472, -1,
        1015, 472, 337, -1,
        1015, 337, 1008, -1,
        80, 9, 41, -1,
        80, 41, 472, -1,
        80, 472, 820, -1,
        981, 625, 669, -1,
        981, 669, 41, -1,
        981, 41, 9, -1,
        415, 955, 496, -1,
        496, 955, 696, -1,
        496, 696, 94, -1,
        94, 696, 669, -1,
        94, 669, 625, -1,
        1075, 164, 467, -1,
        467, 164, 1044, -1,
        467, 1044, 333, -1,
        333, 1044, 811, -1,
        1170, 667, 325, -1,
        1170, 325, 101, -1,
        1170, 101, 1075, -1,
        1170, 1075, 467, -1,
        667, 696, 241, -1,
        667, 241, 772, -1,
        667, 772, 325, -1,
        241, 696, 955, -1,
        955, 415, 303, -1,
        581, 75, 429, -1,
        429, 75, 740, -1,
        429, 740, 257, -1,
        257, 740, 880, -1,
        742, 132, 23, -1,
        23, 132, 584, -1,
        23, 584, 429, -1,
        429, 584, 542, -1,
        429, 542, 581, -1,
        742, 23, 395, -1,
        742, 395, 882, -1,
        196, 933, 23, -1,
        196, 23, 429, -1,
        974, 777, 424, -1,
        974, 424, 300, -1,
        974, 300, 963, -1,
        26, 1155, 1180, -1,
        26, 1180, 424, -1,
        26, 424, 777, -1,
        925, 607, 652, -1,
        925, 652, 1180, -1,
        925, 1180, 1155, -1,
        1079, 260, 568, -1,
        568, 260, 501, -1,
        568, 501, 38, -1,
        38, 501, 652, -1,
        38, 652, 607, -1,
        199, 1107, 713, -1,
        713, 1107, 218, -1,
        713, 218, 831, -1,
        831, 218, 348, -1,
        82, 552, 840, -1,
        82, 840, 1158, -1,
        82, 1158, 199, -1,
        82, 199, 713, -1,
        552, 501, 1002, -1,
        552, 1002, 388, -1,
        552, 388, 840, -1,
        260, 1079, 874, -1,
        501, 260, 1002, -1,
        88, 82, 713, -1,
        88, 713, 719, -1,
        743, 740, 75, -1,
        743, 75, 76, -1,
        201, 199, 1158, -1,
        201, 1158, 1160, -1,
        221, 352, 348, -1,
        221, 348, 218, -1,
        221, 218, 1107, -1,
        221, 1107, 1110, -1,
        1110, 1107, 199, -1,
        1110, 199, 201, -1,
        879, 262, 260, -1,
        879, 260, 874, -1,
        1160, 1158, 840, -1,
        1160, 840, 847, -1,
        847, 840, 388, -1,
        847, 388, 393, -1,
        393, 388, 1002, -1,
        393, 1002, 1005, -1,
        1005, 1002, 260, -1,
        1005, 260, 262, -1,
        198, 196, 429, -1,
        198, 429, 432, -1,
        258, 432, 429, -1,
        258, 429, 257, -1,
        879, 874, 196, -1,
        879, 196, 198, -1,
        258, 257, 880, -1,
        258, 880, 883, -1,
        887, 882, 395, -1,
        887, 395, 399, -1,
        138, 132, 742, -1,
        138, 742, 748, -1,
        28, 399, 395, -1,
        28, 395, 23, -1,
        23, 933, 877, -1,
        23, 877, 939, -1,
        23, 939, 28, -1,
        877, 933, 869, -1,
        743, 883, 880, -1,
        743, 880, 740, -1,
        76, 75, 581, -1,
        76, 581, 585, -1,
        585, 581, 542, -1,
        585, 542, 545, -1,
        748, 742, 882, -1,
        748, 882, 887, -1,
        545, 542, 584, -1,
        545, 584, 587, -1,
        587, 584, 132, -1,
        587, 132, 138, -1,
        1072, 1075, 101, -1,
        1072, 101, 96, -1,
        468, 472, 41, -1,
        468, 41, 35, -1,
        90, 94, 625, -1,
        90, 625, 623, -1,
        3, 9, 80, -1,
        3, 80, 77, -1,
        77, 80, 820, -1,
        77, 820, 814, -1,
        814, 820, 1015, -1,
        814, 1015, 1012, -1,
        1015, 1008, 1006, -1,
        1015, 1006, 1012, -1,
        623, 625, 981, -1,
        623, 981, 976, -1,
        976, 981, 9, -1,
        976, 9, 3, -1,
        462, 467, 333, -1,
        462, 333, 330, -1,
        330, 333, 811, -1,
        330, 811, 808, -1,
        808, 811, 1044, -1,
        808, 1044, 1040, -1,
        1040, 1044, 164, -1,
        1040, 164, 160, -1,
        160, 164, 1075, -1,
        160, 1075, 1072, -1,
        334, 337, 472, -1,
        334, 472, 468, -1,
        1006, 1008, 337, -1,
        1006, 337, 334, -1,
        35, 41, 669, -1,
        35, 669, 665, -1,
        665, 669, 696, -1,
        665, 696, 694, -1,
        694, 696, 667, -1,
        694, 667, 664, -1,
        664, 667, 1170, -1,
        664, 1170, 1166, -1,
        1166, 1170, 467, -1,
        1166, 467, 462, -1,
        770, 777, 974, -1,
        770, 974, 970, -1,
        298, 300, 424, -1,
        298, 424, 420, -1,
        1150, 1155, 26, -1,
        1150, 26, 21, -1,
        21, 26, 777, -1,
        21, 777, 770, -1,
        970, 974, 963, -1,
        970, 963, 959, -1,
        959, 963, 300, -1,
        959, 300, 298, -1,
        607, 925, 919, -1,
        607, 919, 604, -1,
        919, 925, 1155, -1,
        919, 1155, 1150, -1,
        719, 713, 831, -1,
        719, 831, 835, -1,
        835, 831, 348, -1,
        835, 348, 352, -1,
        420, 424, 1180, -1,
        420, 1180, 1177, -1,
        1177, 1180, 652, -1,
        1177, 652, 650, -1,
        650, 652, 501, -1,
        650, 501, 505, -1,
        505, 501, 552, -1,
        505, 552, 555, -1,
        555, 552, 82, -1,
        555, 82, 88, -1,
        955, 303, 301, -1,
        955, 301, 951, -1,
        96, 101, 325, -1,
        96, 325, 322, -1,
        322, 325, 772, -1,
        322, 772, 765, -1,
        765, 772, 241, -1,
        765, 241, 239, -1,
        239, 241, 955, -1,
        239, 955, 951, -1,
        1079, 568, 563, -1,
        1079, 563, 1077, -1,
        563, 568, 38, -1,
        563, 38, 32, -1,
        32, 38, 607, -1,
        32, 607, 604, -1,
        301, 303, 1079, -1,
        301, 1079, 1077, -1,
        519, 438, 415, -1,
        519, 415, 496, -1,
        438, 483, 463, -1,
        438, 463, 415, -1,
        440, 902, 961, -1,
        440, 961, 206, -1,
        440, 206, 905, -1,
        440, 905, 1064, -1,
        440, 1064, 285, -1,
        440, 285, 389, -1,
        994, 796, 448, -1,
        994, 448, 319, -1,
        994, 319, 988, -1,
        52, 1176, 11, -1,
        52, 11, 448, -1,
        52, 448, 796, -1,
        953, 615, 659, -1,
        953, 659, 11, -1,
        953, 11, 1176, -1,
        389, 924, 476, -1,
        476, 924, 682, -1,
        476, 682, 64, -1,
        64, 682, 659, -1,
        64, 659, 615, -1,
        1057, 142, 443, -1,
        443, 142, 1023, -1,
        443, 1023, 316, -1,
        316, 1023, 787, -1,
        1146, 657, 306, -1,
        1146, 306, 72, -1,
        1146, 72, 1057, -1,
        1146, 1057, 443, -1,
        657, 682, 229, -1,
        657, 229, 751, -1,
        657, 751, 306, -1,
        229, 682, 924, -1,
        924, 389, 285, -1,
        596, 103, 453, -1,
        453, 103, 760, -1,
        453, 760, 268, -1,
        268, 760, 910, -1,
        762, 156, 53, -1,
        53, 156, 598, -1,
        53, 598, 453, -1,
        453, 598, 562, -1,
        453, 562, 596, -1,
        762, 53, 421, -1,
        762, 421, 912, -1,
        206, 961, 53, -1,
        206, 53, 453, -1,
        948, 754, 398, -1,
        948, 398, 282, -1,
        948, 282, 936, -1,
        1190, 1134, 1156, -1,
        1190, 1156, 398, -1,
        1190, 398, 754, -1,
        895, 594, 644, -1,
        895, 644, 1156, -1,
        895, 1156, 1134, -1,
        1064, 273, 547, -1,
        547, 273, 524, -1,
        547, 524, 8, -1,
        8, 524, 644, -1,
        8, 644, 594, -1,
        209, 1122, 729, -1,
        729, 1122, 230, -1,
        729, 230, 855, -1,
        855, 230, 370, -1,
        110, 572, 867, -1,
        110, 867, 1182, -1,
        110, 1182, 209, -1,
        110, 209, 729, -1,
        572, 524, 1025, -1,
        572, 1025, 414, -1,
        572, 414, 867, -1,
        273, 1064, 905, -1,
        524, 273, 1025, -1,
        115, 110, 729, -1,
        115, 729, 733, -1,
        763, 760, 103, -1,
        763, 103, 104, -1,
        211, 209, 1182, -1,
        211, 1182, 1184, -1,
        233, 374, 370, -1,
        233, 370, 230, -1,
        233, 230, 1122, -1,
        233, 1122, 1126, -1,
        1126, 1122, 209, -1,
        1126, 209, 211, -1,
        909, 277, 273, -1,
        909, 273, 905, -1,
        1184, 1182, 867, -1,
        1184, 867, 875, -1,
        875, 867, 414, -1,
        875, 414, 419, -1,
        419, 414, 1025, -1,
        419, 1025, 1028, -1,
        1028, 1025, 273, -1,
        1028, 273, 277, -1,
        208, 206, 453, -1,
        208, 453, 455, -1,
        270, 455, 453, -1,
        270, 453, 268, -1,
        909, 905, 206, -1,
        909, 206, 208, -1,
        270, 268, 910, -1,
        270, 910, 913, -1,
        917, 912, 421, -1,
        917, 421, 425, -1,
        161, 156, 762, -1,
        161, 762, 769, -1,
        58, 425, 421, -1,
        58, 421, 53, -1,
        53, 961, 908, -1,
        53, 908, 965, -1,
        53, 965, 58, -1,
        908, 961, 902, -1,
        763, 913, 910, -1,
        763, 910, 760, -1,
        104, 103, 596, -1,
        104, 596, 599, -1,
        599, 596, 562, -1,
        599, 562, 566, -1,
        769, 762, 912, -1,
        769, 912, 917, -1,
        566, 562, 598, -1,
        566, 598, 601, -1,
        601, 598, 156, -1,
        601, 156, 161, -1,
        1054, 1057, 72, -1,
        1054, 72, 66, -1,
        444, 448, 11, -1,
        444, 11, 5, -1,
        60, 64, 615, -1,
        60, 615, 613, -1,
        1172, 1176, 52, -1,
        1172, 52, 49, -1,
        49, 52, 796, -1,
        49, 796, 790, -1,
        790, 796, 994, -1,
        790, 994, 992, -1,
        994, 988, 986, -1,
        994, 986, 992, -1,
        613, 615, 953, -1,
        613, 953, 949, -1,
        949, 953, 1176, -1,
        949, 1176, 1172, -1,
        439, 443, 316, -1,
        439, 316, 313, -1,
        313, 316, 787, -1,
        313, 787, 784, -1,
        784, 787, 1023, -1,
        784, 1023, 1018, -1,
        1018, 1023, 142, -1,
        1018, 142, 137, -1,
        137, 142, 1057, -1,
        137, 1057, 1054, -1,
        317, 319, 448, -1,
        317, 448, 444, -1,
        986, 988, 319, -1,
        986, 319, 317, -1,
        5, 11, 659, -1,
        5, 659, 656, -1,
        656, 659, 682, -1,
        656, 682, 680, -1,
        680, 682, 657, -1,
        680, 657, 654, -1,
        654, 657, 1146, -1,
        654, 1146, 1143, -1,
        1143, 1146, 443, -1,
        1143, 443, 439, -1,
        749, 754, 948, -1,
        749, 948, 944, -1,
        280, 282, 398, -1,
        280, 398, 394, -1,
        1130, 1134, 1190, -1,
        1130, 1190, 1186, -1,
        1186, 1190, 754, -1,
        1186, 754, 749, -1,
        944, 948, 936, -1,
        944, 936, 930, -1,
        930, 936, 282, -1,
        930, 282, 280, -1,
        594, 895, 889, -1,
        594, 889, 590, -1,
        889, 895, 1134, -1,
        889, 1134, 1130, -1,
        733, 729, 855, -1,
        733, 855, 860, -1,
        860, 855, 370, -1,
        860, 370, 374, -1,
        394, 398, 1156, -1,
        394, 1156, 1153, -1,
        1153, 1156, 644, -1,
        1153, 644, 642, -1,
        642, 644, 524, -1,
        642, 524, 528, -1,
        528, 524, 572, -1,
        528, 572, 574, -1,
        574, 572, 110, -1,
        574, 110, 115, -1,
        924, 285, 283, -1,
        924, 283, 918, -1,
        66, 72, 306, -1,
        66, 306, 302, -1,
        302, 306, 751, -1,
        302, 751, 745, -1,
        745, 751, 229, -1,
        745, 229, 227, -1,
        227, 229, 924, -1,
        227, 924, 918, -1,
        1064, 547, 543, -1,
        1064, 543, 1060, -1,
        543, 547, 8, -1,
        543, 8, 2, -1,
        2, 8, 594, -1,
        2, 594, 590, -1,
        283, 285, 1064, -1,
        283, 1064, 1060, -1,
        494, 410, 389, -1,
        494, 389, 476, -1,
        410, 459, 440, -1,
        410, 440, 389, -1,
        940, 409, 361, -1,
        940, 361, 265, -1,
        940, 265, 1038, -1,
        940, 1038, 941, -1,
        940, 941, 222, -1,
        940, 222, 991, -1,
        996, 111, 411, -1,
        996, 411, 293, -1,
        996, 293, 758, -1,
        1033, 36, 1123, -1,
        1033, 1123, 411, -1,
        1033, 411, 111, -1,
        284, 728, 646, -1,
        284, 646, 1123, -1,
        284, 1123, 36, -1,
        215, 888, 670, -1,
        215, 670, 646, -1,
        215, 646, 728, -1,
        19, 764, 417, -1,
        417, 764, 968, -1,
        417, 968, 297, -1,
        297, 968, 958, -1,
        1173, 648, 915, -1,
        1173, 915, 1148, -1,
        1173, 1148, 19, -1,
        1173, 19, 417, -1,
        888, 265, 670, -1,
        670, 265, 30, -1,
        670, 30, 648, -1,
        648, 30, 603, -1,
        648, 603, 915, -1,
        361, 449, 30, -1,
        361, 30, 265, -1,
        612, 178, 87, -1,
        87, 178, 794, -1,
        87, 794, 451, -1,
        451, 794, 950, -1,
        789, 130, 479, -1,
        479, 130, 611, -1,
        479, 611, 87, -1,
        87, 611, 580, -1,
        87, 580, 612, -1,
        789, 479, 288, -1,
        789, 288, 947, -1,
        991, 222, 479, -1,
        991, 479, 87, -1,
        244, 1145, 753, -1,
        244, 753, 892, -1,
        244, 892, 401, -1,
        224, 18, 141, -1,
        224, 141, 753, -1,
        224, 753, 1145, -1,
        906, 445, 588, -1,
        906, 588, 141, -1,
        906, 141, 18, -1,
        941, 523, 295, -1,
        295, 523, 548, -1,
        295, 548, 1048, -1,
        1048, 548, 588, -1,
        1048, 588, 445, -1,
        1161, 731, 368, -1,
        368, 731, 911, -1,
        368, 911, 263, -1,
        263, 911, 899, -1,
        1132, 633, 858, -1,
        1132, 858, 1113, -1,
        1132, 1113, 1161, -1,
        1132, 1161, 368, -1,
        633, 548, 1171, -1,
        633, 1171, 576, -1,
        633, 576, 858, -1,
        523, 941, 1038, -1,
        548, 523, 1171, -1,
        413, 934, 989, -1,
        413, 989, 220, -1,
        413, 220, 937, -1,
        413, 937, 1042, -1,
        413, 1042, 267, -1,
        413, 267, 365, -1,
        971, 771, 422, -1,
        971, 422, 299, -1,
        971, 299, 960, -1,
        22, 1152, 1178, -1,
        22, 1178, 422, -1,
        22, 422, 771, -1,
        920, 605, 651, -1,
        920, 651, 1178, -1,
        920, 1178, 1152, -1,
        365, 894, 452, -1,
        452, 894, 672, -1,
        452, 672, 34, -1,
        34, 672, 651, -1,
        34, 651, 605, -1,
        1035, 116, 416, -1,
        416, 116, 1000, -1,
        416, 1000, 296, -1,
        296, 1000, 761, -1,
        1127, 649, 287, -1,
        1127, 287, 42, -1,
        1127, 42, 1035, -1,
        1127, 1035, 416, -1,
        649, 672, 217, -1,
        649, 217, 732, -1,
        649, 732, 287, -1,
        217, 672, 894, -1,
        894, 365, 267, -1,
        608, 128, 477, -1,
        477, 128, 786, -1,
        477, 786, 286, -1,
        286, 786, 943, -1,
        788, 174, 81, -1,
        81, 174, 610, -1,
        81, 610, 477, -1,
        477, 610, 577, -1,
        477, 577, 608, -1,
        788, 81, 447, -1,
        788, 447, 946, -1,
        220, 989, 81, -1,
        220, 81, 477, -1,
        914, 734, 371, -1,
        914, 371, 264, -1,
        914, 264, 904, -1,
        1164, 1116, 1135, -1,
        1164, 1135, 371, -1,
        1164, 371, 734, -1,
        862, 579, 634, -1,
        862, 634, 1135, -1,
        862, 1135, 1116, -1,
        1042, 291, 527, -1,
        527, 291, 544, -1,
        527, 544, 1175, -1,
        1175, 544, 634, -1,
        1175, 634, 579, -1,
        223, 1142, 747, -1,
        747, 1142, 242, -1,
        747, 242, 886, -1,
        886, 242, 397, -1,
        136, 586, 900, -1,
        136, 900, 16, -1,
        136, 16, 223, -1,
        136, 223, 747, -1,
        586, 544, 1046, -1,
        586, 1046, 441, -1,
        586, 441, 900, -1,
        291, 1042, 937, -1,
        544, 291, 1046, -1,
        141, 136, 747, -1,
        141, 747, 753, -1,
        789, 786, 128, -1,
        789, 128, 130, -1,
        224, 223, 16, -1,
        224, 16, 18, -1,
        244, 401, 397, -1,
        244, 397, 242, -1,
        244, 242, 1142, -1,
        244, 1142, 1145, -1,
        1145, 1142, 223, -1,
        1145, 223, 224, -1,
        941, 295, 291, -1,
        941, 291, 937, -1,
        18, 16, 900, -1,
        18, 900, 906, -1,
        906, 900, 441, -1,
        906, 441, 445, -1,
        445, 441, 1046, -1,
        445, 1046, 1048, -1,
        1048, 1046, 291, -1,
        1048, 291, 295, -1,
        222, 220, 477, -1,
        222, 477, 479, -1,
        288, 479, 477, -1,
        288, 477, 286, -1,
        941, 937, 220, -1,
        941, 220, 222, -1,
        288, 286, 943, -1,
        288, 943, 947, -1,
        950, 946, 447, -1,
        950, 447, 451, -1,
        178, 174, 788, -1,
        178, 788, 794, -1,
        87, 451, 447, -1,
        87, 447, 81, -1,
        81, 989, 940, -1,
        81, 940, 991, -1,
        81, 991, 87, -1,
        940, 989, 934, -1,
        789, 947, 943, -1,
        789, 943, 786, -1,
        130, 128, 608, -1,
        130, 608, 611, -1,
        611, 608, 577, -1,
        611, 577, 580, -1,
        794, 788, 946, -1,
        794, 946, 950, -1,
        580, 577, 610, -1,
        580, 610, 612, -1,
        612, 610, 174, -1,
        612, 174, 178, -1,
        1033, 1035, 42, -1,
        1033, 42, 36, -1,
        417, 422, 1178, -1,
        417, 1178, 1173, -1,
        30, 34, 605, -1,
        30, 605, 603, -1,
        1148, 1152, 22, -1,
        1148, 22, 19, -1,
        19, 22, 771, -1,
        19, 771, 764, -1,
        764, 771, 971, -1,
        764, 971, 968, -1,
        971, 960, 958, -1,
        971, 958, 968, -1,
        603, 605, 920, -1,
        603, 920, 915, -1,
        915, 920, 1152, -1,
        915, 1152, 1148, -1,
        411, 416, 296, -1,
        411, 296, 293, -1,
        293, 296, 761, -1,
        293, 761, 758, -1,
        758, 761, 1000, -1,
        758, 1000, 996, -1,
        996, 1000, 116, -1,
        996, 116, 111, -1,
        111, 116, 1035, -1,
        111, 1035, 1033, -1,
        297, 299, 422, -1,
        297, 422, 417, -1,
        958, 960, 299, -1,
        958, 299, 297, -1,
        1173, 1178, 651, -1,
        1173, 651, 648, -1,
        648, 651, 672, -1,
        648, 672, 670, -1,
        670, 672, 649, -1,
        670, 649, 646, -1,
        646, 649, 1127, -1,
        646, 1127, 1123, -1,
        1123, 1127, 416, -1,
        1123, 416, 411, -1,
        731, 734, 914, -1,
        731, 914, 911, -1,
        263, 264, 371, -1,
        263, 371, 368, -1,
        1113, 1116, 1164, -1,
        1113, 1164, 1161, -1,
        1161, 1164, 734, -1,
        1161, 734, 731, -1,
        911, 914, 904, -1,
        911, 904, 899, -1,
        899, 904, 264, -1,
        899, 264, 263, -1,
        579, 862, 858, -1,
        579, 858, 576, -1,
        858, 862, 1116, -1,
        858, 1116, 1113, -1,
        753, 747, 886, -1,
        753, 886, 892, -1,
        892, 886, 397, -1,
        892, 397, 401, -1,
        368, 371, 1135, -1,
        368, 1135, 1132, -1,
        1132, 1135, 634, -1,
        1132, 634, 633, -1,
        633, 634, 544, -1,
        633, 544, 548, -1,
        548, 544, 586, -1,
        548, 586, 588, -1,
        588, 586, 136, -1,
        588, 136, 141, -1,
        894, 267, 265, -1,
        894, 265, 888, -1,
        36, 42, 287, -1,
        36, 287, 284, -1,
        284, 287, 732, -1,
        284, 732, 728, -1,
        728, 732, 217, -1,
        728, 217, 215, -1,
        215, 217, 894, -1,
        215, 894, 888, -1,
        1042, 527, 523, -1,
        1042, 523, 1038, -1,
        523, 527, 1175, -1,
        523, 1175, 1171, -1,
        1171, 1175, 579, -1,
        1171, 579, 576, -1,
        265, 267, 1042, -1,
        265, 1042, 1038, -1,
        473, 383, 365, -1,
        473, 365, 452, -1,
        365, 383, 437, -1,
        365, 437, 413, -1,
        975, 83, 384, -1,
        975, 384, 275, -1,
        975, 275, 738, -1,
        1011, 6, 1108, -1,
        1011, 1108, 384, -1,
        1011, 384, 83, -1,
        266, 712, 636, -1,
        266, 636, 1108, -1,
        266, 1108, 6, -1,
        203, 857, 660, -1,
        203, 660, 636, -1,
        203, 636, 712, -1,
        252, 1169, 775, -1,
        252, 775, 922, -1,
        252, 922, 428, -1,
        236, 48, 163, -1,
        236, 163, 775, -1,
        236, 775, 1169, -1,
        938, 469, 602, -1,
        938, 602, 163, -1,
        938, 163, 48, -1,
        435, 255, 966, -1,
        966, 255, 1016, -1,
        966, 1016, 967, -1,
        967, 1016, 500, -1,
        967, 500, 315, -1,
        315, 500, 569, -1,
        315, 569, 1068, -1,
        1068, 569, 602, -1,
        1068, 602, 469, -1,
        622, 192, 114, -1,
        114, 192, 818, -1,
        114, 818, 475, -1,
        475, 818, 977, -1,
        114, 966, 234, -1,
        114, 234, 499, -1,
        114, 499, 621, -1,
        114, 621, 595, -1,
        114, 595, 622, -1,
        813, 154, 499, -1,
        813, 499, 308, -1,
        813, 308, 973, -1,
        1139, 716, 346, -1,
        346, 716, 881, -1,
        346, 881, 253, -1,
        253, 881, 865, -1,
        1114, 627, 833, -1,
        1114, 833, 1099, -1,
        1114, 1099, 1139, -1,
        1114, 1139, 346, -1,
        627, 569, 1147, -1,
        627, 1147, 561, -1,
        627, 561, 833, -1,
        1185, 744, 391, -1,
        391, 744, 942, -1,
        391, 942, 279, -1,
        279, 942, 928, -1,
        1149, 639, 885, -1,
        1149, 885, 1129, -1,
        1149, 1129, 1185, -1,
        1149, 1185, 391, -1,
        857, 255, 660, -1,
        660, 255, 0, -1,
        660, 0, 639, -1,
        639, 0, 589, -1,
        639, 589, 885, -1,
        255, 435, 0, -1,
        569, 500, 1147, -1,
        234, 966, 967, -1,
        621, 499, 154, -1,
        387, 962, 1009, -1,
        387, 1009, 232, -1,
        387, 232, 964, -1,
        387, 964, 1020, -1,
        387, 1020, 256, -1,
        387, 256, 343, -1,
        945, 750, 396, -1,
        945, 396, 281, -1,
        945, 281, 931, -1,
        1187, 1131, 1154, -1,
        1187, 1154, 396, -1,
        1187, 396, 750, -1,
        890, 592, 643, -1,
        890, 643, 1154, -1,
        890, 1154, 1131, -1,
        343, 861, 426, -1,
        426, 861, 662, -1,
        426, 662, 4, -1,
        4, 662, 643, -1,
        4, 643, 592, -1,
        1013, 89, 390, -1,
        390, 89, 980, -1,
        390, 980, 278, -1,
        278, 980, 741, -1,
        1111, 640, 269, -1,
        1111, 269, 12, -1,
        1111, 12, 1013, -1,
        1111, 1013, 390, -1,
        640, 662, 204, -1,
        640, 204, 717, -1,
        640, 717, 269, -1,
        204, 662, 861, -1,
        861, 343, 256, -1,
        618, 152, 497, -1,
        497, 152, 810, -1,
        497, 810, 305, -1,
        305, 810, 969, -1,
        812, 189, 109, -1,
        109, 189, 620, -1,
        109, 620, 497, -1,
        497, 620, 591, -1,
        497, 591, 618, -1,
        812, 109, 471, -1,
        812, 471, 972, -1,
        232, 1009, 109, -1,
        232, 109, 497, -1,
        884, 721, 349, -1,
        884, 349, 254, -1,
        884, 254, 872, -1,
        1141, 1102, 1117, -1,
        1141, 1117, 349, -1,
        1141, 349, 721, -1,
        836, 565, 628, -1,
        836, 628, 1117, -1,
        836, 1117, 1102, -1,
        1020, 312, 504, -1,
        504, 312, 564, -1,
        504, 564, 1151, -1,
        1151, 564, 628, -1,
        1151, 628, 565, -1,
        235, 1165, 767, -1,
        767, 1165, 250, -1,
        767, 250, 916, -1,
        916, 250, 423, -1,
        159, 600, 932, -1,
        159, 932, 46, -1,
        159, 46, 235, -1,
        159, 235, 767, -1,
        600, 564, 1067, -1,
        600, 1067, 464, -1,
        600, 464, 932, -1,
        312, 1020, 964, -1,
        564, 312, 1067, -1,
        163, 159, 767, -1,
        163, 767, 775, -1,
        813, 810, 152, -1,
        813, 152, 154, -1,
        236, 235, 46, -1,
        236, 46, 48, -1,
        252, 428, 423, -1,
        252, 423, 250, -1,
        252, 250, 1165, -1,
        252, 1165, 1169, -1,
        1169, 1165, 235, -1,
        1169, 235, 236, -1,
        967, 315, 312, -1,
        967, 312, 964, -1,
        48, 46, 932, -1,
        48, 932, 938, -1,
        938, 932, 464, -1,
        938, 464, 469, -1,
        469, 464, 1067, -1,
        469, 1067, 1068, -1,
        1068, 1067, 312, -1,
        1068, 312, 315, -1,
        234, 232, 497, -1,
        234, 497, 499, -1,
        308, 499, 497, -1,
        308, 497, 305, -1,
        967, 964, 232, -1,
        967, 232, 234, -1,
        308, 305, 969, -1,
        308, 969, 973, -1,
        977, 972, 471, -1,
        977, 471, 475, -1,
        192, 189, 812, -1,
        192, 812, 818, -1,
        114, 475, 471, -1,
        114, 471, 109, -1,
        966, 114, 109, -1,
        966, 109, 1009, -1,
        966, 1009, 962, -1,
        813, 973, 969, -1,
        813, 969, 810, -1,
        154, 152, 618, -1,
        154, 618, 621, -1,
        621, 618, 591, -1,
        621, 591, 595, -1,
        818, 812, 972, -1,
        818, 972, 977, -1,
        595, 591, 620, -1,
        595, 620, 622, -1,
        622, 620, 189, -1,
        622, 189, 192, -1,
        1011, 1013, 12, -1,
        1011, 12, 6, -1,
        391, 396, 1154, -1,
        391, 1154, 1149, -1,
        0, 4, 592, -1,
        0, 592, 589, -1,
        435, 583, 575, -1,
        435, 575, 560, -1,
        435, 560, 559, -1,
        435, 559, 541, -1,
        435, 541, 540, -1,
        435, 540, 521, -1,
        435, 521, 519, -1,
        435, 519, 496, -1,
        435, 496, 494, -1,
        435, 494, 476, -1,
        435, 476, 473, -1,
        435, 473, 452, -1,
        435, 452, 449, -1,
        435, 449, 426, -1,
        435, 426, 0, -1,
        452, 34, 30, -1,
        452, 30, 449, -1,
        476, 64, 60, -1,
        476, 60, 473, -1,
        496, 94, 90, -1,
        496, 90, 494, -1,
        521, 120, 117, -1,
        521, 117, 519, -1,
        541, 145, 143, -1,
        541, 143, 540, -1,
        560, 166, 165, -1,
        560, 165, 559, -1,
        583, 182, 181, -1,
        583, 181, 575, -1,
        0, 426, 4, -1,
        1129, 1131, 1187, -1,
        1129, 1187, 1185, -1,
        1185, 1187, 750, -1,
        1185, 750, 744, -1,
        744, 750, 945, -1,
        744, 945, 942, -1,
        945, 931, 928, -1,
        945, 928, 942, -1,
        589, 592, 890, -1,
        589, 890, 885, -1,
        885, 890, 1131, -1,
        885, 1131, 1129, -1,
        384, 390, 278, -1,
        384, 278, 275, -1,
        275, 278, 741, -1,
        275, 741, 738, -1,
        738, 741, 980, -1,
        738, 980, 975, -1,
        975, 980, 89, -1,
        975, 89, 83, -1,
        83, 89, 1013, -1,
        83, 1013, 1011, -1,
        279, 281, 396, -1,
        279, 396, 391, -1,
        928, 931, 281, -1,
        928, 281, 279, -1,
        1149, 1154, 643, -1,
        1149, 643, 639, -1,
        639, 643, 662, -1,
        639, 662, 660, -1,
        660, 662, 640, -1,
        660, 640, 636, -1,
        636, 640, 1111, -1,
        636, 1111, 1108, -1,
        1108, 1111, 390, -1,
        1108, 390, 384, -1,
        716, 721, 884, -1,
        716, 884, 881, -1,
        253, 254, 349, -1,
        253, 349, 346, -1,
        1099, 1102, 1141, -1,
        1099, 1141, 1139, -1,
        1139, 1141, 721, -1,
        1139, 721, 716, -1,
        881, 884, 872, -1,
        881, 872, 865, -1,
        865, 872, 254, -1,
        865, 254, 253, -1,
        565, 836, 833, -1,
        565, 833, 561, -1,
        776, 768, 550, -1,
        550, 768, 583, -1,
        550, 583, 535, -1,
        535, 583, 530, -1,
        535, 530, 800, -1,
        583, 435, 387, -1,
        583, 387, 409, -1,
        583, 409, 413, -1,
        583, 413, 437, -1,
        583, 437, 440, -1,
        583, 440, 459, -1,
        583, 459, 463, -1,
        583, 463, 483, -1,
        583, 483, 487, -1,
        583, 487, 507, -1,
        583, 507, 513, -1,
        583, 513, 530, -1,
        513, 507, 825, -1,
        513, 825, 817, -1,
        487, 483, 849, -1,
        487, 849, 842, -1,
        463, 459, 877, -1,
        463, 877, 869, -1,
        440, 437, 908, -1,
        440, 908, 902, -1,
        413, 409, 940, -1,
        413, 940, 934, -1,
        387, 435, 966, -1,
        387, 966, 962, -1,
        535, 800, 793, -1,
        833, 836, 1102, -1,
        833, 1102, 1099, -1,
        775, 767, 916, -1,
        775, 916, 922, -1,
        922, 916, 423, -1,
        922, 423, 428, -1,
        346, 349, 1117, -1,
        346, 1117, 1114, -1,
        1114, 1117, 628, -1,
        1114, 628, 627, -1,
        627, 628, 564, -1,
        627, 564, 569, -1,
        569, 564, 600, -1,
        569, 600, 602, -1,
        602, 600, 159, -1,
        602, 159, 163, -1,
        861, 256, 255, -1,
        861, 255, 857, -1,
        6, 12, 269, -1,
        6, 269, 266, -1,
        266, 269, 717, -1,
        266, 717, 712, -1,
        712, 717, 204, -1,
        712, 204, 203, -1,
        203, 204, 861, -1,
        203, 861, 857, -1,
        1020, 504, 500, -1,
        1020, 500, 1016, -1,
        500, 504, 1151, -1,
        500, 1151, 1147, -1,
        1147, 1151, 565, -1,
        1147, 565, 561, -1,
        255, 256, 1020, -1,
        255, 1020, 1016, -1,
        449, 361, 343, -1,
        449, 343, 426, -1,
        361, 409, 387, -1,
        361, 387, 343, -1
          ]
      normalIndex
      [
0, 0, 0, -1,
        0, 0, 0, -1,
        0, 0, 0, -1,
        0, 0, 0, -1,
        0, 0, 0, -1,
        0, 0, 0, -1,
        0, 0, 0, -1,
        0, 0, 0, -1,
        0, 0, 0, -1,
        0, 0, 0, -1,
        0, 0, 0, -1,
        0, 0, 0, -1,
        0, 0, 0, -1,
        0, 0, 0, -1,
        0, 0, 0, -1,
        0, 0, 0, -1,
        0, 0, 0, -1,
        0, 0, 0, -1,
        0, 0, 0, -1,
        0, 0, 0, -1,
        0, 0, 0, -1,
        0, 0, 0, -1,
        0, 0, 0, -1,
        0, 0, 0, -1,
        0, 0, 0, -1,
        0, 0, 0, -1,
        0, 0, 0, -1,
        0, 0, 0, -1,
        0, 0, 0, -1,
        0, 0, 0, -1,
        0, 0, 0, -1,
        0, 0, 0, -1,
        0, 0, 0, -1,
        0, 0, 0, -1,
        0, 0, 0, -1,
        0, 0, 0, -1,
        0, 0, 0, -1,
        0, 0, 0, -1,
        0, 0, 0, -1,
        0, 0, 0, -1,
        0, 0, 0, -1,
        0, 0, 0, -1,
        0, 0, 0, -1,
        0, 0, 0, -1,
        0, 0, 0, -1,
        0, 0, 0, -1,
        0, 0, 0, -1,
        0, 0, 0, -1,
        0, 0, 0, -1,
        0, 0, 0, -1,
        0, 0, 0, -1,
        0, 0, 0, -1,
        0, 0, 0, -1,
        0, 0, 0, -1,
        0, 0, 0, -1,
        0, 0, 0, -1,
        0, 0, 0, -1,
        0, 0, 0, -1,
        0, 0, 0, -1,
        0, 0, 0, -1,
        0, 0, 0, -1,
        0, 0, 0, -1,
        0, 0, 0, -1,
        0, 0, 0, -1,
        0, 0, 0, -1,
        0, 0, 0, -1,
        0, 0, 0, -1,
        0, 0, 0, -1,
        0, 0, 0, -1,
        0, 0, 0, -1,
        0, 0, 0, -1,
        0, 0, 0, -1,
        0, 0, 0, -1,
        0, 0, 0, -1,
        0, 0, 0, -1,
        0, 0, 0, -1,
        0, 0, 0, -1,
        0, 0, 0, -1,
        0, 0, 0, -1,
        0, 0, 0, -1,
        0, 0, 0, -1,
        0, 0, 0, -1,
        0, 0, 0, -1,
        0, 0, 0, -1,
        0, 0, 0, -1,
        0, 0, 0, -1,
        0, 0, 0, -1,
        0, 0, 0, -1,
        0, 0, 0, -1,
        0, 0, 0, -1,
        0, 0, 0, -1,
        0, 0, 0, -1,
        0, 0, 0, -1,
        0, 0, 0, -1,
        0, 0, 0, -1,
        0, 0, 0, -1,
        0, 0, 0, -1,
        0, 0, 0, -1,
        0, 0, 0, -1,
        0, 0, 0, -1,
        0, 0, 0, -1,
        0, 0, 0, -1,
        0, 0, 0, -1,
        0, 0, 0, -1,
        0, 0, 0, -1,
        0, 0, 0, -1,
        0, 0, 0, -1,
        0, 0, 0, -1,
        0, 0, 0, -1,
        0, 0, 0, -1,
        0, 0, 0, -1,
        0, 0, 0, -1,
        0, 0, 0, -1,
        0, 0, 0, -1,
        0, 0, 0, -1,
        0, 0, 0, -1,
        0, 0, 0, -1,
        0, 0, 0, -1,
        0, 0, 0, -1,
        0, 0, 0, -1,
        0, 0, 0, -1,
        0, 0, 0, -1,
        0, 0, 0, -1,
        0, 0, 0, -1,
        0, 0, 0, -1,
        0, 0, 0, -1,
        0, 0, 0, -1,
        0, 0, 0, -1,
        0, 0, 0, -1,
        0, 0, 0, -1,
        0, 0, 0, -1,
        0, 0, 0, -1,
        0, 0, 0, -1,
        0, 0, 0, -1,
        0, 0, 0, -1,
        0, 0, 0, -1,
        0, 0, 0, -1,
        0, 0, 0, -1,
        0, 0, 0, -1,
        0, 0, 0, -1,
        0, 0, 0, -1,
        0, 0, 0, -1,
        0, 0, 0, -1,
        0, 0, 0, -1,
        0, 0, 0, -1,
        0, 0, 0, -1,
        0, 0, 0, -1,
        0, 0, 0, -1,
        0, 0, 0, -1,
        0, 0, 0, -1,
        0, 0, 0, -1,
        0, 0, 0, -1,
        0, 0, 0, -1,
        0, 0, 0, -1,
        0, 0, 0, -1,
        0, 0, 0, -1,
        0, 0, 0, -1,
        0, 0, 0, -1,
        0, 0, 0, -1,
        0, 0, 0, -1,
        0, 0, 0, -1,
        0, 0, 0, -1,
        0, 0, 0, -1,
        0, 0, 0, -1,
        0, 0, 0, -1,
        0, 0, 0, -1,
        0, 0, 0, -1,
        0, 0, 0, -1,
        0, 0, 0, -1,
        0, 0, 0, -1,
        0, 0, 0, -1,
        0, 0, 0, -1,
        0, 0, 0, -1,
        0, 0, 0, -1,
        0, 0, 0, -1,
        0, 0, 0, -1,
        0, 0, 0, -1,
        0, 0, 0, -1,
        0, 0, 0, -1,
        0, 0, 0, -1,
        0, 0, 0, -1,
        0, 0, 0, -1,
        0, 0, 0, -1,
        0, 0, 0, -1,
        0, 0, 0, -1,
        0, 0, 0, -1,
        0, 0, 0, -1,
        0, 0, 0, -1,
        0, 0, 0, -1,
        0, 0, 0, -1,
        0, 0, 0, -1,
        0, 0, 0, -1,
        0, 0, 0, -1,
        0, 0, 0, -1,
        0, 0, 0, -1,
        0, 0, 0, -1,
        0, 0, 0, -1,
        0, 0, 0, -1,
        0, 0, 0, -1,
        0, 0, 0, -1,
        0, 0, 0, -1,
        0, 0, 0, -1,
        0, 0, 0, -1,
        0, 0, 0, -1,
        0, 0, 0, -1,
        0, 0, 0, -1,
        0, 0, 0, -1,
        0, 0, 0, -1,
        0, 0, 0, -1,
        0, 0, 0, -1,
        0, 0, 0, -1,
        0, 0, 0, -1,
        0, 0, 0, -1,
        0, 0, 0, -1,
        0, 0, 0, -1,
        0, 0, 0, -1,
        0, 0, 0, -1,
        0, 0, 0, -1,
        0, 0, 0, -1,
        1, 1, 1, -1,
        1, 1, 1, -1,
        1, 1, 1, -1,
        1, 1, 1, -1,
        1, 1, 1, -1,
        1, 1, 1, -1,
        1, 1, 1, -1,
        1, 1, 1, -1,
        1, 1, 1, -1,
        1, 1, 1, -1,
        1, 1, 1, -1,
        1, 1, 1, -1,
        1, 1, 1, -1,
        1, 1, 1, -1,
        1, 1, 1, -1,
        1, 1, 1, -1,
        1, 1, 1, -1,
        1, 1, 1, -1,
        1, 1, 1, -1,
        1, 1, 1, -1,
        1, 1, 1, -1,
        1, 1, 1, -1,
        1, 1, 1, -1,
        1, 1, 1, -1,
        1, 1, 1, -1,
        1, 1, 1, -1,
        1, 1, 1, -1,
        1, 1, 1, -1,
        1, 1, 1, -1,
        1, 1, 1, -1,
        1, 1, 1, -1,
        1, 1, 1, -1,
        1, 1, 1, -1,
        1, 1, 1, -1,
        1, 1, 1, -1,
        1, 1, 1, -1,
        1, 1, 1, -1,
        1, 1, 1, -1,
        1, 1, 1, -1,
        1, 1, 1, -1,
        1, 1, 1, -1,
        1, 1, 1, -1,
        1, 1, 1, -1,
        1, 1, 1, -1,
        1, 1, 1, -1,
        1, 1, 1, -1,
        1, 1, 1, -1,
        1, 1, 1, -1,
        1, 1, 1, -1,
        1, 1, 1, -1,
        1, 1, 1, -1,
        1, 1, 1, -1,
        1, 1, 1, -1,
        1, 1, 1, -1,
        1, 1, 1, -1,
        1, 1, 1, -1,
        1, 1, 1, -1,
        1, 1, 1, -1,
        1, 1, 1, -1,
        1, 1, 1, -1,
        1, 1, 1, -1,
        1, 1, 1, -1,
        1, 1, 1, -1,
        1, 1, 1, -1,
        1, 1, 1, -1,
        1, 1, 1, -1,
        1, 1, 1, -1,
        1, 1, 1, -1,
        1, 1, 1, -1,
        1, 1, 1, -1,
        21, 21, 23, -1,
        21, 23, 23, -1,
        8, 8, 12, -1,
        8, 12, 12, -1,
        29, 29, 29, -1,
        29, 29, 29, -1,
        3, 3, 3, -1,
        3, 3, 3, -1,
        31, 31, 19, -1,
        31, 19, 19, -1,
        19, 19, 13, -1,
        19, 13, 13, -1,
        6, 6, 6, -1,
        6, 6, 6, -1,
        20, 20, 27, -1,
        20, 27, 27, -1,
        27, 27, 14, -1,
        27, 14, 14, -1,
        14, 14, 28, -1,
        14, 28, 28, -1,
        26, 26, 26, -1,
        26, 26, 26, -1,
        5, 5, 5, -1,
        5, 5, 5, -1,
        33, 33, 33, -1,
        33, 33, 33, -1,
        18, 18, 18, -1,
        18, 18, 18, -1,
        18, 18, 18, -1,
        18, 18, 18, -1,
        18, 18, 18, -1,
        18, 18, 18, -1,
        21, 21, 23, -1,
        21, 23, 23, -1,
        3, 3, 3, -1,
        3, 3, 3, -1,
        6, 6, 6, -1,
        6, 6, 6, -1,
        6, 6, 6, -1,
        6, 6, 6, -1,
        6, 6, 6, -1,
        12, 12, 32, -1,
        12, 32, 32, -1,
        32, 32, 16, -1,
        32, 16, 16, -1,
        5, 5, 5, -1,
        5, 5, 5, -1,
        16, 16, 30, -1,
        16, 30, 30, -1,
        30, 30, 21, -1,
        30, 21, 21, -1,
        29, 29, 29, -1,
        29, 29, 29, -1,
        8, 8, 12, -1,
        8, 12, 12, -1,
        11, 11, 4, -1,
        11, 4, 4, -1,
        9, 9, 9, -1,
        9, 9, 9, -1,
        15, 15, 22, -1,
        15, 22, 22, -1,
        22, 22, 2, -1,
        22, 2, 2, -1,
        33, 33, 33, -1,
        33, 33, 33, -1,
        4, 4, 24, -1,
        4, 24, 24, -1,
        24, 24, 25, -1,
        24, 25, 25, -1,
        5, 5, 5, -1,
        5, 5, 5, -1,
        18, 18, 18, -1,
        18, 18, 18, -1,
        3, 3, 3, -1,
        3, 3, 3, -1,
        31, 31, 19, -1,
        31, 19, 19, -1,
        19, 19, 13, -1,
        19, 13, 13, -1,
        6, 6, 6, -1,
        6, 6, 6, -1,
        18, 18, 18, -1,
        18, 18, 18, -1,
        12, 12, 32, -1,
        12, 32, 32, -1,
        32, 32, 16, -1,
        32, 16, 16, -1,
        16, 16, 30, -1,
        16, 30, 30, -1,
        30, 30, 21, -1,
        30, 21, 21, -1,
        21, 21, 23, -1,
        21, 23, 23, -1,
        22, 22, 2, -1,
        22, 2, 2, -1,
        6, 6, 6, -1,
        6, 6, 6, -1,
        9, 9, 9, -1,
        9, 9, 9, -1,
        15, 15, 22, -1,
        15, 22, 22, -1,
        33, 33, 33, -1,
        33, 33, 33, -1,
        18, 18, 18, -1,
        18, 18, 18, -1,
        4, 24, 24, -1,
        4, 24, 4, -1,
        24, 24, 25, -1,
        24, 25, 25, -1,
        5, 5, 5, -1,
        5, 5, 5, -1,
        18, 18, 18, -1,
        18, 18, 18, -1,
        8, 8, 12, -1,
        8, 12, 12, -1,
        12, 12, 32, -1,
        12, 32, 32, -1,
        32, 32, 16, -1,
        32, 16, 16, -1,
        16, 16, 30, -1,
        16, 30, 30, -1,
        30, 30, 21, -1,
        30, 21, 21, -1,
        6, 6, 6, -1,
        6, 6, 6, -1,
        20, 20, 27, -1,
        20, 27, 27, -1,
        27, 27, 14, -1,
        27, 14, 14, -1,
        14, 14, 28, -1,
        14, 28, 28, -1,
        26, 26, 26, -1,
        26, 26, 26, -1,
        5, 5, 5, -1,
        5, 5, 5, -1,
        10, 10, 10, -1,
        10, 10, 10, -1,
        11, 11, 4, -1,
        11, 4, 4, -1,
        18, 18, 18, -1,
        18, 18, 18, -1,
        1, 1, 1, -1,
        1, 1, 1, -1,
        1, 1, 1, -1,
        1, 1, 1, -1,
        1, 1, 1, -1,
        1, 1, 1, -1,
        1, 1, 1, -1,
        1, 1, 1, -1,
        1, 1, 1, -1,
        1, 1, 1, -1,
        1, 1, 1, -1,
        1, 1, 1, -1,
        1, 1, 1, -1,
        1, 1, 1, -1,
        1, 1, 1, -1,
        1, 1, 1, -1,
        1, 1, 1, -1,
        1, 1, 1, -1,
        1, 1, 1, -1,
        1, 1, 1, -1,
        1, 1, 1, -1,
        1, 1, 1, -1,
        1, 1, 1, -1,
        1, 1, 1, -1,
        1, 1, 1, -1,
        1, 1, 1, -1,
        1, 1, 1, -1,
        1, 1, 1, -1,
        1, 1, 1, -1,
        1, 1, 1, -1,
        1, 1, 1, -1,
        1, 1, 1, -1,
        1, 1, 1, -1,
        1, 1, 1, -1,
        1, 1, 1, -1,
        1, 1, 1, -1,
        1, 1, 1, -1,
        1, 1, 1, -1,
        1, 1, 1, -1,
        1, 1, 1, -1,
        1, 1, 1, -1,
        1, 1, 1, -1,
        1, 1, 1, -1,
        1, 1, 1, -1,
        1, 1, 1, -1,
        1, 1, 1, -1,
        1, 1, 1, -1,
        1, 1, 1, -1,
        1, 1, 1, -1,
        1, 1, 1, -1,
        1, 1, 1, -1,
        1, 1, 1, -1,
        1, 1, 1, -1,
        1, 1, 1, -1,
        1, 1, 1, -1,
        1, 1, 1, -1,
        1, 1, 1, -1,
        1, 1, 1, -1,
        1, 1, 1, -1,
        1, 1, 1, -1,
        1, 1, 1, -1,
        1, 1, 1, -1,
        1, 1, 1, -1,
        1, 1, 1, -1,
        1, 1, 1, -1,
        1, 1, 1, -1,
        1, 1, 1, -1,
        1, 1, 1, -1,
        1, 1, 1, -1,
        1, 1, 1, -1,
        1, 1, 1, -1,
        1, 1, 1, -1,
        1, 1, 1, -1,
        21, 21, 23, -1,
        21, 23, 23, -1,
        8, 8, 12, -1,
        8, 12, 12, -1,
        29, 29, 29, -1,
        29, 29, 29, -1,
        3, 3, 3, -1,
        3, 3, 3, -1,
        31, 31, 19, -1,
        31, 19, 19, -1,
        19, 19, 13, -1,
        19, 13, 13, -1,
        6, 6, 6, -1,
        6, 6, 6, -1,
        20, 20, 27, -1,
        20, 27, 27, -1,
        27, 27, 14, -1,
        27, 14, 14, -1,
        14, 14, 28, -1,
        14, 28, 28, -1,
        26, 26, 26, -1,
        26, 26, 26, -1,
        5, 5, 5, -1,
        5, 5, 5, -1,
        33, 33, 33, -1,
        33, 33, 33, -1,
        18, 18, 18, -1,
        18, 18, 18, -1,
        18, 18, 18, -1,
        18, 18, 18, -1,
        18, 18, 18, -1,
        18, 18, 18, -1,
        21, 21, 23, -1,
        21, 23, 23, -1,
        3, 3, 3, -1,
        3, 3, 3, -1,
        6, 6, 6, -1,
        6, 6, 6, -1,
        6, 6, 6, -1,
        6, 6, 6, -1,
        6, 6, 6, -1,
        6, 6, 6, -1,
        12, 12, 32, -1,
        12, 32, 32, -1,
        32, 32, 16, -1,
        32, 16, 16, -1,
        5, 5, 5, -1,
        5, 5, 5, -1,
        16, 16, 30, -1,
        16, 30, 30, -1,
        30, 30, 21, -1,
        30, 21, 21, -1,
        29, 29, 29, -1,
        29, 29, 29, -1,
        8, 8, 12, -1,
        8, 12, 12, -1,
        11, 11, 4, -1,
        11, 4, 4, -1,
        9, 9, 9, -1,
        9, 9, 9, -1,
        15, 15, 22, -1,
        15, 22, 22, -1,
        22, 22, 2, -1,
        22, 2, 2, -1,
        33, 33, 33, -1,
        33, 33, 33, -1,
        4, 4, 24, -1,
        4, 24, 24, -1,
        24, 24, 25, -1,
        24, 25, 25, -1,
        5, 5, 5, -1,
        5, 5, 5, -1,
        18, 18, 18, -1,
        18, 18, 18, -1,
        3, 3, 3, -1,
        3, 3, 3, -1,
        31, 31, 19, -1,
        31, 19, 19, -1,
        19, 19, 13, -1,
        19, 13, 13, -1,
        6, 6, 6, -1,
        6, 6, 6, -1,
        18, 18, 18, -1,
        18, 18, 18, -1,
        12, 12, 32, -1,
        12, 32, 32, -1,
        32, 32, 16, -1,
        32, 16, 16, -1,
        16, 16, 30, -1,
        16, 30, 30, -1,
        30, 30, 21, -1,
        30, 21, 21, -1,
        21, 21, 23, -1,
        21, 23, 23, -1,
        22, 22, 2, -1,
        22, 2, 2, -1,
        6, 6, 6, -1,
        6, 6, 6, -1,
        9, 9, 9, -1,
        9, 9, 9, -1,
        15, 15, 22, -1,
        15, 22, 22, -1,
        33, 33, 33, -1,
        33, 33, 33, -1,
        18, 18, 18, -1,
        18, 18, 18, -1,
        4, 24, 24, -1,
        4, 24, 4, -1,
        24, 24, 25, -1,
        24, 25, 25, -1,
        5, 5, 5, -1,
        5, 5, 5, -1,
        18, 18, 18, -1,
        18, 18, 18, -1,
        8, 8, 12, -1,
        8, 12, 12, -1,
        12, 12, 32, -1,
        12, 32, 32, -1,
        32, 32, 16, -1,
        32, 16, 16, -1,
        16, 16, 30, -1,
        16, 30, 30, -1,
        30, 30, 21, -1,
        30, 21, 21, -1,
        6, 6, 6, -1,
        6, 6, 6, -1,
        20, 20, 27, -1,
        20, 27, 27, -1,
        27, 27, 14, -1,
        27, 14, 14, -1,
        14, 14, 28, -1,
        14, 28, 28, -1,
        26, 26, 26, -1,
        26, 26, 26, -1,
        5, 5, 5, -1,
        5, 5, 5, -1,
        10, 10, 10, -1,
        10, 10, 10, -1,
        11, 11, 4, -1,
        11, 4, 4, -1,
        18, 18, 18, -1,
        18, 18, 18, -1,
        18, 18, 18, -1,
        18, 18, 18, -1,
        6, 6, 6, -1,
        6, 6, 6, -1,
        0, 0, 0, -1,
        0, 0, 0, -1,
        0, 0, 0, -1,
        0, 0, 0, -1,
        0, 0, 0, -1,
        0, 0, 0, -1,
        0, 0, 0, -1,
        0, 0, 0, -1,
        0, 0, 0, -1,
        0, 0, 0, -1,
        0, 0, 0, -1,
        0, 0, 0, -1,
        0, 0, 0, -1,
        0, 0, 0, -1,
        0, 0, 0, -1,
        0, 0, 0, -1,
        0, 0, 0, -1,
        0, 0, 0, -1,
        0, 0, 0, -1,
        0, 0, 0, -1,
        0, 0, 0, -1,
        0, 0, 0, -1,
        0, 0, 0, -1,
        0, 0, 0, -1,
        0, 0, 0, -1,
        0, 0, 0, -1,
        0, 0, 0, -1,
        0, 0, 0, -1,
        0, 0, 0, -1,
        0, 0, 0, -1,
        0, 0, 0, -1,
        0, 0, 0, -1,
        0, 0, 0, -1,
        0, 0, 0, -1,
        0, 0, 0, -1,
        0, 0, 0, -1,
        0, 0, 0, -1,
        0, 0, 0, -1,
        0, 0, 0, -1,
        0, 0, 0, -1,
        0, 0, 0, -1,
        0, 0, 0, -1,
        0, 0, 0, -1,
        0, 0, 0, -1,
        0, 0, 0, -1,
        0, 0, 0, -1,
        0, 0, 0, -1,
        0, 0, 0, -1,
        0, 0, 0, -1,
        0, 0, 0, -1,
        0, 0, 0, -1,
        0, 0, 0, -1,
        0, 0, 0, -1,
        0, 0, 0, -1,
        0, 0, 0, -1,
        0, 0, 0, -1,
        0, 0, 0, -1,
        0, 0, 0, -1,
        0, 0, 0, -1,
        0, 0, 0, -1,
        0, 0, 0, -1,
        0, 0, 0, -1,
        0, 0, 0, -1,
        0, 0, 0, -1,
        0, 0, 0, -1,
        0, 0, 0, -1,
        0, 0, 0, -1,
        0, 0, 0, -1,
        0, 0, 0, -1,
        0, 0, 0, -1,
        0, 0, 0, -1,
        0, 0, 0, -1,
        0, 0, 0, -1,
        1, 1, 1, -1,
        1, 1, 1, -1,
        1, 1, 1, -1,
        1, 1, 1, -1,
        1, 1, 1, -1,
        1, 1, 1, -1,
        1, 1, 1, -1,
        1, 1, 1, -1,
        1, 1, 1, -1,
        1, 1, 1, -1,
        1, 1, 1, -1,
        1, 1, 1, -1,
        1, 1, 1, -1,
        1, 1, 1, -1,
        1, 1, 1, -1,
        1, 1, 1, -1,
        1, 1, 1, -1,
        1, 1, 1, -1,
        1, 1, 1, -1,
        1, 1, 1, -1,
        1, 1, 1, -1,
        1, 1, 1, -1,
        1, 1, 1, -1,
        1, 1, 1, -1,
        1, 1, 1, -1,
        1, 1, 1, -1,
        1, 1, 1, -1,
        1, 1, 1, -1,
        1, 1, 1, -1,
        1, 1, 1, -1,
        1, 1, 1, -1,
        1, 1, 1, -1,
        1, 1, 1, -1,
        1, 1, 1, -1,
        1, 1, 1, -1,
        1, 1, 1, -1,
        1, 1, 1, -1,
        1, 1, 1, -1,
        1, 1, 1, -1,
        1, 1, 1, -1,
        1, 1, 1, -1,
        1, 1, 1, -1,
        1, 1, 1, -1,
        1, 1, 1, -1,
        1, 1, 1, -1,
        1, 1, 1, -1,
        1, 1, 1, -1,
        1, 1, 1, -1,
        1, 1, 1, -1,
        1, 1, 1, -1,
        1, 1, 1, -1,
        1, 1, 1, -1,
        1, 1, 1, -1,
        1, 1, 1, -1,
        1, 1, 1, -1,
        1, 1, 1, -1,
        1, 1, 1, -1,
        1, 1, 1, -1,
        1, 1, 1, -1,
        1, 1, 1, -1,
        1, 1, 1, -1,
        1, 1, 1, -1,
        1, 1, 1, -1,
        1, 1, 1, -1,
        1, 1, 1, -1,
        1, 1, 1, -1,
        1, 1, 1, -1,
        1, 1, 1, -1,
        1, 1, 1, -1,
        1, 1, 1, -1,
        1, 1, 1, -1,
        1, 1, 1, -1,
        1, 1, 1, -1,
        21, 21, 23, -1,
        21, 23, 23, -1,
        8, 8, 12, -1,
        8, 12, 12, -1,
        29, 29, 29, -1,
        29, 29, 29, -1,
        3, 3, 3, -1,
        3, 3, 3, -1,
        31, 31, 19, -1,
        31, 19, 19, -1,
        19, 19, 13, -1,
        19, 13, 13, -1,
        6, 6, 6, -1,
        6, 6, 6, -1,
        20, 20, 27, -1,
        20, 27, 27, -1,
        27, 27, 14, -1,
        27, 14, 14, -1,
        14, 14, 28, -1,
        14, 28, 28, -1,
        26, 26, 26, -1,
        26, 26, 26, -1,
        5, 5, 5, -1,
        5, 5, 5, -1,
        33, 33, 33, -1,
        33, 33, 33, -1,
        18, 18, 18, -1,
        18, 18, 18, -1,
        18, 18, 18, -1,
        18, 18, 18, -1,
        18, 18, 18, -1,
        18, 18, 18, -1,
        21, 21, 23, -1,
        21, 23, 23, -1,
        3, 3, 3, -1,
        3, 3, 3, -1,
        6, 6, 6, -1,
        6, 6, 6, -1,
        6, 6, 6, -1,
        6, 6, 6, -1,
        6, 6, 6, -1,
        6, 6, 6, -1,
        12, 12, 32, -1,
        12, 32, 32, -1,
        32, 32, 16, -1,
        32, 16, 16, -1,
        5, 5, 5, -1,
        5, 5, 5, -1,
        16, 16, 30, -1,
        16, 30, 30, -1,
        30, 30, 21, -1,
        30, 21, 21, -1,
        29, 29, 29, -1,
        29, 29, 29, -1,
        8, 8, 12, -1,
        8, 12, 12, -1,
        11, 11, 4, -1,
        11, 4, 4, -1,
        9, 9, 9, -1,
        9, 9, 9, -1,
        15, 15, 22, -1,
        15, 22, 22, -1,
        22, 22, 2, -1,
        22, 2, 2, -1,
        33, 33, 33, -1,
        33, 33, 33, -1,
        4, 4, 24, -1,
        4, 24, 24, -1,
        24, 24, 25, -1,
        24, 25, 25, -1,
        5, 5, 5, -1,
        5, 5, 5, -1,
        18, 18, 18, -1,
        18, 18, 18, -1,
        3, 3, 3, -1,
        3, 3, 3, -1,
        31, 31, 19, -1,
        31, 19, 19, -1,
        19, 19, 13, -1,
        19, 13, 13, -1,
        6, 6, 6, -1,
        6, 6, 6, -1,
        18, 18, 18, -1,
        18, 18, 18, -1,
        12, 12, 32, -1,
        12, 32, 32, -1,
        32, 32, 16, -1,
        32, 16, 16, -1,
        16, 16, 30, -1,
        16, 30, 30, -1,
        30, 30, 21, -1,
        30, 21, 21, -1,
        21, 21, 23, -1,
        21, 23, 23, -1,
        22, 22, 2, -1,
        22, 2, 2, -1,
        6, 6, 6, -1,
        6, 6, 6, -1,
        9, 9, 9, -1,
        9, 9, 9, -1,
        15, 15, 22, -1,
        15, 22, 22, -1,
        33, 33, 33, -1,
        33, 33, 33, -1,
        18, 18, 18, -1,
        18, 18, 18, -1,
        4, 24, 24, -1,
        4, 24, 4, -1,
        24, 24, 25, -1,
        24, 25, 25, -1,
        5, 5, 5, -1,
        5, 5, 5, -1,
        18, 18, 18, -1,
        18, 18, 18, -1,
        8, 8, 12, -1,
        8, 12, 12, -1,
        12, 12, 32, -1,
        12, 32, 32, -1,
        32, 32, 16, -1,
        32, 16, 16, -1,
        16, 16, 30, -1,
        16, 30, 30, -1,
        30, 30, 21, -1,
        30, 21, 21, -1,
        6, 6, 6, -1,
        6, 6, 6, -1,
        20, 20, 27, -1,
        20, 27, 27, -1,
        27, 27, 14, -1,
        27, 14, 14, -1,
        14, 14, 28, -1,
        14, 28, 28, -1,
        26, 26, 26, -1,
        26, 26, 26, -1,
        5, 5, 5, -1,
        5, 5, 5, -1,
        10, 10, 10, -1,
        10, 10, 10, -1,
        11, 11, 4, -1,
        11, 4, 4, -1,
        18, 18, 18, -1,
        18, 18, 18, -1,
        18, 18, 18, -1,
        18, 18, 18, -1,
        6, 6, 6, -1,
        6, 6, 6, -1,
        1, 1, 1, -1,
        1, 1, 1, -1,
        1, 1, 1, -1,
        1, 1, 1, -1,
        1, 1, 1, -1,
        1, 1, 1, -1,
        1, 1, 1, -1,
        1, 1, 1, -1,
        1, 1, 1, -1,
        1, 1, 1, -1,
        1, 1, 1, -1,
        1, 1, 1, -1,
        1, 1, 1, -1,
        1, 1, 1, -1,
        1, 1, 1, -1,
        1, 1, 1, -1,
        1, 1, 1, -1,
        1, 1, 1, -1,
        1, 1, 1, -1,
        1, 1, 1, -1,
        1, 1, 1, -1,
        1, 1, 1, -1,
        1, 1, 1, -1,
        1, 1, 1, -1,
        1, 1, 1, -1,
        1, 1, 1, -1,
        1, 1, 1, -1,
        1, 1, 1, -1,
        1, 1, 1, -1,
        1, 1, 1, -1,
        1, 1, 1, -1,
        1, 1, 1, -1,
        1, 1, 1, -1,
        1, 1, 1, -1,
        1, 1, 1, -1,
        1, 1, 1, -1,
        1, 1, 1, -1,
        1, 1, 1, -1,
        1, 1, 1, -1,
        1, 1, 1, -1,
        1, 1, 1, -1,
        1, 1, 1, -1,
        1, 1, 1, -1,
        1, 1, 1, -1,
        1, 1, 1, -1,
        1, 1, 1, -1,
        1, 1, 1, -1,
        1, 1, 1, -1,
        1, 1, 1, -1,
        1, 1, 1, -1,
        1, 1, 1, -1,
        1, 1, 1, -1,
        1, 1, 1, -1,
        1, 1, 1, -1,
        1, 1, 1, -1,
        1, 1, 1, -1,
        1, 1, 1, -1,
        1, 1, 1, -1,
        1, 1, 1, -1,
        1, 1, 1, -1,
        1, 1, 1, -1,
        1, 1, 1, -1,
        1, 1, 1, -1,
        1, 1, 1, -1,
        1, 1, 1, -1,
        1, 1, 1, -1,
        1, 1, 1, -1,
        1, 1, 1, -1,
        1, 1, 1, -1,
        1, 1, 1, -1,
        1, 1, 1, -1,
        1, 1, 1, -1,
        1, 1, 1, -1,
        21, 21, 23, -1,
        21, 23, 23, -1,
        8, 8, 12, -1,
        8, 12, 12, -1,
        29, 29, 29, -1,
        29, 29, 29, -1,
        3, 3, 3, -1,
        3, 3, 3, -1,
        31, 31, 19, -1,
        31, 19, 19, -1,
        19, 19, 13, -1,
        19, 13, 13, -1,
        6, 6, 6, -1,
        6, 6, 6, -1,
        20, 20, 27, -1,
        20, 27, 27, -1,
        27, 27, 14, -1,
        27, 14, 14, -1,
        14, 14, 28, -1,
        14, 28, 28, -1,
        26, 26, 26, -1,
        26, 26, 26, -1,
        5, 5, 5, -1,
        5, 5, 5, -1,
        33, 33, 33, -1,
        33, 33, 33, -1,
        18, 18, 18, -1,
        18, 18, 18, -1,
        18, 18, 18, -1,
        18, 18, 18, -1,
        18, 18, 18, -1,
        18, 18, 18, -1,
        21, 21, 23, -1,
        21, 23, 23, -1,
        3, 3, 3, -1,
        3, 3, 3, -1,
        6, 6, 6, -1,
        6, 6, 6, -1,
        6, 6, 6, -1,
        6, 6, 6, -1,
        6, 6, 6, -1,
        6, 6, 6, -1,
        12, 12, 32, -1,
        12, 32, 32, -1,
        32, 32, 16, -1,
        32, 16, 16, -1,
        5, 5, 5, -1,
        5, 5, 5, -1,
        16, 16, 30, -1,
        16, 30, 30, -1,
        30, 30, 21, -1,
        30, 21, 21, -1,
        29, 29, 29, -1,
        29, 29, 29, -1,
        8, 8, 12, -1,
        8, 12, 12, -1,
        11, 11, 4, -1,
        11, 4, 4, -1,
        9, 9, 9, -1,
        9, 9, 9, -1,
        15, 15, 22, -1,
        15, 22, 22, -1,
        22, 22, 2, -1,
        22, 2, 2, -1,
        33, 33, 33, -1,
        33, 33, 33, -1,
        4, 4, 24, -1,
        4, 24, 24, -1,
        24, 24, 25, -1,
        24, 25, 25, -1,
        5, 5, 5, -1,
        5, 5, 5, -1,
        18, 18, 18, -1,
        18, 18, 18, -1,
        3, 3, 3, -1,
        3, 3, 3, -1,
        31, 31, 19, -1,
        31, 19, 19, -1,
        19, 19, 13, -1,
        19, 13, 13, -1,
        6, 6, 6, -1,
        6, 6, 6, -1,
        18, 18, 18, -1,
        18, 18, 18, -1,
        12, 12, 32, -1,
        12, 32, 32, -1,
        32, 32, 16, -1,
        32, 16, 16, -1,
        16, 16, 30, -1,
        16, 30, 30, -1,
        30, 30, 21, -1,
        30, 21, 21, -1,
        21, 21, 23, -1,
        21, 23, 23, -1,
        22, 22, 2, -1,
        22, 2, 2, -1,
        6, 6, 6, -1,
        6, 6, 6, -1,
        9, 9, 9, -1,
        9, 9, 9, -1,
        15, 15, 22, -1,
        15, 22, 22, -1,
        33, 33, 33, -1,
        33, 33, 33, -1,
        18, 18, 18, -1,
        18, 18, 18, -1,
        4, 24, 24, -1,
        4, 24, 4, -1,
        24, 24, 25, -1,
        24, 25, 25, -1,
        5, 5, 5, -1,
        5, 5, 5, -1,
        18, 18, 18, -1,
        18, 18, 18, -1,
        8, 8, 12, -1,
        8, 12, 12, -1,
        12, 12, 32, -1,
        12, 32, 32, -1,
        32, 32, 16, -1,
        32, 16, 16, -1,
        16, 16, 30, -1,
        16, 30, 30, -1,
        30, 30, 21, -1,
        30, 21, 21, -1,
        6, 6, 6, -1,
        6, 6, 6, -1,
        20, 20, 27, -1,
        20, 27, 27, -1,
        27, 27, 14, -1,
        27, 14, 14, -1,
        14, 14, 28, -1,
        14, 28, 28, -1,
        26, 26, 26, -1,
        26, 26, 26, -1,
        5, 5, 5, -1,
        5, 5, 5, -1,
        10, 10, 10, -1,
        10, 10, 10, -1,
        11, 11, 4, -1,
        11, 4, 4, -1,
        18, 18, 18, -1,
        18, 18, 18, -1,
        18, 18, 18, -1,
        18, 18, 18, -1,
        6, 6, 6, -1,
        6, 6, 6, -1,
        0, 0, 0, -1,
        0, 0, 0, -1,
        0, 0, 0, -1,
        0, 0, 0, -1,
        0, 0, 0, -1,
        0, 0, 0, -1,
        0, 0, 0, -1,
        0, 0, 0, -1,
        0, 0, 0, -1,
        0, 0, 0, -1,
        0, 0, 0, -1,
        0, 0, 0, -1,
        0, 0, 0, -1,
        0, 0, 0, -1,
        0, 0, 0, -1,
        0, 0, 0, -1,
        0, 0, 0, -1,
        0, 0, 0, -1,
        0, 0, 0, -1,
        0, 0, 0, -1,
        0, 0, 0, -1,
        0, 0, 0, -1,
        0, 0, 0, -1,
        0, 0, 0, -1,
        0, 0, 0, -1,
        0, 0, 0, -1,
        0, 0, 0, -1,
        0, 0, 0, -1,
        0, 0, 0, -1,
        0, 0, 0, -1,
        0, 0, 0, -1,
        0, 0, 0, -1,
        0, 0, 0, -1,
        0, 0, 0, -1,
        0, 0, 0, -1,
        0, 0, 0, -1,
        0, 0, 0, -1,
        0, 0, 0, -1,
        0, 0, 0, -1,
        0, 0, 0, -1,
        0, 0, 0, -1,
        0, 0, 0, -1,
        0, 0, 0, -1,
        0, 0, 0, -1,
        0, 0, 0, -1,
        0, 0, 0, -1,
        0, 0, 0, -1,
        0, 0, 0, -1,
        0, 0, 0, -1,
        0, 0, 0, -1,
        0, 0, 0, -1,
        0, 0, 0, -1,
        0, 0, 0, -1,
        0, 0, 0, -1,
        0, 0, 0, -1,
        0, 0, 0, -1,
        0, 0, 0, -1,
        0, 0, 0, -1,
        0, 0, 0, -1,
        0, 0, 0, -1,
        0, 0, 0, -1,
        0, 0, 0, -1,
        0, 0, 0, -1,
        0, 0, 0, -1,
        0, 0, 0, -1,
        0, 0, 0, -1,
        0, 0, 0, -1,
        0, 0, 0, -1,
        0, 0, 0, -1,
        0, 0, 0, -1,
        0, 0, 0, -1,
        0, 0, 0, -1,
        0, 0, 0, -1,
        0, 0, 0, -1,
        0, 0, 0, -1,
        0, 0, 0, -1,
        0, 0, 0, -1,
        0, 0, 0, -1,
        0, 0, 0, -1,
        0, 0, 0, -1,
        0, 0, 0, -1,
        0, 0, 0, -1,
        0, 0, 0, -1,
        0, 0, 0, -1,
        0, 0, 0, -1,
        0, 0, 0, -1,
        0, 0, 0, -1,
        0, 0, 0, -1,
        0, 0, 0, -1,
        0, 0, 0, -1,
        0, 0, 0, -1,
        0, 0, 0, -1,
        0, 0, 0, -1,
        0, 0, 0, -1,
        0, 0, 0, -1,
        0, 0, 0, -1,
        0, 0, 0, -1,
        0, 0, 0, -1,
        0, 0, 0, -1,
        0, 0, 0, -1,
        0, 0, 0, -1,
        0, 0, 0, -1,
        0, 0, 0, -1,
        0, 0, 0, -1,
        0, 0, 0, -1,
        0, 0, 0, -1,
        0, 0, 0, -1,
        0, 0, 0, -1,
        0, 0, 0, -1,
        0, 0, 0, -1,
        0, 0, 0, -1,
        0, 0, 0, -1,
        0, 0, 0, -1,
        0, 0, 0, -1,
        0, 0, 0, -1,
        0, 0, 0, -1,
        0, 0, 0, -1,
        0, 0, 0, -1,
        0, 0, 0, -1,
        0, 0, 0, -1,
        0, 0, 0, -1,
        0, 0, 0, -1,
        0, 0, 0, -1,
        0, 0, 0, -1,
        0, 0, 0, -1,
        0, 0, 0, -1,
        0, 0, 0, -1,
        0, 0, 0, -1,
        0, 0, 0, -1,
        0, 0, 0, -1,
        0, 0, 0, -1,
        0, 0, 0, -1,
        0, 0, 0, -1,
        0, 0, 0, -1,
        0, 0, 0, -1,
        0, 0, 0, -1,
        0, 0, 0, -1,
        0, 0, 0, -1,
        0, 0, 0, -1,
        0, 0, 0, -1,
        0, 0, 0, -1,
        0, 0, 0, -1,
        0, 0, 0, -1,
        0, 0, 0, -1,
        0, 0, 0, -1,
        0, 0, 0, -1,
        1, 1, 1, -1,
        1, 1, 1, -1,
        1, 1, 1, -1,
        1, 1, 1, -1,
        1, 1, 1, -1,
        1, 1, 1, -1,
        1, 1, 1, -1,
        1, 1, 1, -1,
        1, 1, 1, -1,
        1, 1, 1, -1,
        1, 1, 1, -1,
        1, 1, 1, -1,
        1, 1, 1, -1,
        1, 1, 1, -1,
        1, 1, 1, -1,
        1, 1, 1, -1,
        1, 1, 1, -1,
        1, 1, 1, -1,
        1, 1, 1, -1,
        1, 1, 1, -1,
        1, 1, 1, -1,
        1, 1, 1, -1,
        1, 1, 1, -1,
        1, 1, 1, -1,
        1, 1, 1, -1,
        1, 1, 1, -1,
        1, 1, 1, -1,
        1, 1, 1, -1,
        1, 1, 1, -1,
        1, 1, 1, -1,
        1, 1, 1, -1,
        1, 1, 1, -1,
        1, 1, 1, -1,
        1, 1, 1, -1,
        1, 1, 1, -1,
        1, 1, 1, -1,
        1, 1, 1, -1,
        1, 1, 1, -1,
        1, 1, 1, -1,
        1, 1, 1, -1,
        1, 1, 1, -1,
        1, 1, 1, -1,
        1, 1, 1, -1,
        1, 1, 1, -1,
        1, 1, 1, -1,
        1, 1, 1, -1,
        1, 1, 1, -1,
        1, 1, 1, -1,
        1, 1, 1, -1,
        1, 1, 1, -1,
        1, 1, 1, -1,
        1, 1, 1, -1,
        1, 1, 1, -1,
        1, 1, 1, -1,
        1, 1, 1, -1,
        1, 1, 1, -1,
        1, 1, 1, -1,
        1, 1, 1, -1,
        1, 1, 1, -1,
        1, 1, 1, -1,
        1, 1, 1, -1,
        1, 1, 1, -1,
        1, 1, 1, -1,
        1, 1, 1, -1,
        1, 1, 1, -1,
        1, 1, 1, -1,
        1, 1, 1, -1,
        1, 1, 1, -1,
        1, 1, 1, -1,
        1, 1, 1, -1,
        1, 1, 1, -1,
        1, 1, 1, -1,
        1, 1, 1, -1,
        21, 21, 23, -1,
        21, 23, 23, -1,
        8, 8, 12, -1,
        8, 12, 12, -1,
        29, 29, 29, -1,
        29, 29, 29, -1,
        3, 3, 3, -1,
        3, 3, 3, -1,
        31, 31, 19, -1,
        31, 19, 19, -1,
        19, 19, 13, -1,
        19, 13, 13, -1,
        6, 6, 6, -1,
        6, 6, 6, -1,
        20, 20, 27, -1,
        20, 27, 27, -1,
        27, 27, 14, -1,
        27, 14, 14, -1,
        14, 14, 28, -1,
        14, 28, 28, -1,
        26, 26, 26, -1,
        26, 26, 26, -1,
        5, 5, 5, -1,
        5, 5, 5, -1,
        33, 33, 33, -1,
        33, 33, 33, -1,
        18, 18, 18, -1,
        18, 18, 18, -1,
        18, 18, 18, -1,
        18, 18, 18, -1,
        18, 18, 18, -1,
        18, 18, 18, -1,
        21, 21, 23, -1,
        21, 23, 23, -1,
        3, 3, 3, -1,
        3, 3, 3, -1,
        6, 6, 6, -1,
        6, 6, 6, -1,
        6, 6, 6, -1,
        6, 6, 6, -1,
        6, 6, 6, -1,
        6, 6, 6, -1,
        12, 12, 32, -1,
        12, 32, 32, -1,
        32, 32, 16, -1,
        32, 16, 16, -1,
        5, 5, 5, -1,
        5, 5, 5, -1,
        16, 16, 30, -1,
        16, 30, 30, -1,
        30, 30, 21, -1,
        30, 21, 21, -1,
        29, 29, 29, -1,
        29, 29, 29, -1,
        8, 8, 12, -1,
        8, 12, 12, -1,
        11, 11, 4, -1,
        11, 4, 4, -1,
        9, 9, 9, -1,
        9, 9, 9, -1,
        15, 15, 22, -1,
        15, 22, 22, -1,
        22, 22, 2, -1,
        22, 2, 2, -1,
        33, 33, 33, -1,
        33, 33, 33, -1,
        4, 4, 24, -1,
        4, 24, 24, -1,
        24, 24, 25, -1,
        24, 25, 25, -1,
        5, 5, 5, -1,
        5, 5, 5, -1,
        18, 18, 18, -1,
        18, 18, 18, -1,
        3, 3, 3, -1,
        3, 3, 3, -1,
        31, 31, 19, -1,
        31, 19, 19, -1,
        19, 19, 13, -1,
        19, 13, 13, -1,
        6, 6, 6, -1,
        6, 6, 6, -1,
        18, 18, 18, -1,
        18, 18, 18, -1,
        12, 12, 32, -1,
        12, 32, 32, -1,
        32, 32, 16, -1,
        32, 16, 16, -1,
        16, 16, 30, -1,
        16, 30, 30, -1,
        30, 30, 21, -1,
        30, 21, 21, -1,
        21, 21, 23, -1,
        21, 23, 23, -1,
        22, 22, 2, -1,
        22, 2, 2, -1,
        6, 6, 6, -1,
        6, 6, 6, -1,
        9, 9, 9, -1,
        9, 9, 9, -1,
        15, 15, 22, -1,
        15, 22, 22, -1,
        33, 33, 33, -1,
        33, 33, 33, -1,
        18, 18, 18, -1,
        18, 18, 18, -1,
        4, 24, 24, -1,
        4, 24, 4, -1,
        24, 24, 25, -1,
        24, 25, 25, -1,
        5, 5, 5, -1,
        5, 5, 5, -1,
        18, 18, 18, -1,
        18, 18, 18, -1,
        8, 8, 12, -1,
        8, 12, 12, -1,
        12, 12, 32, -1,
        12, 32, 32, -1,
        32, 32, 16, -1,
        32, 16, 16, -1,
        16, 16, 30, -1,
        16, 30, 30, -1,
        30, 30, 21, -1,
        30, 21, 21, -1,
        6, 6, 6, -1,
        6, 6, 6, -1,
        20, 20, 27, -1,
        20, 27, 27, -1,
        27, 27, 14, -1,
        27, 14, 14, -1,
        14, 14, 28, -1,
        14, 28, 28, -1,
        26, 26, 26, -1,
        26, 26, 26, -1,
        5, 5, 5, -1,
        5, 5, 5, -1,
        10, 10, 10, -1,
        10, 10, 10, -1,
        11, 11, 4, -1,
        11, 4, 4, -1,
        18, 18, 18, -1,
        18, 18, 18, -1,
        18, 18, 18, -1,
        18, 18, 18, -1,
        6, 6, 6, -1,
        6, 6, 6, -1,
        1, 1, 1, -1,
        1, 1, 1, -1,
        1, 1, 1, -1,
        1, 1, 1, -1,
        1, 1, 1, -1,
        1, 1, 1, -1,
        1, 1, 1, -1,
        1, 1, 1, -1,
        1, 1, 1, -1,
        1, 1, 1, -1,
        1, 1, 1, -1,
        1, 1, 1, -1,
        1, 1, 1, -1,
        1, 1, 1, -1,
        1, 1, 1, -1,
        1, 1, 1, -1,
        1, 1, 1, -1,
        1, 1, 1, -1,
        1, 1, 1, -1,
        1, 1, 1, -1,
        1, 1, 1, -1,
        1, 1, 1, -1,
        1, 1, 1, -1,
        1, 1, 1, -1,
        1, 1, 1, -1,
        1, 1, 1, -1,
        1, 1, 1, -1,
        1, 1, 1, -1,
        1, 1, 1, -1,
        1, 1, 1, -1,
        1, 1, 1, -1,
        1, 1, 1, -1,
        1, 1, 1, -1,
        1, 1, 1, -1,
        1, 1, 1, -1,
        1, 1, 1, -1,
        1, 1, 1, -1,
        1, 1, 1, -1,
        1, 1, 1, -1,
        1, 1, 1, -1,
        1, 1, 1, -1,
        1, 1, 1, -1,
        1, 1, 1, -1,
        1, 1, 1, -1,
        1, 1, 1, -1,
        1, 1, 1, -1,
        1, 1, 1, -1,
        1, 1, 1, -1,
        1, 1, 1, -1,
        1, 1, 1, -1,
        1, 1, 1, -1,
        1, 1, 1, -1,
        1, 1, 1, -1,
        1, 1, 1, -1,
        1, 1, 1, -1,
        1, 1, 1, -1,
        1, 1, 1, -1,
        1, 1, 1, -1,
        1, 1, 1, -1,
        1, 1, 1, -1,
        1, 1, 1, -1,
        1, 1, 1, -1,
        1, 1, 1, -1,
        1, 1, 1, -1,
        1, 1, 1, -1,
        1, 1, 1, -1,
        1, 1, 1, -1,
        1, 1, 1, -1,
        1, 1, 1, -1,
        1, 1, 1, -1,
        1, 1, 1, -1,
        1, 1, 1, -1,
        1, 1, 1, -1,
        21, 21, 23, -1,
        21, 23, 23, -1,
        8, 8, 12, -1,
        8, 12, 12, -1,
        29, 29, 29, -1,
        29, 29, 29, -1,
        3, 3, 3, -1,
        3, 3, 3, -1,
        31, 31, 19, -1,
        31, 19, 19, -1,
        19, 19, 13, -1,
        19, 13, 13, -1,
        6, 6, 6, -1,
        6, 6, 6, -1,
        20, 20, 27, -1,
        20, 27, 27, -1,
        27, 27, 14, -1,
        27, 14, 14, -1,
        14, 14, 28, -1,
        14, 28, 28, -1,
        26, 26, 26, -1,
        26, 26, 26, -1,
        5, 5, 5, -1,
        5, 5, 5, -1,
        33, 33, 33, -1,
        33, 33, 33, -1,
        18, 18, 18, -1,
        18, 18, 18, -1,
        18, 18, 18, -1,
        18, 18, 18, -1,
        18, 18, 18, -1,
        18, 18, 18, -1,
        21, 21, 23, -1,
        21, 23, 23, -1,
        3, 3, 3, -1,
        3, 3, 3, -1,
        6, 6, 6, -1,
        6, 6, 6, -1,
        6, 6, 6, -1,
        6, 6, 6, -1,
        6, 6, 6, -1,
        6, 6, 6, -1,
        12, 12, 32, -1,
        12, 32, 32, -1,
        32, 32, 16, -1,
        32, 16, 16, -1,
        5, 5, 5, -1,
        5, 5, 5, -1,
        16, 16, 30, -1,
        16, 30, 30, -1,
        30, 30, 21, -1,
        30, 21, 21, -1,
        29, 29, 29, -1,
        29, 29, 29, -1,
        8, 8, 12, -1,
        8, 12, 12, -1,
        11, 11, 4, -1,
        11, 4, 4, -1,
        9, 9, 9, -1,
        9, 9, 9, -1,
        15, 15, 22, -1,
        15, 22, 22, -1,
        22, 22, 2, -1,
        22, 2, 2, -1,
        33, 33, 33, -1,
        33, 33, 33, -1,
        4, 4, 24, -1,
        4, 24, 24, -1,
        24, 24, 25, -1,
        24, 25, 25, -1,
        5, 5, 5, -1,
        5, 5, 5, -1,
        18, 18, 18, -1,
        18, 18, 18, -1,
        3, 3, 3, -1,
        3, 3, 3, -1,
        31, 31, 19, -1,
        31, 19, 19, -1,
        19, 19, 13, -1,
        19, 13, 13, -1,
        6, 6, 6, -1,
        6, 6, 6, -1,
        18, 18, 18, -1,
        18, 18, 18, -1,
        12, 12, 32, -1,
        12, 32, 32, -1,
        32, 32, 16, -1,
        32, 16, 16, -1,
        16, 16, 30, -1,
        16, 30, 30, -1,
        30, 30, 21, -1,
        30, 21, 21, -1,
        21, 21, 23, -1,
        21, 23, 23, -1,
        22, 22, 2, -1,
        22, 2, 2, -1,
        6, 6, 6, -1,
        6, 6, 6, -1,
        9, 9, 9, -1,
        9, 9, 9, -1,
        15, 15, 22, -1,
        15, 22, 22, -1,
        33, 33, 33, -1,
        33, 33, 33, -1,
        18, 18, 18, -1,
        18, 18, 18, -1,
        4, 24, 24, -1,
        4, 24, 4, -1,
        24, 24, 25, -1,
        24, 25, 25, -1,
        5, 5, 5, -1,
        5, 5, 5, -1,
        18, 18, 18, -1,
        18, 18, 18, -1,
        8, 8, 12, -1,
        8, 12, 12, -1,
        12, 12, 32, -1,
        12, 32, 32, -1,
        32, 32, 16, -1,
        32, 16, 16, -1,
        16, 16, 30, -1,
        16, 30, 30, -1,
        30, 30, 21, -1,
        30, 21, 21, -1,
        6, 6, 6, -1,
        6, 6, 6, -1,
        20, 20, 27, -1,
        20, 27, 27, -1,
        27, 27, 14, -1,
        27, 14, 14, -1,
        14, 14, 28, -1,
        14, 28, 28, -1,
        26, 26, 26, -1,
        26, 26, 26, -1,
        5, 5, 5, -1,
        5, 5, 5, -1,
        10, 10, 10, -1,
        10, 10, 10, -1,
        11, 11, 4, -1,
        11, 4, 4, -1,
        18, 18, 18, -1,
        18, 18, 18, -1,
        18, 18, 18, -1,
        18, 18, 18, -1,
        6, 6, 6, -1,
        6, 6, 6, -1,
        0, 0, 0, -1,
        0, 0, 0, -1,
        0, 0, 0, -1,
        0, 0, 0, -1,
        0, 0, 0, -1,
        0, 0, 0, -1,
        0, 0, 0, -1,
        0, 0, 0, -1,
        0, 0, 0, -1,
        0, 0, 0, -1,
        0, 0, 0, -1,
        0, 0, 0, -1,
        0, 0, 0, -1,
        0, 0, 0, -1,
        0, 0, 0, -1,
        0, 0, 0, -1,
        0, 0, 0, -1,
        0, 0, 0, -1,
        0, 0, 0, -1,
        0, 0, 0, -1,
        0, 0, 0, -1,
        0, 0, 0, -1,
        0, 0, 0, -1,
        0, 0, 0, -1,
        0, 0, 0, -1,
        0, 0, 0, -1,
        0, 0, 0, -1,
        0, 0, 0, -1,
        0, 0, 0, -1,
        0, 0, 0, -1,
        0, 0, 0, -1,
        0, 0, 0, -1,
        0, 0, 0, -1,
        0, 0, 0, -1,
        0, 0, 0, -1,
        0, 0, 0, -1,
        0, 0, 0, -1,
        0, 0, 0, -1,
        0, 0, 0, -1,
        0, 0, 0, -1,
        0, 0, 0, -1,
        0, 0, 0, -1,
        0, 0, 0, -1,
        0, 0, 0, -1,
        0, 0, 0, -1,
        0, 0, 0, -1,
        0, 0, 0, -1,
        0, 0, 0, -1,
        0, 0, 0, -1,
        0, 0, 0, -1,
        0, 0, 0, -1,
        0, 0, 0, -1,
        0, 0, 0, -1,
        0, 0, 0, -1,
        0, 0, 0, -1,
        0, 0, 0, -1,
        0, 0, 0, -1,
        0, 0, 0, -1,
        0, 0, 0, -1,
        0, 0, 0, -1,
        0, 0, 0, -1,
        0, 0, 0, -1,
        0, 0, 0, -1,
        0, 0, 0, -1,
        0, 0, 0, -1,
        0, 0, 0, -1,
        0, 0, 0, -1,
        0, 0, 0, -1,
        0, 0, 0, -1,
        0, 0, 0, -1,
        0, 0, 0, -1,
        0, 0, 0, -1,
        0, 0, 0, -1,
        1, 1, 1, -1,
        1, 1, 1, -1,
        1, 1, 1, -1,
        1, 1, 1, -1,
        1, 1, 1, -1,
        1, 1, 1, -1,
        1, 1, 1, -1,
        1, 1, 1, -1,
        1, 1, 1, -1,
        1, 1, 1, -1,
        1, 1, 1, -1,
        1, 1, 1, -1,
        1, 1, 1, -1,
        1, 1, 1, -1,
        1, 1, 1, -1,
        1, 1, 1, -1,
        1, 1, 1, -1,
        1, 1, 1, -1,
        1, 1, 1, -1,
        1, 1, 1, -1,
        1, 1, 1, -1,
        1, 1, 1, -1,
        1, 1, 1, -1,
        1, 1, 1, -1,
        1, 1, 1, -1,
        1, 1, 1, -1,
        1, 1, 1, -1,
        1, 1, 1, -1,
        1, 1, 1, -1,
        1, 1, 1, -1,
        1, 1, 1, -1,
        1, 1, 1, -1,
        1, 1, 1, -1,
        1, 1, 1, -1,
        1, 1, 1, -1,
        1, 1, 1, -1,
        1, 1, 1, -1,
        1, 1, 1, -1,
        1, 1, 1, -1,
        1, 1, 1, -1,
        1, 1, 1, -1,
        1, 1, 1, -1,
        1, 1, 1, -1,
        1, 1, 1, -1,
        1, 1, 1, -1,
        1, 1, 1, -1,
        1, 1, 1, -1,
        1, 1, 1, -1,
        1, 1, 1, -1,
        1, 1, 1, -1,
        1, 1, 1, -1,
        1, 1, 1, -1,
        1, 1, 1, -1,
        1, 1, 1, -1,
        1, 1, 1, -1,
        1, 1, 1, -1,
        1, 1, 1, -1,
        1, 1, 1, -1,
        1, 1, 1, -1,
        1, 1, 1, -1,
        1, 1, 1, -1,
        1, 1, 1, -1,
        1, 1, 1, -1,
        1, 1, 1, -1,
        1, 1, 1, -1,
        1, 1, 1, -1,
        1, 1, 1, -1,
        1, 1, 1, -1,
        1, 1, 1, -1,
        1, 1, 1, -1,
        1, 1, 1, -1,
        1, 1, 1, -1,
        1, 1, 1, -1,
        21, 21, 23, -1,
        21, 23, 23, -1,
        8, 8, 12, -1,
        8, 12, 12, -1,
        29, 29, 29, -1,
        29, 29, 29, -1,
        3, 3, 3, -1,
        3, 3, 3, -1,
        31, 31, 19, -1,
        31, 19, 19, -1,
        19, 19, 13, -1,
        19, 13, 13, -1,
        6, 6, 6, -1,
        6, 6, 6, -1,
        20, 20, 27, -1,
        20, 27, 27, -1,
        27, 27, 14, -1,
        27, 14, 14, -1,
        14, 14, 28, -1,
        14, 28, 28, -1,
        26, 26, 26, -1,
        26, 26, 26, -1,
        5, 5, 5, -1,
        5, 5, 5, -1,
        33, 33, 33, -1,
        33, 33, 33, -1,
        18, 18, 18, -1,
        18, 18, 18, -1,
        18, 18, 18, -1,
        18, 18, 18, -1,
        18, 18, 18, -1,
        18, 18, 18, -1,
        21, 21, 23, -1,
        21, 23, 23, -1,
        3, 3, 3, -1,
        3, 3, 3, -1,
        6, 6, 6, -1,
        6, 6, 6, -1,
        6, 6, 6, -1,
        6, 6, 6, -1,
        6, 6, 6, -1,
        6, 6, 6, -1,
        12, 12, 32, -1,
        12, 32, 32, -1,
        32, 32, 16, -1,
        32, 16, 16, -1,
        5, 5, 5, -1,
        5, 5, 5, -1,
        16, 16, 30, -1,
        16, 30, 30, -1,
        30, 30, 21, -1,
        30, 21, 21, -1,
        29, 29, 29, -1,
        29, 29, 29, -1,
        8, 8, 12, -1,
        8, 12, 12, -1,
        11, 11, 4, -1,
        11, 4, 4, -1,
        9, 9, 9, -1,
        9, 9, 9, -1,
        15, 15, 22, -1,
        15, 22, 22, -1,
        22, 22, 2, -1,
        22, 2, 2, -1,
        33, 33, 33, -1,
        33, 33, 33, -1,
        4, 4, 24, -1,
        4, 24, 24, -1,
        24, 24, 25, -1,
        24, 25, 25, -1,
        5, 5, 5, -1,
        5, 5, 5, -1,
        18, 18, 18, -1,
        18, 18, 18, -1,
        3, 3, 3, -1,
        3, 3, 3, -1,
        31, 31, 19, -1,
        31, 19, 19, -1,
        19, 19, 13, -1,
        19, 13, 13, -1,
        6, 6, 6, -1,
        6, 6, 6, -1,
        18, 18, 18, -1,
        18, 18, 18, -1,
        12, 12, 32, -1,
        12, 32, 32, -1,
        32, 32, 16, -1,
        32, 16, 16, -1,
        16, 16, 30, -1,
        16, 30, 30, -1,
        30, 30, 21, -1,
        30, 21, 21, -1,
        21, 21, 23, -1,
        21, 23, 23, -1,
        22, 22, 2, -1,
        22, 2, 2, -1,
        6, 6, 6, -1,
        6, 6, 6, -1,
        9, 9, 9, -1,
        9, 9, 9, -1,
        15, 15, 22, -1,
        15, 22, 22, -1,
        33, 33, 33, -1,
        33, 33, 33, -1,
        18, 18, 18, -1,
        18, 18, 18, -1,
        4, 24, 24, -1,
        4, 24, 4, -1,
        24, 24, 25, -1,
        24, 25, 25, -1,
        5, 5, 5, -1,
        5, 5, 5, -1,
        18, 18, 18, -1,
        18, 18, 18, -1,
        8, 8, 12, -1,
        8, 12, 12, -1,
        12, 12, 32, -1,
        12, 32, 32, -1,
        32, 32, 16, -1,
        32, 16, 16, -1,
        16, 16, 30, -1,
        16, 30, 30, -1,
        30, 30, 21, -1,
        30, 21, 21, -1,
        6, 6, 6, -1,
        6, 6, 6, -1,
        20, 20, 27, -1,
        20, 27, 27, -1,
        27, 27, 14, -1,
        27, 14, 14, -1,
        14, 14, 28, -1,
        14, 28, 28, -1,
        26, 26, 26, -1,
        26, 26, 26, -1,
        5, 5, 5, -1,
        5, 5, 5, -1,
        10, 10, 10, -1,
        10, 10, 10, -1,
        11, 11, 4, -1,
        11, 4, 4, -1,
        18, 18, 18, -1,
        18, 18, 18, -1,
        18, 18, 18, -1,
        18, 18, 18, -1,
        6, 6, 6, -1,
        6, 6, 6, -1,
        0, 0, 0, -1,
        0, 0, 0, -1,
        0, 0, 0, -1,
        0, 0, 0, -1,
        0, 0, 0, -1,
        0, 0, 0, -1,
        0, 0, 0, -1,
        0, 0, 0, -1,
        0, 0, 0, -1,
        0, 0, 0, -1,
        0, 0, 0, -1,
        0, 0, 0, -1,
        0, 0, 0, -1,
        0, 0, 0, -1,
        0, 0, 0, -1,
        0, 0, 0, -1,
        0, 0, 0, -1,
        0, 0, 0, -1,
        0, 0, 0, -1,
        0, 0, 0, -1,
        0, 0, 0, -1,
        0, 0, 0, -1,
        0, 0, 0, -1,
        0, 0, 0, -1,
        0, 0, 0, -1,
        0, 0, 0, -1,
        0, 0, 0, -1,
        0, 0, 0, -1,
        0, 0, 0, -1,
        0, 0, 0, -1,
        0, 0, 0, -1,
        0, 0, 0, -1,
        0, 0, 0, -1,
        0, 0, 0, -1,
        0, 0, 0, -1,
        0, 0, 0, -1,
        0, 0, 0, -1,
        0, 0, 0, -1,
        0, 0, 0, -1,
        0, 0, 0, -1,
        0, 0, 0, -1,
        0, 0, 0, -1,
        0, 0, 0, -1,
        0, 0, 0, -1,
        0, 0, 0, -1,
        0, 0, 0, -1,
        0, 0, 0, -1,
        0, 0, 0, -1,
        0, 0, 0, -1,
        0, 0, 0, -1,
        0, 0, 0, -1,
        0, 0, 0, -1,
        0, 0, 0, -1,
        0, 0, 0, -1,
        0, 0, 0, -1,
        0, 0, 0, -1,
        0, 0, 0, -1,
        0, 0, 0, -1,
        0, 0, 0, -1,
        0, 0, 0, -1,
        0, 0, 0, -1,
        0, 0, 0, -1,
        0, 0, 0, -1,
        0, 0, 0, -1,
        0, 0, 0, -1,
        0, 0, 0, -1,
        0, 0, 0, -1,
        0, 0, 0, -1,
        0, 0, 0, -1,
        0, 0, 0, -1,
        1, 1, 1, -1,
        1, 1, 1, -1,
        1, 1, 1, -1,
        1, 1, 1, -1,
        1, 1, 1, -1,
        1, 1, 1, -1,
        1, 1, 1, -1,
        1, 1, 1, -1,
        1, 1, 1, -1,
        1, 1, 1, -1,
        1, 1, 1, -1,
        1, 1, 1, -1,
        1, 1, 1, -1,
        1, 1, 1, -1,
        1, 1, 1, -1,
        1, 1, 1, -1,
        1, 1, 1, -1,
        1, 1, 1, -1,
        1, 1, 1, -1,
        1, 1, 1, -1,
        1, 1, 1, -1,
        1, 1, 1, -1,
        1, 1, 1, -1,
        1, 1, 1, -1,
        1, 1, 1, -1,
        1, 1, 1, -1,
        1, 1, 1, -1,
        1, 1, 1, -1,
        1, 1, 1, -1,
        1, 1, 1, -1,
        1, 1, 1, -1,
        1, 1, 1, -1,
        1, 1, 1, -1,
        1, 1, 1, -1,
        1, 1, 1, -1,
        1, 1, 1, -1,
        1, 1, 1, -1,
        1, 1, 1, -1,
        1, 1, 1, -1,
        1, 1, 1, -1,
        1, 1, 1, -1,
        1, 1, 1, -1,
        1, 1, 1, -1,
        1, 1, 1, -1,
        1, 1, 1, -1,
        1, 1, 1, -1,
        1, 1, 1, -1,
        1, 1, 1, -1,
        1, 1, 1, -1,
        1, 1, 1, -1,
        1, 1, 1, -1,
        1, 1, 1, -1,
        1, 1, 1, -1,
        1, 1, 1, -1,
        1, 1, 1, -1,
        1, 1, 1, -1,
        1, 1, 1, -1,
        1, 1, 1, -1,
        1, 1, 1, -1,
        1, 1, 1, -1,
        1, 1, 1, -1,
        1, 1, 1, -1,
        1, 1, 1, -1,
        1, 1, 1, -1,
        1, 1, 1, -1,
        1, 1, 1, -1,
        1, 1, 1, -1,
        1, 1, 1, -1,
        1, 1, 1, -1,
        1, 1, 1, -1,
        1, 1, 1, -1,
        1, 1, 1, -1,
        1, 1, 1, -1,
        21, 21, 23, -1,
        21, 23, 23, -1,
        8, 8, 12, -1,
        8, 12, 12, -1,
        29, 29, 29, -1,
        29, 29, 29, -1,
        3, 3, 3, -1,
        3, 3, 3, -1,
        31, 31, 19, -1,
        31, 19, 19, -1,
        19, 19, 13, -1,
        19, 13, 13, -1,
        6, 6, 6, -1,
        6, 6, 6, -1,
        20, 20, 27, -1,
        20, 27, 27, -1,
        27, 27, 14, -1,
        27, 14, 14, -1,
        14, 14, 28, -1,
        14, 28, 28, -1,
        26, 26, 26, -1,
        26, 26, 26, -1,
        5, 5, 5, -1,
        5, 5, 5, -1,
        33, 33, 33, -1,
        33, 33, 33, -1,
        18, 18, 18, -1,
        18, 18, 18, -1,
        18, 18, 18, -1,
        18, 18, 18, -1,
        18, 18, 18, -1,
        18, 18, 18, -1,
        21, 21, 23, -1,
        21, 23, 23, -1,
        3, 3, 3, -1,
        3, 3, 3, -1,
        6, 6, 6, -1,
        6, 6, 6, -1,
        6, 6, 6, -1,
        6, 6, 6, -1,
        6, 6, 6, -1,
        12, 12, 32, -1,
        12, 32, 32, -1,
        32, 32, 16, -1,
        32, 16, 16, -1,
        5, 5, 5, -1,
        5, 5, 5, -1,
        16, 16, 30, -1,
        16, 30, 30, -1,
        30, 30, 21, -1,
        30, 21, 21, -1,
        29, 29, 29, -1,
        29, 29, 29, -1,
        8, 8, 12, -1,
        8, 12, 12, -1,
        11, 11, 4, -1,
        11, 4, 4, -1,
        7, 7, 7, -1,
        7, 7, 7, -1,
        7, 7, 7, -1,
        7, 7, 7, -1,
        7, 7, 7, -1,
        7, 7, 7, -1,
        7, 7, 7, -1,
        7, 7, 7, -1,
        7, 7, 7, -1,
        7, 7, 7, -1,
        7, 7, 7, -1,
        7, 7, 7, -1,
        7, 7, 7, -1,
        7, 7, 7, -1,
        7, 7, 7, -1,
        7, 7, 7, -1,
        7, 7, 7, -1,
        7, 7, 7, -1,
        7, 7, 7, -1,
        7, 7, 7, -1,
        7, 7, 7, -1,
        7, 7, 7, -1,
        7, 7, 7, -1,
        7, 7, 7, -1,
        7, 7, 7, -1,
        7, 7, 7, -1,
        7, 7, 7, -1,
        7, 7, 7, -1,
        7, 7, 7, -1,
        7, 7, 7, -1,
        9, 9, 9, -1,
        9, 9, 9, -1,
        15, 15, 22, -1,
        15, 22, 22, -1,
        22, 22, 2, -1,
        22, 2, 2, -1,
        33, 33, 33, -1,
        33, 33, 33, -1,
        4, 4, 24, -1,
        4, 24, 24, -1,
        24, 24, 25, -1,
        24, 25, 25, -1,
        5, 5, 5, -1,
        5, 5, 5, -1,
        18, 18, 18, -1,
        18, 18, 18, -1,
        3, 3, 3, -1,
        3, 3, 3, -1,
        31, 31, 19, -1,
        31, 19, 19, -1,
        19, 19, 13, -1,
        19, 13, 13, -1,
        6, 6, 6, -1,
        6, 6, 6, -1,
        18, 18, 18, -1,
        18, 18, 18, -1,
        12, 12, 32, -1,
        12, 32, 32, -1,
        32, 32, 16, -1,
        32, 16, 16, -1,
        16, 16, 30, -1,
        16, 30, 30, -1,
        30, 30, 21, -1,
        30, 21, 21, -1,
        21, 21, 23, -1,
        21, 23, 23, -1,
        22, 22, 2, -1,
        22, 2, 2, -1,
        6, 6, 6, -1,
        6, 6, 6, -1,
        9, 9, 9, -1,
        9, 9, 9, -1,
        15, 15, 22, -1,
        15, 22, 22, -1,
        33, 33, 33, -1,
        33, 33, 33, -1,
        18, 18, 18, -1,
        18, 18, 18, -1,
        4, 24, 24, -1,
        4, 24, 4, -1,
        17, 17, 17, -1,
        17, 17, 17, -1,
        17, 17, 17, -1,
        17, 17, 17, -1,
        17, 17, 17, -1,
        17, 17, 17, -1,
        17, 17, 17, -1,
        17, 17, 17, -1,
        17, 17, 17, -1,
        17, 17, 17, -1,
        17, 17, 17, -1,
        17, 17, 17, -1,
        17, 17, 17, -1,
        17, 17, 17, -1,
        17, 17, 17, -1,
        17, 17, 17, -1,
        17, 17, 17, -1,
        17, 17, 17, -1,
        17, 17, 17, -1,
        17, 17, 17, -1,
        17, 17, 17, -1,
        17, 17, 17, -1,
        17, 17, 17, -1,
        17, 17, 17, -1,
        17, 17, 17, -1,
        17, 17, 17, -1,
        17, 17, 17, -1,
        17, 17, 17, -1,
        17, 17, 17, -1,
        17, 17, 17, -1,
        24, 24, 25, -1,
        24, 25, 25, -1,
        5, 5, 5, -1,
        5, 5, 5, -1,
        18, 18, 18, -1,
        18, 18, 18, -1,
        8, 8, 12, -1,
        8, 12, 12, -1,
        12, 12, 32, -1,
        12, 32, 32, -1,
        32, 32, 16, -1,
        32, 16, 16, -1,
        16, 16, 30, -1,
        16, 30, 30, -1,
        30, 30, 21, -1,
        30, 21, 21, -1,
        6, 6, 6, -1,
        6, 6, 6, -1,
        20, 20, 27, -1,
        20, 27, 27, -1,
        27, 27, 14, -1,
        27, 14, 14, -1,
        14, 14, 28, -1,
        14, 28, 28, -1,
        26, 26, 26, -1,
        26, 26, 26, -1,
        5, 5, 5, -1,
        5, 5, 5, -1,
        10, 10, 10, -1,
        10, 10, 10, -1,
        11, 11, 4, -1,
        11, 4, 4, -1,
        18, 18, 18, -1,
        18, 18, 18, -1,
        18, 18, 18, -1,
        18, 18, 18, -1,
        6, 6, 6, -1,
        6, 6, 6, -1
              ]
      }
    }
  }
}
