ISO-10303-21;
HEADER;
FILE_DESCRIPTION (( 'STEP AP214' ),
    '1' );
FILE_NAME ('User Library-D01PA.STEP',
    '2024-11-01T02:14:10',
    ( '' ),
    ( '' ),
    'SwSTEP 2.0',
    'SolidWorks 2022',
    '' );
FILE_SCHEMA (( 'AUTOMOTIVE_DESIGN' ));
ENDSEC;

DATA;
#1 = CARTESIAN_POINT ( 'NONE',  ( -5.785541957020760684, -6.400000000000000355, 19.00000000000000000 ) ) ;
#2 = DIRECTION ( 'NONE',  ( -1.000000000000000000, 0.0000000000000000000, -0.0000000000000000000 ) ) ;
#3 = DIRECTION ( 'NONE',  ( -1.000000000000000000, -0.0000000000000000000, 0.0000000000000000000 ) ) ;
#4 = LINE ( 'NONE', #1600, #799 ) ;
#5 = ORIENTED_EDGE ( 'NONE', *, *, #512, .F. ) ;
#6 = CARTESIAN_POINT ( 'NONE',  ( -5.404999999999998472, -6.400000000000000355, 19.00000000000000000 ) ) ;
#7 = FACE_OUTER_BOUND ( 'NONE', #439, .T. ) ;
#8 = EDGE_CURVE ( 'NONE', #415, #820, #1255, .T. ) ;
#9 = ORIENTED_EDGE ( 'NONE', *, *, #1472, .F. ) ;
#10 = ADVANCED_FACE ( 'NONE', ( #390 ), #1624, .F. ) ;
#11 = CARTESIAN_POINT ( 'NONE',  ( -1.000000000000000000, 0.8000000000000000444, 2.494239946827289778 ) ) ;
#12 = LINE ( 'NONE', #702, #1942 ) ;
#13 = FACE_OUTER_BOUND ( 'NONE', #1041, .T. ) ;
#14 = CARTESIAN_POINT ( 'NONE',  ( 5.405000000000000249, -4.199999999999999289, 10.59999999999999964 ) ) ;
#15 = EDGE_LOOP ( 'NONE', ( #55, #2234, #88, #1503 ) ) ;
#16 = LINE ( 'NONE', #2144, #2014 ) ;
#17 = DIRECTION ( 'NONE',  ( 0.0000000000000000000, 0.0000000000000000000, 1.000000000000000000 ) ) ;
#18 = VECTOR ( 'NONE', #1132, 1000.000000000000000 ) ;
#19 = VECTOR ( 'NONE', #1259, 1000.000000000000000 ) ;
#20 = ORIENTED_EDGE ( 'NONE', *, *, #923, .F. ) ;
#21 = VECTOR ( 'NONE', #2095, 1000.000000000000000 ) ;
#22 = VECTOR ( 'NONE', #1246, 1000.000000000000000 ) ;
#23 = LINE ( 'NONE', #552, #1982 ) ;
#24 = VECTOR ( 'NONE', #648, 1000.000000000000000 ) ;
#25 = CARTESIAN_POINT ( 'NONE',  ( 6.529147515028039805, -6.400000000000000355, 0.0000000000000000000 ) ) ;
#26 = EDGE_CURVE ( 'NONE', #300, #2015, #2168, .T. ) ;
#27 = CARTESIAN_POINT ( 'NONE',  ( -5.405000000000000249, -4.199999999999999289, 2.999999999999999556 ) ) ;
#28 = STYLED_ITEM ( 'NONE', ( #2038 ), #1783 ) ;
#29 = LINE ( 'NONE', #1437, #1989 ) ;
#30 = APPLICATION_PROTOCOL_DEFINITION ( 'draft international standard', 'automotive_design', 1998, #1726 ) ;
#31 = ORIENTED_EDGE ( 'NONE', *, *, #392, .F. ) ;
#32 = DIRECTION ( 'NONE',  ( 0.0000000000000000000, -1.000000000000000000, -0.0000000000000000000 ) ) ;
#33 = DIRECTION ( 'NONE',  ( -1.000000000000000000, -0.0000000000000000000, 0.0000000000000000000 ) ) ;
#34 = LINE ( 'NONE', #418, #241 ) ;
#35 = LINE ( 'NONE', #202, #1305 ) ;
#36 = PRODUCT_RELATED_PRODUCT_CATEGORY ( 'part', '', ( #805 ) ) ;
#37 = ORIENTED_EDGE ( 'NONE', *, *, #1042, .F. ) ;
#38 = CARTESIAN_POINT ( 'NONE',  ( -5.404999999999997584, -6.400000000000000355, 16.00000000000000000 ) ) ;
#39 = ORIENTED_EDGE ( 'NONE', *, *, #67, .T. ) ;
#40 = VERTEX_POINT ( 'NONE', #1994 ) ;
#41 = DIRECTION ( 'NONE',  ( 0.0000000000000000000, -0.0000000000000000000, 1.000000000000000000 ) ) ;
#42 = CARTESIAN_POINT ( 'NONE',  ( 6.604999999999999538, -1.200000000000000178, 0.0000000000000000000 ) ) ;
#43 = ORIENTED_EDGE ( 'NONE', *, *, #533, .T. ) ;
#44 = ORIENTED_EDGE ( 'NONE', *, *, #689, .F. ) ;
#45 = ORIENTED_EDGE ( 'NONE', *, *, #2193, .F. ) ;
#46 = VECTOR ( 'NONE', #1123, 1000.000000000000000 ) ;
#47 = FACE_OUTER_BOUND ( 'NONE', #453, .T. ) ;
#48 = VECTOR ( 'NONE', #1004, 1000.000000000000000 ) ;
#49 = LINE ( 'NONE', #1659, #2325 ) ;
#50 = CARTESIAN_POINT ( 'NONE',  ( 5.405000000000001137, -6.400000000000000355, 6.800000000000000711 ) ) ;
#51 = LINE ( 'NONE', #971, #2131 ) ;
#52 = VERTEX_POINT ( 'NONE', #1098 ) ;
#53 = AXIS2_PLACEMENT_3D ( 'NONE', #1646, #1840, #1452 ) ;
#54 = AXIS2_PLACEMENT_3D ( 'NONE', #1, #731, #1610 ) ;
#55 = ORIENTED_EDGE ( 'NONE', *, *, #70, .F. ) ;
#56 = ORIENTED_EDGE ( 'NONE', *, *, #771, .F. ) ;
#57 = CARTESIAN_POINT ( 'NONE',  ( 0.0000000000000000000, 0.0000000000000000000, 0.0000000000000000000 ) ) ;
#58 = EDGE_CURVE ( 'NONE', #413, #2101, #695, .T. ) ;
#59 = EDGE_LOOP ( 'NONE', ( #299, #2032, #918, #589, #306, #278, #1968, #2059, #1835, #1369, #65, #485, #1390, #1429, #1657, #5, #730, #63, #1537, #1536 ) ) ;
#60 = CARTESIAN_POINT ( 'NONE',  ( -6.604999999999999538, -6.400000000000000355, 14.40000000000000213 ) ) ;
#61 = CYLINDRICAL_SURFACE ( 'NONE', #81, 0.8000000000000003775 ) ;
#62 = CARTESIAN_POINT ( 'NONE',  ( 2.499999999999999556, 0.0000000000000000000, 5.000000000000000888 ) ) ;
#63 = ORIENTED_EDGE ( 'NONE', *, *, #1919, .F. ) ;
#64 = VERTEX_POINT ( 'NONE', #1088 ) ;
#65 = ORIENTED_EDGE ( 'NONE', *, *, #1972, .F. ) ;
#66 = ADVANCED_FACE ( 'NONE', ( #340 ), #381, .F. ) ;
#67 = EDGE_CURVE ( 'NONE', #1233, #1131, #1807, .T. ) ;
#68 = DIRECTION ( 'NONE',  ( 0.0000000000000000000, -1.000000000000000000, 0.0000000000000000000 ) ) ;
#69 = CARTESIAN_POINT ( 'NONE',  ( -5.404999999999997584, -6.400000000000000355, 10.59999999999999964 ) ) ;
#70 = EDGE_CURVE ( 'NONE', #1732, #2299, #1700, .T. ) ;
#71 = PLANE ( 'NONE',  #1113 ) ;
#72 = CARTESIAN_POINT ( 'NONE',  ( 5.405000000000000249, -4.199999999999999289, 12.20000000000000107 ) ) ;
#73 = ORIENTED_EDGE ( 'NONE', *, *, #2027, .T. ) ;
#74 = ORIENTED_EDGE ( 'NONE', *, *, #1684, .F. ) ;
#75 = ORIENTED_EDGE ( 'NONE', *, *, #1904, .T. ) ;
#76 = DIRECTION ( 'NONE',  ( 0.0000000000000000000, 1.000000000000000000, 0.0000000000000000000 ) ) ;
#77 = CARTESIAN_POINT ( 'NONE',  ( -6.604999999999999538, -4.199999999999999289, 2.999999999999999556 ) ) ;
#78 = EDGE_CURVE ( 'NONE', #1567, #236, #16, .T. ) ;
#80 = AXIS2_PLACEMENT_3D ( 'NONE', #2125, #1050, #349 ) ;
#79 = CARTESIAN_POINT ( 'NONE',  ( 6.604999999999999538, -4.132176271528630096, 2.999999999999999112 ) ) ;
#81 = AXIS2_PLACEMENT_3D ( 'NONE', #600, #1105, #1645 ) ;
#82 = DIRECTION ( 'NONE',  ( 0.0000000000000000000, 0.0000000000000000000, -1.000000000000000000 ) ) ;
#83 = ADVANCED_FACE ( 'NONE', ( #724 ), #882, .T. ) ;
#84 = ORIENTED_EDGE ( 'NONE', *, *, #550, .T. ) ;
#85 = DIRECTION ( 'NONE',  ( -1.000000000000000000, -0.0000000000000000000, -0.0000000000000000000 ) ) ;
#86 = AXIS2_PLACEMENT_3D ( 'NONE', #197, #1422, #157 ) ;
#87 = VECTOR ( 'NONE', #2197, 1000.000000000000000 ) ;
#88 = ORIENTED_EDGE ( 'NONE', *, *, #298, .T. ) ;
#89 = ORIENTED_EDGE ( 'NONE', *, *, #451, .F. ) ;
#90 = AXIS2_PLACEMENT_3D ( 'NONE', #242, #253, #41 ) ;
#91 = FACE_OUTER_BOUND ( 'NONE', #2262, .T. ) ;
#92 = ORIENTED_EDGE ( 'NONE', *, *, #1459, .T. ) ;
#93 = CARTESIAN_POINT ( 'NONE',  ( 0.0000000000000000000, 0.0000000000000000000, -5.400000000000000355 ) ) ;
#94 = ADVANCED_FACE ( 'NONE', ( #2183 ), #364, .F. ) ;
#95 = DIRECTION ( 'NONE',  ( 1.000000000000000000, -0.0000000000000000000, 0.0000000000000000000 ) ) ;
#96 = LINE ( 'NONE', #813, #544 ) ;
#97 = VERTEX_POINT ( 'NONE', #919 ) ;
#98 = EDGE_CURVE ( 'NONE', #1889, #1345, #164, .T. ) ;
#99 = EDGE_CURVE ( 'NONE', #1717, #1233, #1141, .T. ) ;
#100 = ORIENTED_EDGE ( 'NONE', *, *, #689, .T. ) ;
#101 = ORIENTED_EDGE ( 'NONE', *, *, #1742, .F. ) ;
#102 = LINE ( 'NONE', #1538, #1451 ) ;
#103 = ORIENTED_EDGE ( 'NONE', *, *, #1042, .T. ) ;
#104 = DIRECTION ( 'NONE',  ( 0.0000000000000000000, 1.000000000000000000, 0.0000000000000000000 ) ) ;
#105 = DIRECTION ( 'NONE',  ( -0.0000000000000000000, 0.0000000000000000000, -1.000000000000000000 ) ) ;
#106 = DIRECTION ( 'NONE',  ( 1.000000000000000000, 0.0000000000000000000, -0.0000000000000000000 ) ) ;
#107 = VERTEX_POINT ( 'NONE', #1830 ) ;
#108 = PLANE ( 'NONE',  #2238 ) ;
#109 = PRODUCT_DEFINITION_SHAPE ( 'NONE', 'NONE',  #2339 ) ;
#110 = LINE ( 'NONE', #826, #582 ) ;
#111 = EDGE_CURVE ( 'NONE', #983, #1290, #257, .T. ) ;
#112 = ORIENTED_EDGE ( 'NONE', *, *, #260, .F. ) ;
#113 = ORIENTED_EDGE ( 'NONE', *, *, #1508, .T. ) ;
#114 = APPLICATION_CONTEXT ( 'automotive_design' ) ;
#115 = DIRECTION ( 'NONE',  ( -1.000000000000000000, 0.0000000000000000000, -0.0000000000000000000 ) ) ;
#116 = LINE ( 'NONE', #670, #130 ) ;
#117 = EDGE_CURVE ( 'NONE', #950, #2002, #603, .T. ) ;
#118 = ORIENTED_EDGE ( 'NONE', *, *, #2200, .F. ) ;
#119 = CARTESIAN_POINT ( 'NONE',  ( -6.604999999999999538, -6.400000000000000355, 16.00000000000000000 ) ) ;
#120 = PLANE ( 'NONE',  #513 ) ;
#121 = PLANE ( 'NONE',  #1823 ) ;
#122 = ORIENTED_EDGE ( 'NONE', *, *, #1060, .T. ) ;
#123 = CARTESIAN_POINT ( 'NONE',  ( 0.0000000000000000000, 0.8000000000000000444, 0.0000000000000000000 ) ) ;
#124 = VECTOR ( 'NONE', #1296, 1000.000000000000000 ) ;
#125 = DIRECTION ( 'NONE',  ( 0.0000000000000000000, 1.000000000000000000, 0.0000000000000000000 ) ) ;
#126 = ORIENTED_EDGE ( 'NONE', *, *, #163, .T. ) ;
#127 = VECTOR ( 'NONE', #2209, 1000.000000000000000 ) ;
#128 = VERTEX_POINT ( 'NONE', #38 ) ;
#129 = EDGE_CURVE ( 'NONE', #1489, #1125, #1441, .T. ) ;
#130 = VECTOR ( 'NONE', #1720, 1000.000000000000000 ) ;
#131 = PLANE ( 'NONE',  #691 ) ;
#132 = DIRECTION ( 'NONE',  ( -1.000000000000000000, 0.0000000000000000000, -0.0000000000000000000 ) ) ;
#133 = ORIENTED_EDGE ( 'NONE', *, *, #1090, .T. ) ;
#134 = VECTOR ( 'NONE', #105, 1000.000000000000000 ) ;
#135 = EDGE_CURVE ( 'NONE', #1941, #942, #1329, .T. ) ;
#136 = CARTESIAN_POINT ( 'NONE',  ( 1.000000000000000000, 0.8000000000000000444, 3.500000000000000000 ) ) ;
#137 = VECTOR ( 'NONE', #502, 1000.000000000000000 ) ;
#138 = CARTESIAN_POINT ( 'NONE',  ( 1.000000000000000000, 0.8000000000000000444, 1.500000000000000000 ) ) ;
#139 = CARTESIAN_POINT ( 'NONE',  ( 6.604999999999999538, -4.132176271528630096, 12.20000000000000107 ) ) ;
#140 = CARTESIAN_POINT ( 'NONE',  ( 6.604999999999999538, -6.400000000000000355, 19.00000000000000000 ) ) ;
#141 = DIRECTION ( 'NONE',  ( 0.0000000000000000000, 0.0000000000000000000, 1.000000000000000000 ) ) ;
#142 = ORIENTED_EDGE ( 'NONE', *, *, #1182, .T. ) ;
#143 = ORIENTED_EDGE ( 'NONE', *, *, #1597, .T. ) ;
#144 = DIRECTION ( 'NONE',  ( 0.0000000000000000000, 0.0000000000000000000, 1.000000000000000000 ) ) ;
#145 = LINE ( 'NONE', #1758, #921 ) ;
#146 = EDGE_LOOP ( 'NONE', ( #649, #1871, #1111, #39 ) ) ;
#147 = ADVANCED_FACE ( 'NONE', ( #428 ), #1474, .F. ) ;
#148 = ADVANCED_FACE ( 'NONE', ( #2202 ), #587, .F. ) ;
#149 = LINE ( 'NONE', #1787, #1331 ) ;
#150 = LINE ( 'NONE', #2080, #134 ) ;
#151 = CARTESIAN_POINT ( 'NONE',  ( 2.500000000000000444, 0.0000000000000000000, 0.0000000000000000000 ) ) ;
#152 = EDGE_CURVE ( 'NONE', #523, #40, #574, .T. ) ;
#153 = DIRECTION ( 'NONE',  ( 0.0000000000000000000, 1.000000000000000000, 0.0000000000000000000 ) ) ;
#154 = ORIENTED_EDGE ( 'NONE', *, *, #1967, .T. ) ;
#155 = DIRECTION ( 'NONE',  ( -6.123233995736769734E-17, 1.000000000000000000, 0.0000000000000000000 ) ) ;
#156 = DIRECTION ( 'NONE',  ( 0.0000000000000000000, -0.0000000000000000000, 1.000000000000000000 ) ) ;
#157 = DIRECTION ( 'NONE',  ( 1.000000000000000000, 0.0000000000000000000, 0.0000000000000000000 ) ) ;
#158 = CARTESIAN_POINT ( 'NONE',  ( -0.5999999999999999778, 0.0000000000000000000, -5.400000000000000355 ) ) ;
#159 = DIRECTION ( 'NONE',  ( 0.0000000000000000000, -1.000000000000000000, 0.0000000000000000000 ) ) ;
#160 = DIRECTION ( 'NONE',  ( -1.000000000000000000, 0.0000000000000000000, -0.0000000000000000000 ) ) ;
#161 = DIRECTION ( 'NONE',  ( 0.0000000000000000000, 1.000000000000000000, 0.0000000000000000000 ) ) ;
#162 = FACE_OUTER_BOUND ( 'NONE', #222, .T. ) ;
#163 = EDGE_CURVE ( 'NONE', #641, #354, #1872, .T. ) ;
#164 = CIRCLE ( 'NONE', #1481, 0.8000000000000003775 ) ;
#165 = ORIENTED_EDGE ( 'NONE', *, *, #2013, .T. ) ;
#166 = DIRECTION ( 'NONE',  ( -1.000000000000000000, -6.123233995736769734E-17, -0.0000000000000000000 ) ) ;
#167 = VECTOR ( 'NONE', #1036, 1000.000000000000000 ) ;
#168 = CARTESIAN_POINT ( 'NONE',  ( -1.000000000000000000, 0.8000000000000000444, 1.500000000000000000 ) ) ;
#169 = VECTOR ( 'NONE', #319, 1000.000000000000000 ) ;
#170 = LINE ( 'NONE', #1816, #509 ) ;
#171 = VERTEX_POINT ( 'NONE', #1842 ) ;
#172 = AXIS2_PLACEMENT_3D ( 'NONE', #1939, #2303, #132 ) ;
#173 = FILL_AREA_STYLE_COLOUR ( '', #1554 ) ;
#174 = MECHANICAL_DESIGN_GEOMETRIC_PRESENTATION_REPRESENTATION (  '', ( #28 ), #1865 ) ;
#175 = ORIENTED_EDGE ( 'NONE', *, *, #214, .T. ) ;
#176 = CARTESIAN_POINT ( 'NONE',  ( -0.5999999999999999778, 0.0000000000000000000, -3.000000000000000000 ) ) ;
#177 = VECTOR ( 'NONE', #1323, 1000.000000000000000 ) ;
#178 = PLANE ( 'NONE',  #54 ) ;
#179 = DIRECTION ( 'NONE',  ( -1.000000000000000000, 0.0000000000000000000, -0.0000000000000000000 ) ) ;
#180 = UNCERTAINTY_MEASURE_WITH_UNIT (LENGTH_MEASURE( 1.000000000000000082E-05 ), #970, 'distance_accuracy_value', 'NONE');
#181 = CARTESIAN_POINT ( 'NONE',  ( 2.499999999999999556, 0.8000000000000000444, 5.000000000000000888 ) ) ;
#182 = FACE_OUTER_BOUND ( 'NONE', #740, .T. ) ;
#183 = EDGE_CURVE ( 'NONE', #2299, #1162, #229, .T. ) ;
#184 = DIRECTION ( 'NONE',  ( -1.000000000000000000, 0.0000000000000000000, -0.0000000000000000000 ) ) ;
#185 = EDGE_CURVE ( 'NONE', #64, #534, #2033, .T. ) ;
#186 = CARTESIAN_POINT ( 'NONE',  ( -2.499999999999999556, 0.0000000000000000000, 0.0000000000000000000 ) ) ;
#187 = LINE ( 'NONE', #907, #1078 ) ;
#188 = EDGE_CURVE ( 'NONE', #2086, #942, #1850, .T. ) ;
#189 =( NAMED_UNIT ( * ) SI_UNIT ( $, .STERADIAN. ) SOLID_ANGLE_UNIT ( ) );
#190 = EDGE_LOOP ( 'NONE', ( #1028, #1134, #1528, #1588 ) ) ;
#191 = LINE ( 'NONE', #1773, #584 ) ;
#192 = DIRECTION ( 'NONE',  ( -1.000000000000000000, -6.123233995736769734E-17, -0.0000000000000000000 ) ) ;
#193 = LINE ( 'NONE', #1096, #1750 ) ;
#194 = ORIENTED_EDGE ( 'NONE', *, *, #834, .F. ) ;
#195 = CARTESIAN_POINT ( 'NONE',  ( -18.39500000000000313, -6.400000000000000355, 6.799999999999999822 ) ) ;
#196 = LINE ( 'NONE', #207, #1076 ) ;
#197 = CARTESIAN_POINT ( 'NONE',  ( 0.0000000000000000000, 0.0000000000000000000, 0.0000000000000000000 ) ) ;
#198 = ORIENTED_EDGE ( 'NONE', *, *, #1056, .T. ) ;
#199 = DIRECTION ( 'NONE',  ( -0.0000000000000000000, -0.0000000000000000000, -1.000000000000000000 ) ) ;
#200 = DIRECTION ( 'NONE',  ( 1.000000000000000000, 0.0000000000000000000, 0.0000000000000000000 ) ) ;
#201 = CARTESIAN_POINT ( 'NONE',  ( -6.604999999999999538, -6.400000000000000355, 10.59999999999999964 ) ) ;
#202 = CARTESIAN_POINT ( 'NONE',  ( 5.405000000000001137, -6.400000000000000355, 19.00000000000000000 ) ) ;
#203 = ORIENTED_EDGE ( 'NONE', *, *, #1142, .F. ) ;
#204 = CARTESIAN_POINT ( 'NONE',  ( 0.5999999999999999778, 0.0000000000000000000, -1.612451549659710048 ) ) ;
#205 = VECTOR ( 'NONE', #1077, 1000.000000000000000 ) ;
#206 = DIRECTION ( 'NONE',  ( -6.123233995736769734E-17, 1.000000000000000000, 0.0000000000000000000 ) ) ;
#207 = CARTESIAN_POINT ( 'NONE',  ( -18.39500000000000313, -4.200000000000001066, 16.00000000000000000 ) ) ;
#208 = VECTOR ( 'NONE', #1252, 1000.000000000000000 ) ;
#209 = VECTOR ( 'NONE', #2336, 1000.000000000000000 ) ;
#210 = ORIENTED_EDGE ( 'NONE', *, *, #1772, .F. ) ;
#211 = EDGE_CURVE ( 'NONE', #2068, #1681, #1931, .T. ) ;
#212 = ORIENTED_EDGE ( 'NONE', *, *, #388, .F. ) ;
#213 = VECTOR ( 'NONE', #1779, 1000.000000000000000 ) ;
#214 = EDGE_CURVE ( 'NONE', #1335, #622, #575, .T. ) ;
#215 = CARTESIAN_POINT ( 'NONE',  ( 5.405000000000000249, -3.200000000000000178, 0.0000000000000000000 ) ) ;
#216 = AXIS2_PLACEMENT_3D ( 'NONE', #1085, #2166, #226 ) ;
#217 = CARTESIAN_POINT ( 'NONE',  ( -6.604999999999999538, -6.400000000000000355, 6.800000000000000711 ) ) ;
#218 = FACE_OUTER_BOUND ( 'NONE', #228, .T. ) ;
#219 = VECTOR ( 'NONE', #890, 1000.000000000000000 ) ;
#220 = DIRECTION ( 'NONE',  ( -1.000000000000000000, -6.123233995736769734E-17, -0.0000000000000000000 ) ) ;
#221 = EDGE_LOOP ( 'NONE', ( #118, #1819, #459, #250 ) ) ;
#222 = EDGE_LOOP ( 'NONE', ( #866, #1200, #832, #1736 ) ) ;
#223 = DIRECTION ( 'NONE',  ( -1.000000000000000000, -0.0000000000000000000, 0.0000000000000000000 ) ) ;
#224 = DIRECTION ( 'NONE',  ( 0.0000000000000000000, 0.0000000000000000000, 1.000000000000000000 ) ) ;
#225 = DIRECTION ( 'NONE',  ( -6.123233995736769734E-17, 1.000000000000000000, 0.0000000000000000000 ) ) ;
#226 = DIRECTION ( 'NONE',  ( 0.0000000000000000000, -1.000000000000000000, 0.0000000000000000000 ) ) ;
#227 = EDGE_CURVE ( 'NONE', #1335, #1345, #650, .T. ) ;
#228 = EDGE_LOOP ( 'NONE', ( #44, #888, #1706, #1806, #793, #1965, #2172 ) ) ;
#229 = LINE ( 'NONE', #943, #1629 ) ;
#230 = ORIENTED_EDGE ( 'NONE', *, *, #1838, .F. ) ;
#231 = MANIFOLD_SOLID_BREP ( 'Imported1', #1220 ) ;
#232 = ORIENTED_EDGE ( 'NONE', *, *, #1326, .F. ) ;
#233 = DIRECTION ( 'NONE',  ( 0.0000000000000000000, -1.000000000000000000, 0.0000000000000000000 ) ) ;
#234 = CARTESIAN_POINT ( 'NONE',  ( 5.405000000000001137, -6.400000000000000355, 14.40000000000000213 ) ) ;
#235 = SURFACE_STYLE_FILL_AREA ( #621 ) ;
#236 = VERTEX_POINT ( 'NONE', #997 ) ;
#237 = CARTESIAN_POINT ( 'NONE',  ( -6.604999999999999538, -6.400000000000000355, 19.00000000000000000 ) ) ;
#238 = ADVANCED_FACE ( 'NONE', ( #308 ), #1511, .F. ) ;
#239 = ORIENTED_EDGE ( 'NONE', *, *, #624, .T. ) ;
#240 = VERTEX_POINT ( 'NONE', #2297 ) ;
#241 = VECTOR ( 'NONE', #947, 1000.000000000000000 ) ;
#242 = CARTESIAN_POINT ( 'NONE',  ( 6.529147515028039805, -6.400000000000000355, 19.00000000000000000 ) ) ;
#243 = VECTOR ( 'NONE', #2150, 1000.000000000000000 ) ;
#244 = DIRECTION ( 'NONE',  ( 0.0000000000000000000, -1.224646799147350002E-16, 1.000000000000000000 ) ) ;
#245 = CARTESIAN_POINT ( 'NONE',  ( 6.529147515028039805, -6.400000000000000355, 2.999999999999999112 ) ) ;
#246 = ORIENTED_EDGE ( 'NONE', *, *, #1875, .T. ) ;
#247 = VECTOR ( 'NONE', #1776, 1000.000000000000000 ) ;
#248 = VECTOR ( 'NONE', #275, 1000.000000000000000 ) ;
#249 = EDGE_CURVE ( 'NONE', #1650, #1022, #1753, .T. ) ;
#250 = ORIENTED_EDGE ( 'NONE', *, *, #1086, .T. ) ;
#251 = CONTEXT_DEPENDENT_SHAPE_REPRESENTATION ( #1851, #262 ) ;
#252 = ORIENTED_EDGE ( 'NONE', *, *, #1421, .T. ) ;
#253 = DIRECTION ( 'NONE',  ( 0.0000000000000000000, 1.000000000000000000, 0.0000000000000000000 ) ) ;
#254 = FACE_OUTER_BOUND ( 'NONE', #2071, .T. ) ;
#255 =( NAMED_UNIT ( * ) PLANE_ANGLE_UNIT ( ) SI_UNIT ( $, .RADIAN. ) );
#256 = ORIENTED_EDGE ( 'NONE', *, *, #2102, .F. ) ;
#257 = LINE ( 'NONE', #778, #1549 ) ;
#258 = ORIENTED_EDGE ( 'NONE', *, *, #1569, .F. ) ;
#259 = VERTEX_POINT ( 'NONE', #1188 ) ;
#260 = EDGE_CURVE ( 'NONE', #911, #442, #1352, .T. ) ;
#261 = LINE ( 'NONE', #752, #177 ) ;
#262 = PRODUCT_DEFINITION_SHAPE ( 'NONE', 'NONE',  #2338 ) ;
#263 = CARTESIAN_POINT ( 'NONE',  ( -5.405000000000000249, -1.199999999999999956, 19.00000000000000000 ) ) ;
#264 = VERTEX_POINT ( 'NONE', #295 ) ;
#265 = EDGE_LOOP ( 'NONE', ( #283, #1608, #430, #1795 ) ) ;
#266 = ORIENTED_EDGE ( 'NONE', *, *, #227, .F. ) ;
#267 = CARTESIAN_POINT ( 'NONE',  ( -18.39500000000000313, -6.400000000000000355, 10.59999999999999964 ) ) ;
#268 = EDGE_CURVE ( 'NONE', #1312, #1314, #635, .T. ) ;
#269 = ORIENTED_EDGE ( 'NONE', *, *, #1126, .T. ) ;
#270 = AXIS2_PLACEMENT_3D ( 'NONE', #1796, #352, #1603 ) ;
#271 = CARTESIAN_POINT ( 'NONE',  ( 0.5999999999999999778, 0.8000000000000001554, 5.421010862427522170E-17 ) ) ;
#272 = EDGE_CURVE ( 'NONE', #2242, #1502, #1737, .T. ) ;
#274 = STYLED_ITEM ( 'NONE', ( #2267 ), #231 ) ;
#273 = CARTESIAN_POINT ( 'NONE',  ( -0.5999999999999999778, 0.0000000000000000000, -3.000000000000000000 ) ) ;
#275 = DIRECTION ( 'NONE',  ( 0.0000000000000000000, 0.0000000000000000000, 1.000000000000000000 ) ) ;
#276 = AXIS2_PLACEMENT_3D ( 'NONE', #868, #366, #353 ) ;
#277 = DIRECTION ( 'NONE',  ( 0.0000000000000000000, 1.000000000000000000, -0.0000000000000000000 ) ) ;
#278 = ORIENTED_EDGE ( 'NONE', *, *, #356, .F. ) ;
#279 = FILL_AREA_STYLE_COLOUR ( '', #644 ) ;
#280 =( GEOMETRIC_REPRESENTATION_CONTEXT ( 3 ) GLOBAL_UNCERTAINTY_ASSIGNED_CONTEXT ( ( #734 ) ) GLOBAL_UNIT_ASSIGNED_CONTEXT ( ( #370, #2185, #189 ) ) REPRESENTATION_CONTEXT ( 'NONE', 'WORKASPACE' ) );
#281 = AXIS2_PLACEMENT_3D ( 'NONE', #1119, #1837, #2333 ) ;
#282 = VECTOR ( 'NONE', #125, 1000.000000000000000 ) ;
#283 = ORIENTED_EDGE ( 'NONE', *, *, #2035, .F. ) ;
#284 = ORIENTED_EDGE ( 'NONE', *, *, #183, .F. ) ;
#285 = CIRCLE ( 'NONE', #656, 0.8000000000000003775 ) ;
#286 = DIRECTION ( 'NONE',  ( -1.000000000000000000, 0.0000000000000000000, -0.0000000000000000000 ) ) ;
#287 = CARTESIAN_POINT ( 'NONE',  ( 0.5999999999999999778, 0.0000000000000000000, -1.400000000000000133 ) ) ;
#288 = ORIENTED_EDGE ( 'NONE', *, *, #1744, .F. ) ;
#289 = CARTESIAN_POINT ( 'NONE',  ( 6.604999999999999538, -4.199999999999999289, 6.800000000000000711 ) ) ;
#290 = DIRECTION ( 'NONE',  ( 0.0000000000000000000, 0.0000000000000000000, -1.000000000000000000 ) ) ;
#291 = EDGE_CURVE ( 'NONE', #1165, #1513, #1363, .T. ) ;
#292 = CARTESIAN_POINT ( 'NONE',  ( 5.405000000000000249, -2.626148059256380396, 2.999999999999999112 ) ) ;
#293 = DIRECTION ( 'NONE',  ( 6.123233995736769734E-17, 0.0000000000000000000, 1.000000000000000000 ) ) ;
#294 = ORIENTED_EDGE ( 'NONE', *, *, #481, .T. ) ;
#295 = CARTESIAN_POINT ( 'NONE',  ( 6.604999999999999538, -6.400000000000000355, 4.599999999999999645 ) ) ;
#296 = ADVANCED_BREP_SHAPE_REPRESENTATION ( '', ( #231, #1301 ), #920 ) ;
#297 = FACE_OUTER_BOUND ( 'NONE', #817, .T. ) ;
#298 = EDGE_CURVE ( 'NONE', #1179, #1756, #1782, .T. ) ;
#299 = ORIENTED_EDGE ( 'NONE', *, *, #818, .F. ) ;
#300 = VERTEX_POINT ( 'NONE', #1007 ) ;
#301 = CARTESIAN_POINT ( 'NONE',  ( 6.604999999999999538, -4.199999999999999289, 10.59999999999999964 ) ) ;
#302 = CARTESIAN_POINT ( 'NONE',  ( -0.6606571770349469741, 0.0000000000000000000, 0.0000000000000000000 ) ) ;
#303 = VERTEX_POINT ( 'NONE', #457 ) ;
#304 = CARTESIAN_POINT ( 'NONE',  ( -5.405000000000000249, 1.503851940743619942, 12.20000000000000107 ) ) ;
#305 = CARTESIAN_POINT ( 'NONE',  ( -5.785541957020760684, -6.400000000000000355, 4.599999999999999645 ) ) ;
#306 = ORIENTED_EDGE ( 'NONE', *, *, #493, .F. ) ;
#307 = EDGE_CURVE ( 'NONE', #1417, #1063, #1173, .T. ) ;
#308 = FACE_OUTER_BOUND ( 'NONE', #2248, .T. ) ;
#309 = CARTESIAN_POINT ( 'NONE',  ( 5.405000000000000249, -1.199999999999999956, 19.00000000000000000 ) ) ;
#310 = ORIENTED_EDGE ( 'NONE', *, *, #307, .F. ) ;
#311 = EDGE_LOOP ( 'NONE', ( #1293, #2041, #1245, #1729 ) ) ;
#312 = ADVANCED_FACE ( 'NONE', ( #2083 ), #108, .F. ) ;
#313 = CARTESIAN_POINT ( 'NONE',  ( -1.000000000000000000, 0.8000000000000000444, 1.499999999999999778 ) ) ;
#314 = CARTESIAN_POINT ( 'NONE',  ( 5.405000000000000249, -6.400000000000000355, 16.00000000000000000 ) ) ;
#315 = ORIENTED_EDGE ( 'NONE', *, *, #1875, .F. ) ;
#316 = DIRECTION ( 'NONE',  ( -1.224646799147350002E-16, 1.000000000000000000, 0.0000000000000000000 ) ) ;
#317 = CARTESIAN_POINT ( 'NONE',  ( 5.405000000000000249, -4.199999999999999289, 16.00000000000000000 ) ) ;
#318 = LINE ( 'NONE', #304, #844 ) ;
#319 = DIRECTION ( 'NONE',  ( -1.000000000000000000, -0.0000000000000000000, 0.0000000000000000000 ) ) ;
#320 = VECTOR ( 'NONE', #386, 1000.000000000000000 ) ;
#321 = CARTESIAN_POINT ( 'NONE',  ( 5.405000000000001137, -6.400000000000000355, 19.00000000000000000 ) ) ;
#322 = CIRCLE ( 'NONE', #2326, 0.8000000000000003775 ) ;
#323 = CARTESIAN_POINT ( 'NONE',  ( -0.6606571770349469741, 0.0000000000000000000, 0.0000000000000000000 ) ) ;
#324 = ORIENTED_EDGE ( 'NONE', *, *, #1404, .T. ) ;
#325 = AXIS2_PLACEMENT_3D ( 'NONE', #93, #104, #489 ) ;
#326 = ORIENTED_EDGE ( 'NONE', *, *, #2259, .T. ) ;
#327 = ADVANCED_FACE ( 'NONE', ( #1949 ), #1412, .T. ) ;
#328 = AXIS2_PLACEMENT_3D ( 'NONE', #1171, #940, #1887 ) ;
#329 = ADVANCED_FACE ( 'NONE', ( #2310 ), #2334, .F. ) ;
#330 = CARTESIAN_POINT ( 'NONE',  ( 5.405000000000000249, -2.626148059256380396, 12.20000000000000107 ) ) ;
#331 = ORIENTED_EDGE ( 'NONE', *, *, #1953, .T. ) ;
#332 = VECTOR ( 'NONE', #2231, 1000.000000000000000 ) ;
#333 = EDGE_CURVE ( 'NONE', #1951, #499, #538, .T. ) ;
#334 = LINE ( 'NONE', #138, #1373 ) ;
#335 = CARTESIAN_POINT ( 'NONE',  ( 0.0000000000000000000, 0.8000000000000000444, 1.499999999999999556 ) ) ;
#336 = LINE ( 'NONE', #823, #2088 ) ;
#337 = CARTESIAN_POINT ( 'NONE',  ( 6.529147515028039805, -6.400000000000000355, 19.00000000000000000 ) ) ;
#338 = LINE ( 'NONE', #1061, #282 ) ;
#339 = EDGE_LOOP ( 'NONE', ( #1510, #1006, #1157, #1174 ) ) ;
#340 = FACE_OUTER_BOUND ( 'NONE', #749, .T. ) ;
#341 = CARTESIAN_POINT ( 'NONE',  ( 5.405000000000000249, -4.199999999999999289, 14.40000000000000036 ) ) ;
#342 = EDGE_LOOP ( 'NONE', ( #1641, #2204, #841, #1406 ) ) ;
#343 = ADVANCED_FACE ( 'NONE', ( #1278 ), #1999, .F. ) ;
#344 = ADVANCED_FACE ( 'NONE', ( #1988, #13 ), #1242, .F. ) ;
#345 =( NAMED_UNIT ( * ) SI_UNIT ( $, .STERADIAN. ) SOLID_ANGLE_UNIT ( ) );
#346 = CARTESIAN_POINT ( 'NONE',  ( 6.604999999999999538, -4.132176271528630096, 6.800000000000000711 ) ) ;
#347 = CARTESIAN_POINT ( 'NONE',  ( 0.5999999999999999778, 0.0000000000000000000, -4.293802535041280066 ) ) ;
#348 = DIRECTION ( 'NONE',  ( 0.0000000000000000000, -1.000000000000000000, 0.0000000000000000000 ) ) ;
#349 = DIRECTION ( 'NONE',  ( 0.0000000000000000000, 0.0000000000000000000, 1.000000000000000000 ) ) ;
#350 = DIRECTION ( 'NONE',  ( 0.0000000000000000000, 1.000000000000000000, 0.0000000000000000000 ) ) ;
#351 = VERTEX_POINT ( 'NONE', #1775 ) ;
#352 = DIRECTION ( 'NONE',  ( 0.0000000000000000000, 0.0000000000000000000, -1.000000000000000000 ) ) ;
#353 = DIRECTION ( 'NONE',  ( -6.123233995736769734E-17, 1.000000000000000000, 0.0000000000000000000 ) ) ;
#354 = VERTEX_POINT ( 'NONE', #1960 ) ;
#355 = DIRECTION ( 'NONE',  ( 0.0000000000000000000, 0.0000000000000000000, 1.000000000000000000 ) ) ;
#356 = EDGE_CURVE ( 'NONE', #1379, #1852, #854, .T. ) ;
#357 = LINE ( 'NONE', #2196, #2138 ) ;
#358 = CARTESIAN_POINT ( 'NONE',  ( -4.041334437186249856E-17, 0.0000000000000000000, 13.33000000000000007 ) ) ;
#359 = EDGE_CURVE ( 'NONE', #236, #1739, #1084, .T. ) ;
#360 = DIRECTION ( 'NONE',  ( -1.000000000000000000, 0.0000000000000000000, -0.0000000000000000000 ) ) ;
#361 = PLANE ( 'NONE',  #1518 ) ;
#362 = CLOSED_SHELL ( 'NONE', ( #953, #977, #590, #2174, #744, #238, #2226, #378, #674, #1156, #798, #344, #1626, #578, #1399, #2064, #448, #2253, #1521 ) ) ;
#363 = ORIENTED_EDGE ( 'NONE', *, *, #463, .F. ) ;
#364 = PLANE ( 'NONE',  #1590 ) ;
#366 = DIRECTION ( 'NONE',  ( 1.000000000000000000, 6.123233995736769734E-17, -0.0000000000000000000 ) ) ;
#365 = CIRCLE ( 'NONE', #961, 0.5999999999999998668 ) ;
#367 = VECTOR ( 'NONE', #700, 1000.000000000000000 ) ;
#368 = CARTESIAN_POINT ( 'NONE',  ( 0.0000000000000000000, 0.8000000000000000444, 0.0000000000000000000 ) ) ;
#369 = VECTOR ( 'NONE', #1251, 1000.000000000000000 ) ;
#370 =( LENGTH_UNIT ( ) NAMED_UNIT ( * ) SI_UNIT ( .MILLI., .METRE. ) );
#371 = AXIS2_PLACEMENT_3D ( 'NONE', #263, #2251, #2223 ) ;
#372 = ORIENTED_EDGE ( 'NONE', *, *, #939, .T. ) ;
#373 = VECTOR ( 'NONE', #675, 1000.000000000000000 ) ;
#374 = CARTESIAN_POINT ( 'NONE',  ( -6.604999999999999538, -6.400000000000000355, 8.400000000000000355 ) ) ;
#375 = CARTESIAN_POINT ( 'NONE',  ( 0.3757136719258740154, 0.0000000000000000000, 3.500000000000000000 ) ) ;
#376 = UNCERTAINTY_MEASURE_WITH_UNIT (LENGTH_MEASURE( 1.000000000000000082E-05 ), #2316, 'distance_accuracy_value', 'NONE');
#377 = CARTESIAN_POINT ( 'NONE',  ( -6.604999999999999538, -1.199999999999999956, 19.00000000000000000 ) ) ;
#378 = ADVANCED_FACE ( 'NONE', ( #505 ), #1765, .T. ) ;
#379 = CARTESIAN_POINT ( 'NONE',  ( 5.405000000000000249, -2.626148059256380396, 14.40000000000000036 ) ) ;
#380 = ORIENTED_EDGE ( 'NONE', *, *, #923, .T. ) ;
#381 = CYLINDRICAL_SURFACE ( 'NONE', #1509, 0.8000000000000003775 ) ;
#382 = EDGE_CURVE ( 'NONE', #1732, #1179, #1803, .T. ) ;
#383 = PLANE ( 'NONE',  #1336 ) ;
#384 = VERTEX_POINT ( 'NONE', #703 ) ;
#385 = CARTESIAN_POINT ( 'NONE',  ( -0.5476025945693270280, -1.199999999999999956, 19.00000000000000000 ) ) ;
#386 = DIRECTION ( 'NONE',  ( -1.000000000000000000, 0.0000000000000000000, -0.0000000000000000000 ) ) ;
#387 = CARTESIAN_POINT ( 'NONE',  ( -5.405000000000000249, 1.503851940743619942, 6.800000000000000711 ) ) ;
#388 = EDGE_CURVE ( 'NONE', #1442, #856, #1662, .T. ) ;
#389 = ORIENTED_EDGE ( 'NONE', *, *, #2129, .T. ) ;
#390 = FACE_OUTER_BOUND ( 'NONE', #905, .T. ) ;
#391 = DIRECTION ( 'NONE',  ( -1.000000000000000000, -6.123233995736769734E-17, -0.0000000000000000000 ) ) ;
#392 = EDGE_CURVE ( 'NONE', #236, #911, #903, .T. ) ;
#393 = VERTEX_POINT ( 'NONE', #2178 ) ;
#394 = CARTESIAN_POINT ( 'NONE',  ( -5.404999999999997584, -6.400000000000000355, 2.999999999999999112 ) ) ;
#395 = LINE ( 'NONE', #25, #990 ) ;
#396 = LINE ( 'NONE', #583, #124 ) ;
#397 = LINE ( 'NONE', #379, #1230 ) ;
#398 = ORIENTED_EDGE ( 'NONE', *, *, #1601, .T. ) ;
#399 = DIRECTION ( 'NONE',  ( 1.836970198721029934E-16, -1.000000000000000000, 0.0000000000000000000 ) ) ;
#400 = VECTOR ( 'NONE', #1702, 1000.000000000000000 ) ;
#401 = ADVANCED_FACE ( 'NONE', ( #1095 ), #1585, .T. ) ;
#402 = VECTOR ( 'NONE', #889, 1000.000000000000000 ) ;
#403 = APPLICATION_PROTOCOL_DEFINITION ( 'draft international standard', 'automotive_design', 1998, #2263 ) ;
#404 = ORIENTED_EDGE ( 'NONE', *, *, #1540, .F. ) ;
#405 = AXIS2_PLACEMENT_3D ( 'NONE', #57, #750, #2235 ) ;
#406 = VECTOR ( 'NONE', #160, 1000.000000000000000 ) ;
#407 = DIRECTION ( 'NONE',  ( -1.000000000000000000, -6.123233995736769734E-17, -0.0000000000000000000 ) ) ;
#408 = AXIS2_PLACEMENT_3D ( 'NONE', #2212, #1522, #2061 ) ;
#409 = PLANE ( 'NONE',  #281 ) ;
#410 = DIRECTION ( 'NONE',  ( 6.123233995736769734E-17, 0.0000000000000000000, 1.000000000000000000 ) ) ;
#411 = AXIS2_PLACEMENT_3D ( 'NONE', #2045, #936, #1676 ) ;
#412 = CARTESIAN_POINT ( 'NONE',  ( -5.405000000000000249, -4.199999999999999289, 11.40000000000000036 ) ) ;
#413 = VERTEX_POINT ( 'NONE', #527 ) ;
#414 = CARTESIAN_POINT ( 'NONE',  ( 1.000000000000000000, 0.8000000000000000444, 1.500000000000000000 ) ) ;
#415 = VERTEX_POINT ( 'NONE', #1973 ) ;
#416 = ORIENTED_EDGE ( 'NONE', *, *, #1953, .F. ) ;
#417 = DIRECTION ( 'NONE',  ( -1.000000000000000000, -6.123233995736769734E-17, -0.0000000000000000000 ) ) ;
#418 = CARTESIAN_POINT ( 'NONE',  ( 6.529147515028039805, -6.400000000000000355, 10.59999999999999964 ) ) ;
#419 = DIRECTION ( 'NONE',  ( 0.0000000000000000000, 1.000000000000000000, 0.0000000000000000000 ) ) ;
#420 = ORIENTED_EDGE ( 'NONE', *, *, #851, .T. ) ;
#421 = CARTESIAN_POINT ( 'NONE',  ( -1.000000000000000000, 0.8000000000000000444, 1.500000000000000000 ) ) ;
#422 = EDGE_LOOP ( 'NONE', ( #1065, #626, #389, #194 ) ) ;
#423 = ORIENTED_EDGE ( 'NONE', *, *, #227, .T. ) ;
#424 = DIRECTION ( 'NONE',  ( 0.0000000000000000000, -0.0000000000000000000, 1.000000000000000000 ) ) ;
#425 = DIRECTION ( 'NONE',  ( 0.0000000000000000000, 0.0000000000000000000, -1.000000000000000000 ) ) ;
#426 = EDGE_CURVE ( 'NONE', #384, #415, #1070, .T. ) ;
#427 = ORIENTED_EDGE ( 'NONE', *, *, #260, .T. ) ;
#428 = FACE_OUTER_BOUND ( 'NONE', #190, .T. ) ;
#429 = ORIENTED_EDGE ( 'NONE', *, *, #564, .F. ) ;
#430 = ORIENTED_EDGE ( 'NONE', *, *, #1597, .F. ) ;
#431 = AXIS2_PLACEMENT_3D ( 'NONE', #1484, #1664, #2040 ) ;
#432 = VECTOR ( 'NONE', #399, 1000.000000000000000 ) ;
#433 = VERTEX_POINT ( 'NONE', #181 ) ;
#434 = VECTOR ( 'NONE', #410, 1000.000000000000000 ) ;
#435 = FACE_OUTER_BOUND ( 'NONE', #895, .T. ) ;
#436 = COLOUR_RGB ( '',0.7921568627450980005, 0.8196078431372548767, 0.9333333333333333481 ) ;
#437 = VECTOR ( 'NONE', #144, 1000.000000000000000 ) ;
#438 = CARTESIAN_POINT ( 'NONE',  ( -6.604999999999999538, -3.200000000000000178, 19.00000000000000000 ) ) ;
#439 = EDGE_LOOP ( 'NONE', ( #1580, #1926, #1849, #762 ) ) ;
#440 = VECTOR ( 'NONE', #1990, 1000.000000000000000 ) ;
#441 = VECTOR ( 'NONE', #2151, 1000.000000000000227 ) ;
#442 = VERTEX_POINT ( 'NONE', #1678 ) ;
#443 = EDGE_CURVE ( 'NONE', #816, #384, #34, .T. ) ;
#444 = ORIENTED_EDGE ( 'NONE', *, *, #894, .F. ) ;
#445 = CARTESIAN_POINT ( 'NONE',  ( 6.604999999999999538, -4.199999999999998401, 3.799999999999999822 ) ) ;
#446 = LINE ( 'NONE', #1161, #1555 ) ;
#447 = ORIENTED_EDGE ( 'NONE', *, *, #598, .T. ) ;
#448 = ADVANCED_FACE ( 'NONE', ( #1325 ), #1311, .F. ) ;
#449 = ORIENTED_EDGE ( 'NONE', *, *, #717, .F. ) ;
#450 = ORIENTED_EDGE ( 'NONE', *, *, #1203, .T. ) ;
#451 = EDGE_CURVE ( 'NONE', #1312, #2242, #2230, .T. ) ;
#452 = DIRECTION ( 'NONE',  ( 0.0000000000000000000, 0.0000000000000000000, -1.000000000000000000 ) ) ;
#453 = EDGE_LOOP ( 'NONE', ( #1560, #256, #1205, #1044, #1728, #458, #2274, #859, #1216, #2105, #1637, #232, #1952, #1565, #559, #1996, #1553, #1515, #1145, #1691 ) ) ;
#454 = FACE_OUTER_BOUND ( 'NONE', #1017, .T. ) ;
#455 = CARTESIAN_POINT ( 'NONE',  ( 2.500000000000000000, 0.0000000000000000000, 2.539167603094920178 ) ) ;
#456 = ORIENTED_EDGE ( 'NONE', *, *, #2245, .F. ) ;
#457 = CARTESIAN_POINT ( 'NONE',  ( 6.604999999999999538, -1.200000000000000178, 19.00000000000000000 ) ) ;
#458 = ORIENTED_EDGE ( 'NONE', *, *, #851, .F. ) ;
#459 = ORIENTED_EDGE ( 'NONE', *, *, #642, .T. ) ;
#460 = CARTESIAN_POINT ( 'NONE',  ( -18.39500000000000313, -4.278147406689820187, 6.799999999999999822 ) ) ;
#461 = DIRECTION ( 'NONE',  ( -1.224646799147350002E-16, 1.000000000000000000, 0.0000000000000000000 ) ) ;
#462 = ORIENTED_EDGE ( 'NONE', *, *, #1374, .F. ) ;
#463 = EDGE_CURVE ( 'NONE', #1344, #1320, #49, .T. ) ;
#464 = VECTOR ( 'NONE', #2243, 1000.000000000000000 ) ;
#465 = LINE ( 'NONE', #2139, #1071 ) ;
#466 = AXIS2_PLACEMENT_3D ( 'NONE', #1888, #277, #993 ) ;
#467 = DIRECTION ( 'NONE',  ( -6.123233995736769734E-17, -0.0000000000000000000, -1.000000000000000000 ) ) ;
#468 = VERTEX_POINT ( 'NONE', #27 ) ;
#469 =( NAMED_UNIT ( * ) PLANE_ANGLE_UNIT ( ) SI_UNIT ( $, .RADIAN. ) );
#470 = AXIS2_PLACEMENT_3D ( 'NONE', #487, #1381, #2108 ) ;
#471 = DIRECTION ( 'NONE',  ( -1.000000000000000000, -6.123233995736769734E-17, -0.0000000000000000000 ) ) ;
#472 = ORIENTED_EDGE ( 'NONE', *, *, #1508, .F. ) ;
#473 = VERTEX_POINT ( 'NONE', #234 ) ;
#474 = AXIS2_PLACEMENT_3D ( 'NONE', #2016, #1652, #1479 ) ;
#475 = DIRECTION ( 'NONE',  ( 1.000000000000000000, 6.123233995736769734E-17, 0.0000000000000000000 ) ) ;
#476 = PLANE ( 'NONE',  #2244 ) ;
#477 = ORIENTED_EDGE ( 'NONE', *, *, #8, .T. ) ;
#478 = LINE ( 'NONE', #1030, #651 ) ;
#479 = LINE ( 'NONE', #1583, #248 ) ;
#480 = CARTESIAN_POINT ( 'NONE',  ( -6.604999999999999538, -1.002176271528629981, 6.800000000000000711 ) ) ;
#481 = EDGE_CURVE ( 'NONE', #613, #523, #2046, .T. ) ;
#482 = CARTESIAN_POINT ( 'NONE',  ( 0.5999999999999999778, 0.6407406915953390847, -0.2787037897081560134 ) ) ;
#483 = DIRECTION ( 'NONE',  ( 0.0000000000000000000, 0.0000000000000000000, 1.000000000000000000 ) ) ;
#484 = ORIENTED_EDGE ( 'NONE', *, *, #249, .F. ) ;
#485 = ORIENTED_EDGE ( 'NONE', *, *, #733, .F. ) ;
#486 = CYLINDRICAL_SURFACE ( 'NONE', #606, 0.8000000000000003775 ) ;
#487 = CARTESIAN_POINT ( 'NONE',  ( -5.405000000000000249, -4.199999999999999289, 3.799999999999999822 ) ) ;
#488 = EDGE_LOOP ( 'NONE', ( #987, #806, #2312, #1154 ) ) ;
#489 = DIRECTION ( 'NONE',  ( 0.0000000000000000000, 0.0000000000000000000, 1.000000000000000000 ) ) ;
#490 = FACE_OUTER_BOUND ( 'NONE', #221, .T. ) ;
#491 = CARTESIAN_POINT ( 'NONE',  ( -1.000000000000000000, 0.8000000000000000444, 3.500000000000000000 ) ) ;
#492 = DIRECTION ( 'NONE',  ( 0.0000000000000000000, -0.8682431421244591885, 0.4961389383568340916 ) ) ;
#493 = EDGE_CURVE ( 'NONE', #1852, #1393, #1492, .T. ) ;
#494 = LINE ( 'NONE', #1009, #247 ) ;
#495 = ORIENTED_EDGE ( 'NONE', *, *, #2005, .T. ) ;
#496 = ORIENTED_EDGE ( 'NONE', *, *, #1972, .T. ) ;
#497 = ADVANCED_FACE ( 'NONE', ( #2222 ), #2198, .F. ) ;
#498 = CARTESIAN_POINT ( 'NONE',  ( -5.405000000000000249, -4.199999999999999289, 16.00000000000000000 ) ) ;
#499 = VERTEX_POINT ( 'NONE', #1480 ) ;
#500 = CYLINDRICAL_SURFACE ( 'NONE', #325, 0.5999999999999998668 ) ;
#501 = CARTESIAN_POINT ( 'NONE',  ( -6.604999999999999538, -4.199999999999999289, 14.40000000000000036 ) ) ;
#502 = DIRECTION ( 'NONE',  ( -1.000000000000000000, 0.0000000000000000000, -0.0000000000000000000 ) ) ;
#503 = LINE ( 'NONE', #480, #2208 ) ;
#504 = VECTOR ( 'NONE', #1791, 1000.000000000000000 ) ;
#505 = FACE_OUTER_BOUND ( 'NONE', #880, .T. ) ;
#506 = AXIS2_PLACEMENT_3D ( 'NONE', #664, #676, #293 ) ;
#507 = CARTESIAN_POINT ( 'NONE',  ( 6.529147515028039805, -6.400000000000000355, 19.00000000000000000 ) ) ;
#508 = EDGE_LOOP ( 'NONE', ( #203, #210 ) ) ;
#509 = VECTOR ( 'NONE', #2283, 1000.000000000000000 ) ;
#510 = PLANE ( 'NONE',  #276 ) ;
#511 = DIRECTION ( 'NONE',  ( -1.000000000000000000, 0.0000000000000000000, 6.123233995736769734E-17 ) ) ;
#512 = EDGE_CURVE ( 'NONE', #557, #1963, #2010, .T. ) ;
#513 = AXIS2_PLACEMENT_3D ( 'NONE', #822, #2318, #1361 ) ;
#514 = PRODUCT ( 'User Library-D01PA', 'User Library-D01PA', '', ( #1866 ) ) ;
#515 = DIRECTION ( 'NONE',  ( -0.0000000000000000000, -0.0000000000000000000, -1.000000000000000000 ) ) ;
#516 = DIRECTION ( 'NONE',  ( 0.0000000000000000000, 1.000000000000000000, -0.0000000000000000000 ) ) ;
#517 = DIRECTION ( 'NONE',  ( 0.0000000000000000000, 0.0000000000000000000, -1.000000000000000000 ) ) ;
#518 = DIRECTION ( 'NONE',  ( 0.0000000000000000000, 0.0000000000000000000, -1.000000000000000000 ) ) ;
#519 = VERTEX_POINT ( 'NONE', #42 ) ;
#520 = EDGE_CURVE ( 'NONE', #2242, #1275, #1633, .T. ) ;
#521 = CARTESIAN_POINT ( 'NONE',  ( -5.405000000000000249, 1.503851940743619942, 2.999999999999999112 ) ) ;
#522 = EDGE_CURVE ( 'NONE', #393, #1162, #396, .T. ) ;
#523 = VERTEX_POINT ( 'NONE', #1128 ) ;
#524 = DIRECTION ( 'NONE',  ( 6.123233995736769734E-17, -1.000000000000000000, -0.0000000000000000000 ) ) ;
#525 = DIRECTION ( 'NONE',  ( 0.0000000000000000000, -1.000000000000000000, 0.0000000000000000000 ) ) ;
#526 = DIRECTION ( 'NONE',  ( 0.0000000000000000000, 1.000000000000000000, -0.0000000000000000000 ) ) ;
#527 = CARTESIAN_POINT ( 'NONE',  ( 5.405000000000000249, 0.0000000000000000000, 19.00000000000000000 ) ) ;
#528 = DIRECTION ( 'NONE',  ( 1.000000000000000000, -0.0000000000000000000, 0.0000000000000000000 ) ) ;
#529 = EDGE_LOOP ( 'NONE', ( #1013, #1863, #925, #198 ) ) ;
#530 = LINE ( 'NONE', #1256, #839 ) ;
#531 = CYLINDRICAL_SURFACE ( 'NONE', #763, 0.8000000000000003775 ) ;
#532 = DIRECTION ( 'NONE',  ( 1.000000000000000000, 0.0000000000000000000, 0.0000000000000000000 ) ) ;
#533 = EDGE_CURVE ( 'NONE', #534, #1695, #2019, .T. ) ;
#534 = VERTEX_POINT ( 'NONE', #1812 ) ;
#535 = CARTESIAN_POINT ( 'NONE',  ( -18.39500000000000313, -6.400000000000000355, 4.599999999999999645 ) ) ;
#536 = CARTESIAN_POINT ( 'NONE',  ( -5.405000000000000249, -1.199999999999999956, 0.0000000000000000000 ) ) ;
#537 = DIRECTION ( 'NONE',  ( 4.898587196589409870E-16, 0.0000000000000000000, -1.000000000000000000 ) ) ;
#538 = LINE ( 'NONE', #1265, #986 ) ;
#539 = CARTESIAN_POINT ( 'NONE',  ( 1.000000000000000000, 0.0000000000000000000, 3.499999999999999556 ) ) ;
#540 = ORIENTED_EDGE ( 'NONE', *, *, #451, .T. ) ;
#541 = ORIENTED_EDGE ( 'NONE', *, *, #714, .T. ) ;
#542 = AXIS2_PLACEMENT_3D ( 'NONE', #592, #743, #1846 ) ;
#543 = DIRECTION ( 'NONE',  ( 0.0000000000000000000, 1.000000000000000000, 0.0000000000000000000 ) ) ;
#544 = VECTOR ( 'NONE', #1533, 1000.000000000000000 ) ;
#545 = CARTESIAN_POINT ( 'NONE',  ( -5.405000000000000249, -1.199999999999999956, 19.00000000000000000 ) ) ;
#546 = VECTOR ( 'NONE', #179, 1000.000000000000000 ) ;
#547 = SHAPE_REPRESENTATION_RELATIONSHIP ( 'NONE' , 'NONE' ,  #721, #296 ) ;
#548 = CIRCLE ( 'NONE', #371, 1.199999999999999734 ) ;
#549 = ORIENTED_EDGE ( 'NONE', *, *, #2229, .F. ) ;
#550 = EDGE_CURVE ( 'NONE', #264, #2167, #1120, .T. ) ;
#551 = AXIS2_PLACEMENT_3D ( 'NONE', #709, #1425, #525 ) ;
#552 = CARTESIAN_POINT ( 'NONE',  ( -1.000000000000000000, 0.8000000000000000444, 9.500000000000000000 ) ) ;
#553 = CARTESIAN_POINT ( 'NONE',  ( -18.39500000000000313, -4.256402072310449647, 12.20000000000000107 ) ) ;
#554 = DIRECTION ( 'NONE',  ( -1.000000000000000000, 0.0000000000000000000, -0.0000000000000000000 ) ) ;
#555 = ADVANCED_FACE ( 'NONE', ( #735 ), #61, .F. ) ;
#556 = ORIENTED_EDGE ( 'NONE', *, *, #1130, .F. ) ;
#557 = VERTEX_POINT ( 'NONE', #201 ) ;
#558 = CYLINDRICAL_SURFACE ( 'NONE', #2328, 1.199999999999999734 ) ;
#559 = ORIENTED_EDGE ( 'NONE', *, *, #1834, .T. ) ;
#560 = DIRECTION ( 'NONE',  ( 0.0000000000000000000, -0.0000000000000000000, -1.000000000000000000 ) ) ;
#561 = DIRECTION ( 'NONE',  ( 0.0000000000000000000, 0.0000000000000000000, -1.000000000000000000 ) ) ;
#562 = LINE ( 'NONE', #1825, #127 ) ;
#563 = LINE ( 'NONE', #387, #1039 ) ;
#564 = EDGE_CURVE ( 'NONE', #1179, #2127, #753, .T. ) ;
#565 = EDGE_LOOP ( 'NONE', ( #1023, #1858, #45, #1993, #1767, #594, #1362, #484, #1894, #1377, #549, #1746, #668, #1602, #2257, #2039, #20, #1877, #699, #1122 ) ) ;
#566 = CARTESIAN_POINT ( 'NONE',  ( -5.785541957020760684, -6.400000000000000355, 12.20000000000000107 ) ) ;
#567 = EDGE_CURVE ( 'NONE', #534, #1092, #562, .T. ) ;
#568 = SHAPE_DEFINITION_REPRESENTATION ( #657, #1799 ) ;
#569 = ORIENTED_EDGE ( 'NONE', *, *, #1309, .F. ) ;
#570 = CARTESIAN_POINT ( 'NONE',  ( 6.604999999999999538, -6.400000000000000355, 19.00000000000000000 ) ) ;
#571 = DIRECTION ( 'NONE',  ( 1.000000000000000000, -0.0000000000000000000, 0.0000000000000000000 ) ) ;
#572 = FACE_OUTER_BOUND ( 'NONE', #625, .T. ) ;
#573 = ORIENTED_EDGE ( 'NONE', *, *, #1873, .F. ) ;
#574 = LINE ( 'NONE', #1494, #2280 ) ;
#575 = CIRCLE ( 'NONE', #2130, 0.8000000000000003775 ) ;
#576 = ORIENTED_EDGE ( 'NONE', *, *, #1820, .F. ) ;
#577 = AXIS2_PLACEMENT_3D ( 'NONE', #2091, #475, #830 ) ;
#578 = ADVANCED_FACE ( 'NONE', ( #218 ), #928, .F. ) ;
#579 = ORIENTED_EDGE ( 'NONE', *, *, #967, .T. ) ;
#580 = VECTOR ( 'NONE', #2092, 1000.000000000000000 ) ;
#581 = DIRECTION ( 'NONE',  ( -1.000000000000000000, -6.123233995736769734E-17, -0.0000000000000000000 ) ) ;
#582 = VECTOR ( 'NONE', #141, 1000.000000000000000 ) ;
#583 = CARTESIAN_POINT ( 'NONE',  ( 0.5999999999999999778, 0.0000000000000000000, -5.400000000000000355 ) ) ;
#584 = VECTOR ( 'NONE', #2332, 1000.000000000000000 ) ;
#585 = DIRECTION ( 'NONE',  ( 0.0000000000000000000, 0.0000000000000000000, -1.000000000000000000 ) ) ;
#586 = ORIENTED_EDGE ( 'NONE', *, *, #2245, .T. ) ;
#587 = PLANE ( 'NONE',  #1979 ) ;
#588 = VERTEX_POINT ( 'NONE', #1734 ) ;
#589 = ORIENTED_EDGE ( 'NONE', *, *, #1330, .F. ) ;
#590 = ADVANCED_FACE ( 'NONE', ( #2098 ), #1003, .F. ) ;
#591 = PLANE ( 'NONE',  #411 ) ;
#592 = CARTESIAN_POINT ( 'NONE',  ( -5.785541957020760684, -6.400000000000000355, 19.00000000000000000 ) ) ;
#593 = CARTESIAN_POINT ( 'NONE',  ( -0.6606571770349469741, 0.0000000000000000000, 19.00000000000000000 ) ) ;
#594 = ORIENTED_EDGE ( 'NONE', *, *, #1820, .T. ) ;
#595 = PRODUCT_DEFINITION_SHAPE ( 'NONE', 'NONE',  #2309 ) ;
#596 =( LENGTH_UNIT ( ) NAMED_UNIT ( * ) SI_UNIT ( .MILLI., .METRE. ) );
#597 = ORIENTED_EDGE ( 'NONE', *, *, #1805, .F. ) ;
#598 = EDGE_CURVE ( 'NONE', #2002, #1963, #1506, .T. ) ;
#599 = LINE ( 'NONE', #607, #1307 ) ;
#600 = CARTESIAN_POINT ( 'NONE',  ( -18.39500000000000313, -4.200000000000000178, 3.799999999999999822 ) ) ;
#601 = ADVANCED_FACE ( 'NONE', ( #254 ), #1385, .F. ) ;
#602 = ORIENTED_EDGE ( 'NONE', *, *, #1535, .T. ) ;
#603 = LINE ( 'NONE', #1649, #432 ) ;
#604 = ORIENTED_EDGE ( 'NONE', *, *, #2013, .F. ) ;
#605 = ORIENTED_EDGE ( 'NONE', *, *, #1086, .F. ) ;
#606 = AXIS2_PLACEMENT_3D ( 'NONE', #1693, #1550, #2118 ) ;
#607 = CARTESIAN_POINT ( 'NONE',  ( 5.405000000000000249, -2.626148059256380396, 16.00000000000000000 ) ) ;
#608 = PRODUCT_DEFINITION_FORMATION_WITH_SPECIFIED_SOURCE ( 'ANY', '', #805, .NOT_KNOWN. ) ;
#609 = EDGE_CURVE ( 'NONE', #1874, #171, #1148, .T. ) ;
#610 = AXIS2_PLACEMENT_3D ( 'NONE', #2126, #1932, #2114 ) ;
#611 = LINE ( 'NONE', #245, #991 ) ;
#612 = CARTESIAN_POINT ( 'NONE',  ( -6.604999999999999538, -1.002176271528629981, 16.00000000000000000 ) ) ;
#613 = VERTEX_POINT ( 'NONE', #69 ) ;
#614 = AXIS2_PLACEMENT_3D ( 'NONE', #347, #2187, #560 ) ;
#615 = EDGE_CURVE ( 'NONE', #2258, #259, #1698, .T. ) ;
#616 = ORIENTED_EDGE ( 'NONE', *, *, #1569, .T. ) ;
#617 = ORIENTED_EDGE ( 'NONE', *, *, #1762, .T. ) ;
#618 = LINE ( 'NONE', #1529, #794 ) ;
#619 = EDGE_LOOP ( 'NONE', ( #2269, #655, #2063, #423 ) ) ;
#620 = CARTESIAN_POINT ( 'NONE',  ( 6.604999999999999538, -4.132176271528630096, 10.59999999999999964 ) ) ;
#621 = FILL_AREA_STYLE ('',( #1319 ) ) ;
#622 = VERTEX_POINT ( 'NONE', #501 ) ;
#623 = SURFACE_SIDE_STYLE ('',( #1214 ) ) ;
#624 = EDGE_CURVE ( 'NONE', #641, #789, #2137, .T. ) ;
#625 = EDGE_LOOP ( 'NONE', ( #780, #2254, #103, #429 ) ) ;
#626 = ORIENTED_EDGE ( 'NONE', *, *, #1991, .F. ) ;
#627 = LINE ( 'NONE', #267, #2240 ) ;
#628 = CARTESIAN_POINT ( 'NONE',  ( 1.000000000000000000, 0.8000000000000000444, 3.500000000000000000 ) ) ;
#629 = EDGE_LOOP ( 'NONE', ( #252, #2232, #999, #934, #773, #723 ) ) ;
#630 =( LENGTH_UNIT ( ) NAMED_UNIT ( * ) SI_UNIT ( .MILLI., .METRE. ) );
#631 = PRODUCT ( 'Part 1', 'Part 1', '', ( #1672 ) ) ;
#632 = CARTESIAN_POINT ( 'NONE',  ( -5.405000000000000249, -3.200000000000000178, 0.0000000000000000000 ) ) ;
#633 = LINE ( 'NONE', #1049, #169 ) ;
#634 = ORIENTED_EDGE ( 'NONE', *, *, #1074, .T. ) ;
#635 = LINE ( 'NONE', #1018, #1446 ) ;
#636 = CARTESIAN_POINT ( 'NONE',  ( -5.405000000000000249, -1.200000000000000178, 19.00000000000000000 ) ) ;
#637 = ORIENTED_EDGE ( 'NONE', *, *, #272, .F. ) ;
#638 = ORIENTED_EDGE ( 'NONE', *, *, #567, .T. ) ;
#639 = LINE ( 'NONE', #1024, #1666 ) ;
#640 = LINE ( 'NONE', #330, #1895 ) ;
#641 = VERTEX_POINT ( 'NONE', #673 ) ;
#642 = EDGE_CURVE ( 'NONE', #1082, #1683, #322, .T. ) ;
#643 = DIRECTION ( 'NONE',  ( 1.000000000000000000, -0.0000000000000000000, 0.0000000000000000000 ) ) ;
#644 = COLOUR_RGB ( '',0.2627450980392156965, 0.2823529411764705843, 0.3019607843137254721 ) ;
#645 = LINE ( 'NONE', #1015, #1147 ) ;
#646 = CIRCLE ( 'NONE', #551, 0.8000000000000003775 ) ;
#647 = VECTOR ( 'NONE', #2189, 999.9999999999998863 ) ;
#648 = DIRECTION ( 'NONE',  ( 1.224646799147350002E-16, -1.000000000000000000, -0.0000000000000000000 ) ) ;
#649 = ORIENTED_EDGE ( 'NONE', *, *, #733, .T. ) ;
#650 = LINE ( 'NONE', #1545, #167 ) ;
#651 = VECTOR ( 'NONE', #1531, 1000.000000000000000 ) ;
#652 = VECTOR ( 'NONE', #200, 1000.000000000000000 ) ;
#653 = DIRECTION ( 'NONE',  ( -1.000000000000000000, -6.123233995736769734E-17, -0.0000000000000000000 ) ) ;
#654 = VERTEX_POINT ( 'NONE', #317 ) ;
#655 = ORIENTED_EDGE ( 'NONE', *, *, #965, .T. ) ;
#656 = AXIS2_PLACEMENT_3D ( 'NONE', #445, #407, #1158 ) ;
#657 = PRODUCT_DEFINITION_SHAPE ( 'NONE', 'NONE',  #1358 ) ;
#658 = DIRECTION ( 'NONE',  ( 0.0000000000000000000, 0.0000000000000000000, -1.000000000000000000 ) ) ;
#659 = ORIENTED_EDGE ( 'NONE', *, *, #2148, .T. ) ;
#660 = LINE ( 'NONE', #833, #1266 ) ;
#661 = ADVANCED_FACE ( 'NONE', ( #1031 ), #684, .F. ) ;
#662 = DIRECTION ( 'NONE',  ( -1.000000000000000000, -0.0000000000000000000, 0.0000000000000000000 ) ) ;
#663 = CARTESIAN_POINT ( 'NONE',  ( -18.39500000000000313, -6.400000000000000355, 14.40000000000000036 ) ) ;
#664 = CARTESIAN_POINT ( 'NONE',  ( -1.000000000000000000, 0.8000000000000000444, 2.494239946827289778 ) ) ;
#665 = DIRECTION ( 'NONE',  ( 0.0000000000000000000, 0.0000000000000000000, -1.000000000000000000 ) ) ;
#666 = CARTESIAN_POINT ( 'NONE',  ( 2.499999999999998668, 0.8000000000000000444, 5.000000000000000000 ) ) ;
#667 = EDGE_LOOP ( 'NONE', ( #828, #2313, #126, #751 ) ) ;
#668 = ORIENTED_EDGE ( 'NONE', *, *, #860, .F. ) ;
#669 = DIRECTION ( 'NONE',  ( -1.000000000000000000, -6.123233995736769734E-17, -0.0000000000000000000 ) ) ;
#670 = CARTESIAN_POINT ( 'NONE',  ( -6.604999999999999538, -6.400000000000000355, 19.00000000000000000 ) ) ;
#671 = ORIENTED_EDGE ( 'NONE', *, *, #1021, .T. ) ;
#672 = SURFACE_STYLE_USAGE ( .BOTH. , #2305 ) ;
#673 = CARTESIAN_POINT ( 'NONE',  ( 1.000000000000000000, 0.8000000000000000444, 1.499999999999999778 ) ) ;
#674 = ADVANCED_FACE ( 'NONE', ( #1592 ), #861, .T. ) ;
#675 = DIRECTION ( 'NONE',  ( 0.0000000000000000000, 1.000000000000000000, 0.0000000000000000000 ) ) ;
#676 = DIRECTION ( 'NONE',  ( -1.000000000000000000, 0.0000000000000000000, 6.123233995736769734E-17 ) ) ;
#677 = CARTESIAN_POINT ( 'NONE',  ( -18.39500000000000313, -4.256402072310449647, 10.59999999999999964 ) ) ;
#678 = CYLINDRICAL_SURFACE ( 'NONE', #2023, 0.8000000000000003775 ) ;
#679 = EDGE_CURVE ( 'NONE', #97, #1092, #334, .T. ) ;
#680 = ORIENTED_EDGE ( 'NONE', *, *, #183, .T. ) ;
#681 = EDGE_LOOP ( 'NONE', ( #2233, #2149, #73, #955 ) ) ;
#682 = FACE_OUTER_BOUND ( 'NONE', #900, .T. ) ;
#683 = EDGE_LOOP ( 'NONE', ( #1654, #9, #450, #1517, #165, #1237, #1530, #556, #984, #2236 ) ) ;
#684 = PLANE ( 'NONE',  #1593 ) ;
#685 = VECTOR ( 'NONE', #155, 1000.000000000000000 ) ;
#686 = DIRECTION ( 'NONE',  ( -0.0000000000000000000, -1.000000000000000000, -0.0000000000000000000 ) ) ;
#687 = DIRECTION ( 'NONE',  ( 1.000000000000000000, -0.0000000000000000000, 0.0000000000000000000 ) ) ;
#688 = VECTOR ( 'NONE', #1839, 1000.000000000000000 ) ;
#689 = EDGE_CURVE ( 'NONE', #2315, #1682, #2306, .T. ) ;
#690 = CARTESIAN_POINT ( 'NONE',  ( 2.500000000000000000, 0.8000000000000000444, 2.539167603094920178 ) ) ;
#691 = AXIS2_PLACEMENT_3D ( 'NONE', #2107, #452, #2302 ) ;
#692 = LINE ( 'NONE', #1920, #1638 ) ;
#693 = EDGE_CURVE ( 'NONE', #1092, #1618, #1582, .T. ) ;
#694 = ORIENTED_EDGE ( 'NONE', *, *, #26, .T. ) ;
#695 = LINE ( 'NONE', #1439, #1106 ) ;
#696 = VECTOR ( 'NONE', #1575, 1000.000000000000000 ) ;
#697 = DIRECTION ( 'NONE',  ( 0.0000000000000000000, 1.000000000000000000, 0.0000000000000000000 ) ) ;
#698 = VECTOR ( 'NONE', #2060, 1000.000000000000000 ) ;
#699 = ORIENTED_EDGE ( 'NONE', *, *, #1260, .F. ) ;
#700 = DIRECTION ( 'NONE',  ( -1.000000000000000000, -0.0000000000000000000, 0.0000000000000000000 ) ) ;
#701 = CARTESIAN_POINT ( 'NONE',  ( 0.5999999999999999778, 1.084202172485499997E-16, 0.0000000000000000000 ) ) ;
#702 = CARTESIAN_POINT ( 'NONE',  ( 0.5999999999999999778, 0.0000000000000000000, -4.293802535041280066 ) ) ;
#703 = CARTESIAN_POINT ( 'NONE',  ( 6.604999999999999538, -6.400000000000000355, 10.59999999999999964 ) ) ;
#704 = CARTESIAN_POINT ( 'NONE',  ( -18.39500000000000313, -4.200000000000000178, 15.19999999999999929 ) ) ;
#705 = ORIENTED_EDGE ( 'NONE', *, *, #1213, .F. ) ;
#706 = DIRECTION ( 'NONE',  ( 0.0000000000000000000, -1.000000000000000000, 0.0000000000000000000 ) ) ;
#707 = ORIENTED_EDGE ( 'NONE', *, *, #2048, .T. ) ;
#708 = DIRECTION ( 'NONE',  ( 1.836970198721029934E-16, -1.000000000000000000, 0.0000000000000000000 ) ) ;
#709 = CARTESIAN_POINT ( 'NONE',  ( 5.405000000000000249, -4.199999999999998401, 7.599999999999999645 ) ) ;
#710 = FACE_OUTER_BOUND ( 'NONE', #2007, .T. ) ;
#711 = FACE_OUTER_BOUND ( 'NONE', #488, .T. ) ;
#712 = ORIENTED_EDGE ( 'NONE', *, *, #1817, .T. ) ;
#713 = CARTESIAN_POINT ( 'NONE',  ( -18.39500000000000313, -4.200000000000000178, 6.799999999999999822 ) ) ;
#714 = EDGE_CURVE ( 'NONE', #1682, #1314, #1225, .T. ) ;
#715 = PRESENTATION_STYLE_ASSIGNMENT (( #1980 ) ) ;
#716 = ORIENTED_EDGE ( 'NONE', *, *, #1356, .F. ) ;
#717 = EDGE_CURVE ( 'NONE', #1125, #2227, #149, .T. ) ;
#718 = DIRECTION ( 'NONE',  ( -1.000000000000000000, 0.0000000000000000000, 6.123233995736769734E-17 ) ) ;
#719 = LINE ( 'NONE', #385, #1789 ) ;
#720 = CARTESIAN_POINT ( 'NONE',  ( 0.5999999999999999778, -0.6945945136995665958, -1.215540398974240821 ) ) ;
#721 = SHAPE_REPRESENTATION ( 'Part 1', ( #1301 ), #920 ) ;
#722 = DIRECTION ( 'NONE',  ( 0.0000000000000000000, -0.0000000000000000000, 1.000000000000000000 ) ) ;
#723 = ORIENTED_EDGE ( 'NONE', *, *, #927, .T. ) ;
#724 = FACE_OUTER_BOUND ( 'NONE', #2093, .T. ) ;
#725 = VECTOR ( 'NONE', #804, 1000.000000000000000 ) ;
#726 = VECTOR ( 'NONE', #2161, 1000.000000000000000 ) ;
#727 = DIRECTION ( 'NONE',  ( 0.0000000000000000000, -0.0000000000000000000, 1.000000000000000000 ) ) ;
#728 = VECTOR ( 'NONE', #809, 1000.000000000000000 ) ;
#729 = CIRCLE ( 'NONE', #1599, 0.8000000000000003775 ) ;
#730 = ORIENTED_EDGE ( 'NONE', *, *, #1404, .F. ) ;
#731 = DIRECTION ( 'NONE',  ( 0.0000000000000000000, 1.000000000000000000, 0.0000000000000000000 ) ) ;
#732 = CARTESIAN_POINT ( 'NONE',  ( -5.404999999999999361, -4.199999999999999289, 4.599999999999999645 ) ) ;
#733 = EDGE_CURVE ( 'NONE', #1131, #2044, #2317, .T. ) ;
#734 = UNCERTAINTY_MEASURE_WITH_UNIT (LENGTH_MEASURE( 1.000000000000000082E-05 ), #370, 'distance_accuracy_value', 'NONE');
#735 = FACE_OUTER_BOUND ( 'NONE', #422, .T. ) ;
#736 = LINE ( 'NONE', #1464, #440 ) ;
#737 = EDGE_CURVE ( 'NONE', #1800, #1541, #2337, .T. ) ;
#738 = ORIENTED_EDGE ( 'NONE', *, *, #1279, .F. ) ;
#739 = DIRECTION ( 'NONE',  ( 0.0000000000000000000, 0.0000000000000000000, -1.000000000000000000 ) ) ;
#740 = EDGE_LOOP ( 'NONE', ( #576, #1524, #1258, #604 ) ) ;
#741 = DIRECTION ( 'NONE',  ( 0.0000000000000000000, 0.0000000000000000000, 1.000000000000000000 ) ) ;
#742 = LINE ( 'NONE', #1469, #1707 ) ;
#743 = DIRECTION ( 'NONE',  ( 0.0000000000000000000, 1.000000000000000000, 0.0000000000000000000 ) ) ;
#744 = ADVANCED_FACE ( 'NONE', ( #2330 ), #1248, .T. ) ;
#745 = CARTESIAN_POINT ( 'NONE',  ( 5.405000000000000249, -1.200000000000000178, 19.00000000000000000 ) ) ;
#746 = ORIENTED_EDGE ( 'NONE', *, *, #1904, .F. ) ;
#747 = DIRECTION ( 'NONE',  ( -1.000000000000000000, -0.0000000000000000000, 0.0000000000000000000 ) ) ;
#748 = EDGE_CURVE ( 'NONE', #1345, #128, #1957, .T. ) ;
#749 = EDGE_LOOP ( 'NONE', ( #1151, #363, #1534, #1221 ) ) ;
#750 = DIRECTION ( 'NONE',  ( 0.0000000000000000000, 0.0000000000000000000, 1.000000000000000000 ) ) ;
#751 = ORIENTED_EDGE ( 'NONE', *, *, #1526, .F. ) ;
#752 = CARTESIAN_POINT ( 'NONE',  ( -5.404999999999998472, -6.400000000000000355, 19.00000000000000000 ) ) ;
#753 = LINE ( 'NONE', #915, #647 ) ;
#754 = ORIENTED_EDGE ( 'NONE', *, *, #1304, .F. ) ;
#755 = CARTESIAN_POINT ( 'NONE',  ( -18.39500000000000313, -4.266024613566700374, 3.000000000000000000 ) ) ;
#756 = EDGE_CURVE ( 'NONE', #264, #1541, #1433, .T. ) ;
#757 = ADVANCED_FACE ( 'NONE', ( #490 ), #486, .F. ) ;
#758 = AXIS2_PLACEMENT_3D ( 'NONE', #1525, #2256, #2072 ) ;
#759 = ORIENTED_EDGE ( 'NONE', *, *, #2145, .T. ) ;
#760 = AXIS2_PLACEMENT_3D ( 'NONE', #1559, #2295, #1929 ) ;
#761 = AXIS2_PLACEMENT_3D ( 'NONE', #1241, #1228, #106 ) ;
#762 = ORIENTED_EDGE ( 'NONE', *, *, #1847, .T. ) ;
#763 = AXIS2_PLACEMENT_3D ( 'NONE', #869, #391, #706 ) ;
#764 = LINE ( 'NONE', #1317, #698 ) ;
#765 = DIRECTION ( 'NONE',  ( -1.836970198721029934E-16, 1.000000000000000000, -0.0000000000000000000 ) ) ;
#766 = AXIS2_PLACEMENT_3D ( 'NONE', #11, #718, #1286 ) ;
#767 = DIRECTION ( 'NONE',  ( 0.0000000000000000000, 1.000000000000000000, 0.0000000000000000000 ) ) ;
#768 = ORIENTED_EDGE ( 'NONE', *, *, #2294, .T. ) ;
#769 = CARTESIAN_POINT ( 'NONE',  ( 5.405000000000000249, -2.626148059256380396, 19.00000000000000000 ) ) ;
#770 = ORIENTED_EDGE ( 'NONE', *, *, #909, .T. ) ;
#771 = EDGE_CURVE ( 'NONE', #499, #789, #618, .T. ) ;
#772 = ITEM_DEFINED_TRANSFORMATION ( 'NONE', 'NONE', #1450,  #1301 ) ;
#773 = ORIENTED_EDGE ( 'NONE', *, *, #1642, .T. ) ;
#774 = CARTESIAN_POINT ( 'NONE',  ( 1.000000000000000000, 0.8000000000000000444, 2.494239946827289778 ) ) ;
#775 = DIRECTION ( 'NONE',  ( 0.0000000000000000000, -1.000000000000000000, -0.0000000000000000000 ) ) ;
#776 = CARTESIAN_POINT ( 'NONE',  ( -0.5999999999999999778, -0.8000000000000000444, -1.612451549659710048 ) ) ;
#777 = VERTEX_POINT ( 'NONE', #1347 ) ;
#778 = CARTESIAN_POINT ( 'NONE',  ( 5.405000000000001137, -6.400000000000000355, 19.00000000000000000 ) ) ;
#779 = ORIENTED_EDGE ( 'NONE', *, *, #2048, .F. ) ;
#780 = ORIENTED_EDGE ( 'NONE', *, *, #382, .F. ) ;
#781 = ADVANCED_FACE ( 'NONE', ( #2066 ), #1380, .F. ) ;
#782 = ORIENTED_EDGE ( 'NONE', *, *, #1667, .T. ) ;
#783 = CARTESIAN_POINT ( 'NONE',  ( 5.405000000000000249, 0.0000000000000000000, 0.0000000000000000000 ) ) ;
#784 = EDGE_CURVE ( 'NONE', #52, #932, #2288, .T. ) ;
#785 = EDGE_CURVE ( 'NONE', #613, #557, #627, .T. ) ;
#786 = FACE_BOUND ( 'NONE', #2109, .T. ) ;
#787 = ORIENTED_EDGE ( 'NONE', *, *, #307, .T. ) ;
#788 = DIRECTION ( 'NONE',  ( 0.0000000000000000000, 1.000000000000000000, 0.0000000000000000000 ) ) ;
#789 = VERTEX_POINT ( 'NONE', #313 ) ;
#790 = ORIENTED_EDGE ( 'NONE', *, *, #1260, .T. ) ;
#791 = CARTESIAN_POINT ( 'NONE',  ( -6.604999999999999538, -1.002176271528629981, 14.40000000000000036 ) ) ;
#792 = VECTOR ( 'NONE', #938, 1000.000000000000000 ) ;
#793 = ORIENTED_EDGE ( 'NONE', *, *, #2145, .F. ) ;
#794 = VECTOR ( 'NONE', #1357, 1000.000000000000000 ) ;
#795 = FACE_OUTER_BOUND ( 'NONE', #1204, .T. ) ;
#796 =( GEOMETRIC_REPRESENTATION_CONTEXT ( 3 ) GLOBAL_UNCERTAINTY_ASSIGNED_CONTEXT ( ( #1264 ) ) GLOBAL_UNIT_ASSIGNED_CONTEXT ( ( #1966, #899, #910 ) ) REPRESENTATION_CONTEXT ( 'NONE', 'WORKASPACE' ) );
#797 = VECTOR ( 'NONE', #1079, 1000.000000000000000 ) ;
#798 = ADVANCED_FACE ( 'NONE', ( #1218 ), #131, .T. ) ;
#799 = VECTOR ( 'NONE', #528, 1000.000000000000000 ) ;
#800 = DIRECTION ( 'NONE',  ( 0.0000000000000000000, 0.0000000000000000000, 1.000000000000000000 ) ) ;
#801 = CARTESIAN_POINT ( 'NONE',  ( -5.404999999999999361, -4.199999999999999289, 8.400000000000000355 ) ) ;
#802 = ORIENTED_EDGE ( 'NONE', *, *, #522, .F. ) ;
#803 = CIRCLE ( 'NONE', #760, 0.8000000000000003775 ) ;
#804 = DIRECTION ( 'NONE',  ( 0.0000000000000000000, -0.0000000000000000000, 1.000000000000000000 ) ) ;
#805 = PRODUCT ( 'Part 2', 'Part 2', '', ( #2012 ) ) ;
#806 = ORIENTED_EDGE ( 'NONE', *, *, #2035, .T. ) ;
#807 = ORIENTED_EDGE ( 'NONE', *, *, #1770, .T. ) ;
#808 = CARTESIAN_POINT ( 'NONE',  ( -18.39500000000000313, -4.200000000000000178, 3.000000000000000000 ) ) ;
#809 = DIRECTION ( 'NONE',  ( -0.0000000000000000000, -0.0000000000000000000, -1.000000000000000000 ) ) ;
#810 = ORIENTED_EDGE ( 'NONE', *, *, #615, .T. ) ;
#811 = LINE ( 'NONE', #1886, #1826 ) ;
#812 = DIRECTION ( 'NONE',  ( -0.0000000000000000000, -0.0000000000000000000, -1.000000000000000000 ) ) ;
#813 = CARTESIAN_POINT ( 'NONE',  ( -5.785541957020760684, -6.400000000000000355, 16.00000000000000000 ) ) ;
#814 = ORIENTED_EDGE ( 'NONE', *, *, #1283, .F. ) ;
#815 = DIRECTION ( 'NONE',  ( 0.0000000000000000000, -1.000000000000000000, 0.0000000000000000000 ) ) ;
#816 = VERTEX_POINT ( 'NONE', #1206 ) ;
#817 = EDGE_LOOP ( 'NONE', ( #154, #1143, #680, #802, #142, #540, #2225 ) ) ;
#818 = EDGE_CURVE ( 'NONE', #622, #2086, #847, .T. ) ;
#819 = DIRECTION ( 'NONE',  ( 1.000000000000000000, 0.0000000000000000000, -0.0000000000000000000 ) ) ;
#820 = VERTEX_POINT ( 'NONE', #1167 ) ;
#821 = CARTESIAN_POINT ( 'NONE',  ( 0.5999999999999999778, -0.8000000000000001554, -1.612451549659710048 ) ) ;
#822 = CARTESIAN_POINT ( 'NONE',  ( 0.3757136719258740154, 0.8000000000000000444, 3.500000000000000000 ) ) ;
#823 = CARTESIAN_POINT ( 'NONE',  ( -18.39500000000000313, -4.200000000000001066, 4.599999999999999645 ) ) ;
#824 = ORIENTED_EDGE ( 'NONE', *, *, #1026, .T. ) ;
#825 = CARTESIAN_POINT ( 'NONE',  ( -18.39500000000000313, -4.266024613566700374, 3.000000000000000000 ) ) ;
#826 = CARTESIAN_POINT ( 'NONE',  ( -2.500000000000000000, 0.8000000000000000444, 9.500000000000000000 ) ) ;
#827 = EDGE_LOOP ( 'NONE', ( #1844, #1715, #1438, #1001 ) ) ;
#828 = ORIENTED_EDGE ( 'NONE', *, *, #909, .F. ) ;
#829 = ADVANCED_FACE ( 'NONE', ( #91 ), #1884, .F. ) ;
#830 = DIRECTION ( 'NONE',  ( 0.0000000000000000000, -1.000000000000000000, 0.0000000000000000000 ) ) ;
#831 = PLANE ( 'NONE',  #1862 ) ;
#832 = ORIENTED_EDGE ( 'NONE', *, *, #2115, .F. ) ;
#833 = CARTESIAN_POINT ( 'NONE',  ( -5.785541957020760684, -6.400000000000000355, 19.00000000000000000 ) ) ;
#834 = EDGE_CURVE ( 'NONE', #468, #2216, #1000, .T. ) ;
#836 = VECTOR ( 'NONE', #775, 1000.000000000000000 ) ;
#835 = DIRECTION ( 'NONE',  ( 1.000000000000000000, 0.0000000000000000000, -0.0000000000000000000 ) ) ;
#837 = CARTESIAN_POINT ( 'NONE',  ( -5.405000000000000249, 0.0000000000000000000, 19.00000000000000000 ) ) ;
#838 = MECHANICAL_DESIGN_GEOMETRIC_PRESENTATION_REPRESENTATION (  '', ( #1144 ), #280 ) ;
#839 = VECTOR ( 'NONE', #1976, 1000.000000000000000 ) ;
#840 = DIRECTION ( 'NONE',  ( -1.000000000000000000, 0.0000000000000000000, -0.0000000000000000000 ) ) ;
#841 = ORIENTED_EDGE ( 'NONE', *, *, #2255, .F. ) ;
#842 = CARTESIAN_POINT ( 'NONE',  ( -5.405000000000000249, -1.199999999999999956, 19.00000000000000000 ) ) ;
#843 = PLANE ( 'NONE',  #610 ) ;
#844 = VECTOR ( 'NONE', #1947, 1000.000000000000000 ) ;
#845 = VERTEX_POINT ( 'NONE', #1719 ) ;
#846 = ORIENTED_EDGE ( 'NONE', *, *, #463, .T. ) ;
#847 = LINE ( 'NONE', #791, #1224 ) ;
#848 = CARTESIAN_POINT ( 'NONE',  ( -5.404999999999999361, -4.199999999999999289, 12.20000000000000107 ) ) ;
#849 = EDGE_LOOP ( 'NONE', ( #449, #456, #398, #616 ) ) ;
#850 = DIRECTION ( 'NONE',  ( -2.065817747765420063E-16, 0.0000000000000000000, 1.000000000000000000 ) ) ;
#851 = EDGE_CURVE ( 'NONE', #2002, #613, #102, .T. ) ;
#852 = DIRECTION ( 'NONE',  ( -6.123233995736769734E-17, 1.000000000000000000, 0.0000000000000000000 ) ) ;
#853 = CARTESIAN_POINT ( 'NONE',  ( -18.39500000000000313, -4.278147406689820187, 8.400000000000000355 ) ) ;
#854 = LINE ( 'NONE', #377, #875 ) ;
#855 = DIRECTION ( 'NONE',  ( -0.0000000000000000000, -1.000000000000000000, -0.0000000000000000000 ) ) ;
#856 = VERTEX_POINT ( 'NONE', #301 ) ;
#857 = FACE_OUTER_BOUND ( 'NONE', #1881, .T. ) ;
#858 = DIRECTION ( 'NONE',  ( 1.000000000000000000, -0.0000000000000000000, 0.0000000000000000000 ) ) ;
#859 = ORIENTED_EDGE ( 'NONE', *, *, #877, .F. ) ;
#860 = EDGE_CURVE ( 'NONE', #2120, #1800, #639, .T. ) ;
#861 = PLANE ( 'NONE',  #1485 ) ;
#862 = DIRECTION ( 'NONE',  ( -0.0000000000000000000, 1.000000000000000000, 0.0000000000000000000 ) ) ;
#863 = LINE ( 'NONE', #1185, #24 ) ;
#864 = DIRECTION ( 'NONE',  ( 0.0000000000000000000, -1.000000000000000000, 0.0000000000000000000 ) ) ;
#865 = DIRECTION ( 'NONE',  ( 0.0000000000000000000, -0.0000000000000000000, 1.000000000000000000 ) ) ;
#866 = ORIENTED_EDGE ( 'NONE', *, *, #1431, .T. ) ;
#867 = CARTESIAN_POINT ( 'NONE',  ( 6.604999999999999538, -4.132176271528630096, 8.400000000000000355 ) ) ;
#868 = CARTESIAN_POINT ( 'NONE',  ( 6.604999999999999538, -4.132176271528630096, 19.00000000000000000 ) ) ;
#869 = CARTESIAN_POINT ( 'NONE',  ( -18.39500000000000313, -4.200000000000000178, 7.599999999999999645 ) ) ;
#870 = EDGE_LOOP ( 'NONE', ( #288, #284, #2077, #372 ) ) ;
#871 = CARTESIAN_POINT ( 'NONE',  ( 0.0000000000000000000, 0.0000000000000000000, 0.0000000000000000000 ) ) ;
#872 = DIRECTION ( 'NONE',  ( 0.0000000000000000000, 0.0000000000000000000, -1.000000000000000000 ) ) ;
#873 = CARTESIAN_POINT ( 'NONE',  ( -5.404999999999997584, -6.400000000000000355, 8.400000000000000355 ) ) ;
#874 = CARTESIAN_POINT ( 'NONE',  ( 1.000000000000000000, 0.0000000000000000000, 1.499999999999999778 ) ) ;
#875 = VECTOR ( 'NONE', #892, 1000.000000000000000 ) ;
#876 = DIRECTION ( 'NONE',  ( 1.000000000000000000, -0.0000000000000000000, 4.898587196589409870E-16 ) ) ;
#877 = EDGE_CURVE ( 'NONE', #2143, #950, #1983, .T. ) ;
#878 = VECTOR ( 'NONE', #517, 1000.000000000000000 ) ;
#879 = DIRECTION ( 'NONE',  ( 1.000000000000000000, 0.0000000000000000000, 0.0000000000000000000 ) ) ;
#880 = EDGE_LOOP ( 'NONE', ( #1478, #113, #1102, #310 ) ) ;
#881 = AXIS2_PLACEMENT_3D ( 'NONE', #553, #561, #2 ) ;
#882 = PLANE ( 'NONE',  #270 ) ;
#883 = EDGE_CURVE ( 'NONE', #2065, #1692, #1910, .T. ) ;
#884 = VECTOR ( 'NONE', #1129, 1000.000000000000000 ) ;
#885 = PLANE ( 'NONE',  #1893 ) ;
#886 = DIRECTION ( 'NONE',  ( 1.000000000000000000, 0.0000000000000000000, 0.0000000000000000000 ) ) ;
#887 = CIRCLE ( 'NONE', #1711, 0.8000000000000003775 ) ;
#888 = ORIENTED_EDGE ( 'NONE', *, *, #939, .F. ) ;
#889 = DIRECTION ( 'NONE',  ( -0.0000000000000000000, -0.0000000000000000000, 1.000000000000000000 ) ) ;
#890 = DIRECTION ( 'NONE',  ( 1.000000000000000000, -0.0000000000000000000, 0.0000000000000000000 ) ) ;
#891 = FACE_OUTER_BOUND ( 'NONE', #1475, .T. ) ;
#892 = DIRECTION ( 'NONE',  ( -0.0000000000000000000, -0.0000000000000000000, 1.000000000000000000 ) ) ;
#893 = CARTESIAN_POINT ( 'NONE',  ( -0.5476025945693270280, -1.199999999999999956, 19.00000000000000000 ) ) ;
#894 = EDGE_CURVE ( 'NONE', #1487, #2195, #1743, .T. ) ;
#895 = EDGE_LOOP ( 'NONE', ( #1564, #2285, #133, #586 ) ) ;
#896 = DIRECTION ( 'NONE',  ( 0.0000000000000000000, 1.000000000000000000, 0.0000000000000000000 ) ) ;
#897 = CARTESIAN_POINT ( 'NONE',  ( 6.529147515028039805, -6.400000000000000355, 19.00000000000000000 ) ) ;
#898 = ADVANCED_FACE ( 'NONE', ( #1757 ), #510, .T. ) ;
#899 =( NAMED_UNIT ( * ) PLANE_ANGLE_UNIT ( ) SI_UNIT ( $, .RADIAN. ) );
#900 = EDGE_LOOP ( 'NONE', ( #1299, #1391, #754, #1922 ) ) ;
#901 = DIRECTION ( 'NONE',  ( -1.000000000000000000, -0.0000000000000000000, 0.0000000000000000000 ) ) ;
#902 = LINE ( 'NONE', #1104, #369 ) ;
#903 = LINE ( 'NONE', #1449, #2047 ) ;
#904 = CARTESIAN_POINT ( 'NONE',  ( -1.000000000000000000, 0.0000000000000000000, 3.499999999999999556 ) ) ;
#905 = EDGE_LOOP ( 'NONE', ( #2191, #1075, #420, #1308 ) ) ;
#906 = DIRECTION ( 'NONE',  ( -0.0000000000000000000, -1.000000000000000000, 0.0000000000000000000 ) ) ;
#907 = CARTESIAN_POINT ( 'NONE',  ( 5.405000000000001137, -6.400000000000000355, 19.00000000000000000 ) ) ;
#908 = EDGE_CURVE ( 'NONE', #128, #1721, #1419, .T. ) ;
#909 = EDGE_CURVE ( 'NONE', #789, #1254, #2146, .T. ) ;
#910 =( NAMED_UNIT ( * ) SI_UNIT ( $, .STERADIAN. ) SOLID_ANGLE_UNIT ( ) );
#911 = VERTEX_POINT ( 'NONE', #186 ) ;
#912 = ADVANCED_FACE ( 'NONE', ( #857 ), #885, .T. ) ;
#913 = CARTESIAN_POINT ( 'NONE',  ( -5.404999999999997584, -6.400000000000000355, 12.20000000000000107 ) ) ;
#914 = CARTESIAN_POINT ( 'NONE',  ( -0.5999999999999999778, -0.6945945136995670399, -1.215540398974241931 ) ) ;
#915 = CARTESIAN_POINT ( 'NONE',  ( -0.5999999999999999778, -0.07797392666454290577, -0.1364543716629499914 ) ) ;
#916 = DIRECTION ( 'NONE',  ( 0.0000000000000000000, -0.0000000000000000000, 1.000000000000000000 ) ) ;
#917 = VECTOR ( 'NONE', #1725, 1000.000000000000000 ) ;
#918 = ORIENTED_EDGE ( 'NONE', *, *, #935, .F. ) ;
#919 = CARTESIAN_POINT ( 'NONE',  ( 1.000000000000000000, 0.8000000000000000444, 1.500000000000000000 ) ) ;
#920 =( GEOMETRIC_REPRESENTATION_CONTEXT ( 3 ) GLOBAL_UNCERTAINTY_ASSIGNED_CONTEXT ( ( #1677 ) ) GLOBAL_UNIT_ASSIGNED_CONTEXT ( ( #630, #1195, #1349 ) ) REPRESENTATION_CONTEXT ( 'NONE', 'WORKASPACE' ) );
#921 = VECTOR ( 'NONE', #2289, 1000.000000000000000 ) ;
#922 = AXIS2_PLACEMENT_3D ( 'NONE', #1961, #350, #722 ) ;
#923 = EDGE_CURVE ( 'NONE', #1701, #816, #530, .T. ) ;
#924 = VECTOR ( 'NONE', #901, 1000.000000000000000 ) ;
#925 = ORIENTED_EDGE ( 'NONE', *, *, #2229, .T. ) ;
#926 = DIRECTION ( 'NONE',  ( 1.000000000000000000, 0.0000000000000000000, -0.0000000000000000000 ) ) ;
#927 = EDGE_CURVE ( 'NONE', #433, #1417, #51, .T. ) ;
#928 = PLANE ( 'NONE',  #1410 ) ;
#929 = DIRECTION ( 'NONE',  ( 0.0000000000000000000, -1.000000000000000000, 0.0000000000000000000 ) ) ;
#930 = VERTEX_POINT ( 'NONE', #72 ) ;
#931 = DIRECTION ( 'NONE',  ( 0.0000000000000000000, -1.000000000000000000, 0.0000000000000000000 ) ) ;
#932 = VERTEX_POINT ( 'NONE', #1523 ) ;
#933 =( NAMED_UNIT ( * ) SI_UNIT ( $, .STERADIAN. ) SOLID_ANGLE_UNIT ( ) );
#934 = ORIENTED_EDGE ( 'NONE', *, *, #1540, .T. ) ;
#935 = EDGE_CURVE ( 'NONE', #2247, #1335, #2241, .T. ) ;
#936 = DIRECTION ( 'NONE',  ( -1.000000000000000000, -1.836970198721029934E-16, 0.0000000000000000000 ) ) ;
#937 = PLANE ( 'NONE',  #881 ) ;
#938 = DIRECTION ( 'NONE',  ( 0.0000000000000000000, 0.4961389383568338696, 0.8682431421244591885 ) ) ;
#939 = EDGE_CURVE ( 'NONE', #1756, #2315, #446, .T. ) ;
#940 = DIRECTION ( 'NONE',  ( 0.0000000000000000000, 1.000000000000000000, 0.0000000000000000000 ) ) ;
#941 = PRODUCT_RELATED_PRODUCT_CATEGORY ( 'part', '', ( #631 ) ) ;
#942 = VERTEX_POINT ( 'NONE', #982 ) ;
#943 = CARTESIAN_POINT ( 'NONE',  ( 0.5999999999999999778, -0.8000000000000000444, -4.293802535041280066 ) ) ;
#944 = ORIENTED_EDGE ( 'NONE', *, *, #58, .T. ) ;
#945 = ORIENTED_EDGE ( 'NONE', *, *, #1213, .T. ) ;
#946 = CARTESIAN_POINT ( 'NONE',  ( -6.604999999999999538, -4.199999999999999289, 3.799999999999999822 ) ) ;
#947 = DIRECTION ( 'NONE',  ( 1.000000000000000000, 0.0000000000000000000, -0.0000000000000000000 ) ) ;
#948 = SURFACE_SIDE_STYLE ('',( #235 ) ) ;
#949 = LINE ( 'NONE', #305, #2054 ) ;
#950 = VERTEX_POINT ( 'NONE', #801 ) ;
#951 = VECTOR ( 'NONE', #665, 1000.000000000000000 ) ;
#952 = ORIENTED_EDGE ( 'NONE', *, *, #426, .T. ) ;
#953 = ADVANCED_FACE ( 'NONE', ( #2252, #1351 ), #2070, .T. ) ;
#954 = AXIS2_PLACEMENT_3D ( 'NONE', #460, #1192, #286 ) ;
#955 = ORIENTED_EDGE ( 'NONE', *, *, #1374, .T. ) ;
#956 =( GEOMETRIC_REPRESENTATION_CONTEXT ( 3 ) GLOBAL_UNCERTAINTY_ASSIGNED_CONTEXT ( ( #1447 ) ) GLOBAL_UNIT_ASSIGNED_CONTEXT ( ( #596, #2043, #933 ) ) REPRESENTATION_CONTEXT ( 'NONE', 'WORKASPACE' ) );
#957 = VECTOR ( 'NONE', #1193, 1000.000000000000000 ) ;
#958 = DIRECTION ( 'NONE',  ( 0.0000000000000000000, 0.0000000000000000000, 1.000000000000000000 ) ) ;
#959 = AXIS2_PLACEMENT_3D ( 'NONE', #1679, #767, #800 ) ;
#960 = CARTESIAN_POINT ( 'NONE',  ( 6.604999999999999538, -4.132176271528630096, 4.599999999999999645 ) ) ;
#961 = AXIS2_PLACEMENT_3D ( 'NONE', #2112, #686, #2099 ) ;
#962 = DIRECTION ( 'NONE',  ( -1.000000000000000000, 0.0000000000000000000, -0.0000000000000000000 ) ) ;
#963 = VERTEX_POINT ( 'NONE', #1714 ) ;
#964 = DIRECTION ( 'NONE',  ( -0.0000000000000000000, -0.0000000000000000000, -1.000000000000000000 ) ) ;
#965 = EDGE_CURVE ( 'NONE', #128, #2247, #96, .T. ) ;
#966 = ORIENTED_EDGE ( 'NONE', *, *, #717, .T. ) ;
#967 = EDGE_CURVE ( 'NONE', #1681, #1489, #2265, .T. ) ;
#968 = EDGE_LOOP ( 'NONE', ( #2160, #1115, #101, #746 ) ) ;
#969 = PLANE ( 'NONE',  #90 ) ;
#970 =( LENGTH_UNIT ( ) NAMED_UNIT ( * ) SI_UNIT ( .MILLI., .METRE. ) );
#971 = CARTESIAN_POINT ( 'NONE',  ( 2.500000000000000000, 0.8000000000000000444, 9.500000000000000000 ) ) ;
#972 = ORIENTED_EDGE ( 'NONE', *, *, #976, .T. ) ;
#973 = EDGE_LOOP ( 'NONE', ( #1365, #779, #573, #2026 ) ) ;
#974 = DIRECTION ( 'NONE',  ( -1.000000000000000000, 0.0000000000000000000, -0.0000000000000000000 ) ) ;
#975 = ORIENTED_EDGE ( 'NONE', *, *, #98, .T. ) ;
#976 = EDGE_CURVE ( 'NONE', #1717, #2044, #949, .T. ) ;
#977 = ADVANCED_FACE ( 'NONE', ( #2296 ), #1005, .F. ) ;
#978 = DIRECTION ( 'NONE',  ( -1.000000000000000000, -6.123233995736769734E-17, -0.0000000000000000000 ) ) ;
#979 = CARTESIAN_POINT ( 'NONE',  ( -5.785541957020760684, -6.400000000000000355, 8.400000000000000355 ) ) ;
#980 = ADVANCED_FACE ( 'NONE', ( #1199 ), #121, .T. ) ;
#981 = CARTESIAN_POINT ( 'NONE',  ( -18.39500000000000313, -4.200000000000001066, 12.20000000000000107 ) ) ;
#982 = CARTESIAN_POINT ( 'NONE',  ( -6.604999999999999538, -6.400000000000000355, 12.20000000000000107 ) ) ;
#983 = VERTEX_POINT ( 'NONE', #2123 ) ;
#984 = ORIENTED_EDGE ( 'NONE', *, *, #1956, .F. ) ;
#985 = ORIENTED_EDGE ( 'NONE', *, *, #1476, .T. ) ;
#986 = VECTOR ( 'NONE', #3, 1000.000000000000000 ) ;
#987 = ORIENTED_EDGE ( 'NONE', *, *, #967, .F. ) ;
#988 = VECTOR ( 'NONE', #115, 1000.000000000000000 ) ;
#989 = DIRECTION ( 'NONE',  ( -1.224646799147350002E-16, 1.000000000000000000, 0.0000000000000000000 ) ) ;
#990 = VECTOR ( 'NONE', #33, 1000.000000000000000 ) ;
#991 = VECTOR ( 'NONE', #1340, 1000.000000000000000 ) ;
#992 = LINE ( 'NONE', #663, #137 ) ;
#993 = DIRECTION ( 'NONE',  ( 0.0000000000000000000, 0.0000000000000000000, 1.000000000000000000 ) ) ;
#994 = EDGE_CURVE ( 'NONE', #1951, #641, #1212, .T. ) ;
#995 = ORIENTED_EDGE ( 'NONE', *, *, #994, .T. ) ;
#996 = VECTOR ( 'NONE', #424, 1000.000000000000000 ) ;
#997 = CARTESIAN_POINT ( 'NONE',  ( -2.500000000000000444, 0.0000000000000000000, 4.999999999999999112 ) ) ;
#998 = ORIENTED_EDGE ( 'NONE', *, *, #522, .T. ) ;
#999 = ORIENTED_EDGE ( 'NONE', *, *, #1116, .T. ) ;
#1000 = LINE ( 'NONE', #808, #2018 ) ;
#1001 = ORIENTED_EDGE ( 'NONE', *, *, #784, .F. ) ;
#1002 = DIRECTION ( 'NONE',  ( 0.0000000000000000000, 0.4961389383568338696, 0.8682431421244591885 ) ) ;
#1003 = PLANE ( 'NONE',  #1072 ) ;
#1004 = DIRECTION ( 'NONE',  ( 1.224646799147350002E-16, -1.000000000000000000, -0.0000000000000000000 ) ) ;
#1005 = PLANE ( 'NONE',  #506 ) ;
#1006 = ORIENTED_EDGE ( 'NONE', *, *, #908, .T. ) ;
#1007 = CARTESIAN_POINT ( 'NONE',  ( -5.404999999999999361, -6.400000000000000355, 0.0000000000000000000 ) ) ;
#1008 = EDGE_CURVE ( 'NONE', #1011, #1853, #2113, .T. ) ;
#1009 = CARTESIAN_POINT ( 'NONE',  ( -0.6606571770349469741, 0.0000000000000000000, 1.500000000000001332 ) ) ;
#1010 = ORIENTED_EDGE ( 'NONE', *, *, #1021, .F. ) ;
#1011 = VERTEX_POINT ( 'NONE', #1386 ) ;
#1012 = CARTESIAN_POINT ( 'NONE',  ( 0.0000000000000000000, 0.8000000000000000444, 3.499999999999999556 ) ) ;
#1013 = ORIENTED_EDGE ( 'NONE', *, *, #550, .F. ) ;
#1014 = CARTESIAN_POINT ( 'NONE',  ( 0.0000000000000000000, 0.0000000000000000000, 0.0000000000000000000 ) ) ;
#1015 = CARTESIAN_POINT ( 'NONE',  ( -5.405000000000000249, 1.503851940743619942, 14.40000000000000036 ) ) ;
#1016 = FACE_OUTER_BOUND ( 'NONE', #1934, .T. ) ;
#1017 = EDGE_LOOP ( 'NONE', ( #100, #1905, #998, #1055 ) ) ;
#1018 = CARTESIAN_POINT ( 'NONE',  ( 0.5999999999999999778, 0.0000000000000000000, -1.400000000000000133 ) ) ;
#1019 = LINE ( 'NONE', #1051, #1671 ) ;
#1020 = EDGE_CURVE ( 'NONE', #2282, #1131, #503, .T. ) ;
#1021 = EDGE_CURVE ( 'NONE', #2143, #2282, #1752, .T. ) ;
#1022 = VERTEX_POINT ( 'NONE', #1723 ) ;
#1023 = ORIENTED_EDGE ( 'NONE', *, *, #1601, .F. ) ;
#1024 = CARTESIAN_POINT ( 'NONE',  ( 5.405000000000000249, -2.626148059256380396, 6.800000000000000711 ) ) ;
#1025 = CARTESIAN_POINT ( 'NONE',  ( -6.604999999999999538, -1.002176271528629981, 19.00000000000000000 ) ) ;
#1026 = EDGE_CURVE ( 'NONE', #107, #1689, #633, .T. ) ;
#1027 = AXIS2_PLACEMENT_3D ( 'NONE', #1271, #896, #2324 ) ;
#1028 = ORIENTED_EDGE ( 'NONE', *, *, #1387, .T. ) ;
#1029 = PRESENTATION_LAYER_ASSIGNMENT (  '', '', ( #274 ) ) ;
#1030 = CARTESIAN_POINT ( 'NONE',  ( -5.405000000000000249, 1.503851940743619942, 4.599999999999999645 ) ) ;
#1032 = VECTOR ( 'NONE', #1686, 1000.000000000000000 ) ;
#1031 = FACE_OUTER_BOUND ( 'NONE', #311, .T. ) ;
#1033 = CARTESIAN_POINT ( 'NONE',  ( -6.604999999999999538, -1.200000000000000178, 19.00000000000000000 ) ) ;
#1034 = VECTOR ( 'NONE', #515, 1000.000000000000000 ) ;
#1035 = CARTESIAN_POINT ( 'NONE',  ( 0.0000000000000000000, 0.0000000000000000000, 0.0000000000000000000 ) ) ;
#1036 = DIRECTION ( 'NONE',  ( 1.000000000000000000, 6.123233995736769734E-17, 0.0000000000000000000 ) ) ;
#1037 = AXIS2_PLACEMENT_3D ( 'NONE', #897, #697, #727 ) ;
#1038 = LINE ( 'NONE', #666, #1709 ) ;
#1039 = VECTOR ( 'NONE', #2199, 1000.000000000000000 ) ;
#1040 = ORIENTED_EDGE ( 'NONE', *, *, #1647, .F. ) ;
#1041 = EDGE_LOOP ( 'NONE', ( #37, #569, #1527, #1281, #2224, #2011 ) ) ;
#1042 = EDGE_CURVE ( 'NONE', #1275, #2127, #1572, .T. ) ;
#1043 = CARTESIAN_POINT ( 'NONE',  ( -5.404999999999998472, -6.400000000000000355, 19.00000000000000000 ) ) ;
#1044 = ORIENTED_EDGE ( 'NONE', *, *, #1697, .F. ) ;
#1045 = ADVANCED_FACE ( 'NONE', ( #1764 ), #1774, .F. ) ;
#1046 = LINE ( 'NONE', #136, #21 ) ;
#1047 = DIRECTION ( 'NONE',  ( 6.123233995736769734E-17, 0.0000000000000000000, 1.000000000000000000 ) ) ;
#1048 = CYLINDRICAL_SURFACE ( 'NONE', #1785, 0.8000000000000003775 ) ;
#1049 = CARTESIAN_POINT ( 'NONE',  ( 6.529147515028039805, -6.400000000000000355, 12.20000000000000107 ) ) ;
#1050 = DIRECTION ( 'NONE',  ( 0.0000000000000000000, 1.000000000000000000, -0.0000000000000000000 ) ) ;
#1051 = CARTESIAN_POINT ( 'NONE',  ( -18.39500000000000313, -4.200000000000000178, 14.40000000000000036 ) ) ;
#1052 = ORIENTED_EDGE ( 'NONE', *, *, #2115, .T. ) ;
#1053 = CARTESIAN_POINT ( 'NONE',  ( -18.39500000000000313, -4.200000000000000178, 11.40000000000000036 ) ) ;
#1054 = FACE_OUTER_BOUND ( 'NONE', #2062, .T. ) ;
#1055 = ORIENTED_EDGE ( 'NONE', *, *, #1744, .T. ) ;
#1056 = EDGE_CURVE ( 'NONE', #1082, #2167, #336, .T. ) ;
#1057 = DIRECTION ( 'NONE',  ( -1.000000000000000000, -6.123233995736769734E-17, -0.0000000000000000000 ) ) ;
#1058 = LINE ( 'NONE', #1083, #1372 ) ;
#1059 = CARTESIAN_POINT ( 'NONE',  ( -18.39500000000000313, -4.200000000000000178, 6.799999999999999822 ) ) ;
#1060 = EDGE_CURVE ( 'NONE', #415, #1473, #2277, .T. ) ;
#1061 = CARTESIAN_POINT ( 'NONE',  ( -6.604999999999999538, -1.002176271528629981, 8.400000000000000355 ) ) ;
#1062 = ORIENTED_EDGE ( 'NONE', *, *, #2321, .T. ) ;
#1063 = VERTEX_POINT ( 'NONE', #151 ) ;
#1064 = CARTESIAN_POINT ( 'NONE',  ( 0.5999999999999999778, 0.0000000000000000000, -1.612451549659710048 ) ) ;
#1065 = ORIENTED_EDGE ( 'NONE', *, *, #1326, .T. ) ;
#1066 = CARTESIAN_POINT ( 'NONE',  ( -5.405000000000000249, 1.503851940743619942, 16.00000000000000000 ) ) ;
#1067 = DIRECTION ( 'NONE',  ( -0.0000000000000000000, -0.0000000000000000000, -1.000000000000000000 ) ) ;
#1068 = CARTESIAN_POINT ( 'NONE',  ( 0.0000000000000000000, 0.8000000000000000444, 0.0000000000000000000 ) ) ;
#1069 = AXIS2_PLACEMENT_3D ( 'NONE', #1613, #1621, #2165 ) ;
#1070 = LINE ( 'NONE', #140, #504 ) ;
#1071 = VECTOR ( 'NONE', #1713, 1000.000000000000000 ) ;
#1072 = AXIS2_PLACEMENT_3D ( 'NONE', #1558, #1196, #835 ) ;
#1073 = PLANE ( 'NONE',  #53 ) ;
#1074 = EDGE_CURVE ( 'NONE', #1704, #983, #863, .T. ) ;
#1075 = ORIENTED_EDGE ( 'NONE', *, *, #598, .F. ) ;
#1076 = VECTOR ( 'NONE', #1995, 1000.000000000000000 ) ;
#1077 = DIRECTION ( 'NONE',  ( 0.0000000000000000000, 0.0000000000000000000, 1.000000000000000000 ) ) ;
#1078 = VECTOR ( 'NONE', #1907, 1000.000000000000000 ) ;
#1079 = DIRECTION ( 'NONE',  ( -1.000000000000000000, 0.0000000000000000000, -0.0000000000000000000 ) ) ;
#1080 = AXIS2_PLACEMENT_3D ( 'NONE', #2207, #581, #2029 ) ;
#1081 = DIRECTION ( 'NONE',  ( 0.0000000000000000000, 0.0000000000000000000, 1.000000000000000000 ) ) ;
#1082 = VERTEX_POINT ( 'NONE', #2319 ) ;
#1083 = CARTESIAN_POINT ( 'NONE',  ( -6.604999999999999538, -1.002176271528629981, 4.599999999999999645 ) ) ;
#1084 = LINE ( 'NONE', #1574, #208 ) ;
#1085 = CARTESIAN_POINT ( 'NONE',  ( 6.604999999999999538, -4.199999999999998401, 7.599999999999999645 ) ) ;
#1086 = EDGE_CURVE ( 'NONE', #1683, #1874, #1915, .T. ) ;
#1087 = EDGE_LOOP ( 'NONE', ( #602, #427, #1247, #759 ) ) ;
#1088 = CARTESIAN_POINT ( 'NONE',  ( -1.000000000000000000, 0.8000000000000000444, 1.500000000000000000 ) ) ;
#1089 = CARTESIAN_POINT ( 'NONE',  ( -6.604999999999999538, -1.200000000000000178, 0.0000000000000000000 ) ) ;
#1090 = EDGE_CURVE ( 'NONE', #654, #1366, #1302, .T. ) ;
#1091 = SHAPE_REPRESENTATION_RELATIONSHIP ( 'NONE' , 'NONE' ,  #1231, #1661 ) ;
#1092 = VERTEX_POINT ( 'NONE', #874 ) ;
#1093 = LINE ( 'NONE', #2175, #924 ) ;
#1094 = CARTESIAN_POINT ( 'NONE',  ( -5.405000000000000249, -3.200000000000000178, 19.00000000000000000 ) ) ;
#1095 = FACE_OUTER_BOUND ( 'NONE', #619, .T. ) ;
#1096 = CARTESIAN_POINT ( 'NONE',  ( -18.39500000000000313, -4.200000000000000178, 10.59999999999999964 ) ) ;
#1097 = ORIENTED_EDGE ( 'NONE', *, *, #1472, .T. ) ;
#1098 = CARTESIAN_POINT ( 'NONE',  ( -4.041334437186249856E-17, -1.200000000000000178, 15.23499999999999943 ) ) ;
#1099 = CARTESIAN_POINT ( 'NONE',  ( 6.604999999999999538, -4.132176271528630096, 16.00000000000000000 ) ) ;
#1100 = DIRECTION ( 'NONE',  ( -0.0000000000000000000, -0.0000000000000000000, -1.000000000000000000 ) ) ;
#1101 = ADVANCED_FACE ( 'NONE', ( #1016 ), #1596, .T. ) ;
#1102 = ORIENTED_EDGE ( 'NONE', *, *, #1712, .T. ) ;
#1103 = DIRECTION ( 'NONE',  ( -1.000000000000000000, -6.123233995736769734E-17, -0.0000000000000000000 ) ) ;
#1104 = CARTESIAN_POINT ( 'NONE',  ( -6.604999999999999538, -3.200000000000000178, 0.0000000000000000000 ) ) ;
#1106 = VECTOR ( 'NONE', #2156, 1000.000000000000000 ) ;
#1105 = DIRECTION ( 'NONE',  ( -1.000000000000000000, -6.123233995736769734E-17, -0.0000000000000000000 ) ) ;
#1107 = CARTESIAN_POINT ( 'NONE',  ( 6.604999999999999538, -6.400000000000000355, 16.00000000000000000 ) ) ;
#1108 = EDGE_LOOP ( 'NONE', ( #2074, #43, #2028, #1191 ) ) ;
#1109 = AXIS2_PLACEMENT_3D ( 'NONE', #1969, #355, #1239 ) ;
#1110 = AXIS2_PLACEMENT_3D ( 'NONE', #2169, #17, #886 ) ;
#1111 = ORIENTED_EDGE ( 'NONE', *, *, #99, .T. ) ;
#1112 = EDGE_CURVE ( 'NONE', #1721, #1513, #1802, .T. ) ;
#1113 = AXIS2_PLACEMENT_3D ( 'NONE', #2049, #585, #962 ) ;
#1114 = APPLICATION_PROTOCOL_DEFINITION ( 'draft international standard', 'automotive_design', 1998, #1490 ) ;
#1115 = ORIENTED_EDGE ( 'NONE', *, *, #356, .T. ) ;
#1116 = EDGE_CURVE ( 'NONE', #1502, #442, #1612, .T. ) ;
#1117 = PRODUCT_RELATED_PRODUCT_CATEGORY ( 'part', '', ( #514 ) ) ;
#1118 = PLANE ( 'NONE',  #2331 ) ;
#1119 = CARTESIAN_POINT ( 'NONE',  ( -18.39500000000000313, -4.266024613566700374, 4.599999999999999645 ) ) ;
#1120 = LINE ( 'NONE', #960, #1741 ) ;
#1121 = LINE ( 'NONE', #455, #884 ) ;
#1122 = ORIENTED_EDGE ( 'NONE', *, *, #1667, .F. ) ;
#1123 = DIRECTION ( 'NONE',  ( -0.0000000000000000000, -1.000000000000000000, 0.0000000000000000000 ) ) ;
#1124 = ORIENTED_EDGE ( 'NONE', *, *, #1197, .T. ) ;
#1125 = VERTEX_POINT ( 'NONE', #1971 ) ;
#1126 = EDGE_CURVE ( 'NONE', #2068, #303, #1277, .T. ) ;
#1127 = FACE_OUTER_BOUND ( 'NONE', #1769, .T. ) ;
#1128 = CARTESIAN_POINT ( 'NONE',  ( -5.405000000000000249, -4.199999999999999289, 10.59999999999999964 ) ) ;
#1129 = DIRECTION ( 'NONE',  ( 4.898587196589409870E-16, 0.0000000000000000000, -1.000000000000000000 ) ) ;
#1130 = EDGE_CURVE ( 'NONE', #1379, #1853, #902, .T. ) ;
#1131 = VERTEX_POINT ( 'NONE', #217 ) ;
#1132 = DIRECTION ( 'NONE',  ( -0.0000000000000000000, -1.000000000000000000, 0.0000000000000000000 ) ) ;
#1133 = ORIENTED_EDGE ( 'NONE', *, *, #268, .T. ) ;
#1134 = ORIENTED_EDGE ( 'NONE', *, *, #834, .T. ) ;
#1135 = DIRECTION ( 'NONE',  ( 1.000000000000000000, 0.0000000000000000000, 0.0000000000000000000 ) ) ;
#1136 = UNCERTAINTY_MEASURE_WITH_UNIT (LENGTH_MEASURE( 1.000000000000000082E-05 ), #1562, 'distance_accuracy_value', 'NONE');
#1137 = CARTESIAN_POINT ( 'NONE',  ( 0.5999999999999999778, 0.0000000000000000000, 0.0000000000000000000 ) ) ;
#1138 = EDGE_CURVE ( 'NONE', #932, #2195, #1669, .T. ) ;
#1139 = LINE ( 'NONE', #2276, #1640 ) ;
#1140 = ORIENTED_EDGE ( 'NONE', *, *, #1008, .T. ) ;
#1141 = LINE ( 'NONE', #1860, #1780 ) ;
#1142 = EDGE_CURVE ( 'NONE', #52, #1487, #1486, .T. ) ;
#1143 = ORIENTED_EDGE ( 'NONE', *, *, #70, .T. ) ;
#1144 = STYLED_ITEM ( 'NONE', ( #2006 ), #296 ) ;
#1145 = ORIENTED_EDGE ( 'NONE', *, *, #748, .F. ) ;
#1146 = CARTESIAN_POINT ( 'NONE',  ( 5.405000000000000249, -1.199999999999999956, 19.00000000000000000 ) ) ;
#1147 = VECTOR ( 'NONE', #1240, 1000.000000000000000 ) ;
#1148 = LINE ( 'NONE', #79, #1032 ) ;
#1149 = CIRCLE ( 'NONE', #2087, 1.199999999999999734 ) ;
#1150 = CARTESIAN_POINT ( 'NONE',  ( 0.5999999999999999778, -0.6945945136995674840, -1.215540398974241043 ) ) ;
#1151 = ORIENTED_EDGE ( 'NONE', *, *, #1697, .T. ) ;
#1152 = DIRECTION ( 'NONE',  ( -1.000000000000000000, -6.123233995736769734E-17, -0.0000000000000000000 ) ) ;
#1153 = ADVANCED_FACE ( 'NONE', ( #891 ), #937, .T. ) ;
#1154 = ORIENTED_EDGE ( 'NONE', *, *, #1400, .T. ) ;
#1155 = CONTEXT_DEPENDENT_SHAPE_REPRESENTATION ( #2301, #109 ) ;
#1156 = ADVANCED_FACE ( 'NONE', ( #710 ), #1287, .F. ) ;
#1157 = ORIENTED_EDGE ( 'NONE', *, *, #2259, .F. ) ;
#1158 = DIRECTION ( 'NONE',  ( 0.0000000000000000000, -1.000000000000000000, 0.0000000000000000000 ) ) ;
#1159 = DIRECTION ( 'NONE',  ( 1.000000000000000000, 0.0000000000000000000, 0.0000000000000000000 ) ) ;
#1160 =( NAMED_UNIT ( * ) SI_UNIT ( $, .STERADIAN. ) SOLID_ANGLE_UNIT ( ) );
#1161 = CARTESIAN_POINT ( 'NONE',  ( -0.5999999999999999778, -0.8000000000000000444, -3.000000000000000000 ) ) ;
#1162 = VERTEX_POINT ( 'NONE', #1811 ) ;
#1163 = DIRECTION ( 'NONE',  ( -0.0000000000000000000, -0.0000000000000000000, -1.000000000000000000 ) ) ;
#1164 = ORIENTED_EDGE ( 'NONE', *, *, #1616, .T. ) ;
#1165 = VERTEX_POINT ( 'NONE', #1998 ) ;
#1166 = EDGE_CURVE ( 'NONE', #1756, #2299, #2164, .T. ) ;
#1167 = CARTESIAN_POINT ( 'NONE',  ( 6.604999999999999538, -4.199999999999999289, 8.400000000000000355 ) ) ;
#1168 = ORIENTED_EDGE ( 'NONE', *, *, #609, .F. ) ;
#1169 = EDGE_CURVE ( 'NONE', #1695, #1618, #1987, .T. ) ;
#1170 = SURFACE_STYLE_FILL_AREA ( #2069 ) ;
#1171 = CARTESIAN_POINT ( 'NONE',  ( -4.041334437186249856E-17, 0.8000000000000000444, 13.33000000000000007 ) ) ;
#1172 = ORIENTED_EDGE ( 'NONE', *, *, #443, .F. ) ;
#1173 = LINE ( 'NONE', #1890, #917 ) ;
#1174 = ORIENTED_EDGE ( 'NONE', *, *, #1330, .T. ) ;
#1175 = EDGE_LOOP ( 'NONE', ( #315, #1916, #638, #1316 ) ) ;
#1176 = AXIS2_PLACEMENT_3D ( 'NONE', #204, #2003, #1975 ) ;
#1177 = CARTESIAN_POINT ( 'NONE',  ( -4.041334437186249856E-17, 0.8000000000000000444, 13.33000000000000007 ) ) ;
#1178 = LINE ( 'NONE', #302, #2211 ) ;
#1179 = VERTEX_POINT ( 'NONE', #914 ) ;
#1180 = VECTOR ( 'NONE', #1930, 1000.000000000000000 ) ;
#1181 = CARTESIAN_POINT ( 'NONE',  ( -18.39500000000000313, -4.200000000000000178, 14.40000000000000036 ) ) ;
#1182 = EDGE_CURVE ( 'NONE', #393, #1312, #12, .T. ) ;
#1183 = COLOUR_RGB ( '',0.8117647058823529438, 0.8588235294117646523, 0.8980392156862745390 ) ;
#1184 = CARTESIAN_POINT ( 'NONE',  ( 6.604999999999999538, -4.199999999999999289, 2.999999999999999556 ) ) ;
#1185 = CARTESIAN_POINT ( 'NONE',  ( 5.405000000000000249, -2.626148059256380396, 19.00000000000000000 ) ) ;
#1186 = EDGE_LOOP ( 'NONE', ( #541, #1962, #1234, #1680 ) ) ;
#1187 = CIRCLE ( 'NONE', #2025, 1.905000000000000471 ) ;
#1188 = CARTESIAN_POINT ( 'NONE',  ( 6.604999999999999538, -6.400000000000000355, 6.800000000000000711 ) ) ;
#1189 = DIRECTION ( 'NONE',  ( -1.000000000000000000, -6.123233995736769734E-17, -0.0000000000000000000 ) ) ;
#1190 = ORIENTED_EDGE ( 'NONE', *, *, #1923, .T. ) ;
#1191 = ORIENTED_EDGE ( 'NONE', *, *, #693, .F. ) ;
#1192 = DIRECTION ( 'NONE',  ( 0.0000000000000000000, 0.0000000000000000000, -1.000000000000000000 ) ) ;
#1193 = DIRECTION ( 'NONE',  ( -0.0000000000000000000, 1.000000000000000000, 0.0000000000000000000 ) ) ;
#1194 = ORIENTED_EDGE ( 'NONE', *, *, #771, .T. ) ;
#1195 =( NAMED_UNIT ( * ) PLANE_ANGLE_UNIT ( ) SI_UNIT ( $, .RADIAN. ) );
#1196 = DIRECTION ( 'NONE',  ( 0.0000000000000000000, 0.0000000000000000000, 1.000000000000000000 ) ) ;
#1197 = EDGE_CURVE ( 'NONE', #1513, #1704, #719, .T. ) ;
#1198 = CARTESIAN_POINT ( 'NONE',  ( -6.604999999999999538, -6.400000000000000355, 0.0000000000000000000 ) ) ;
#1199 = FACE_OUTER_BOUND ( 'NONE', #1882, .T. ) ;
#1200 = ORIENTED_EDGE ( 'NONE', *, *, #58, .F. ) ;
#1201 = DIRECTION ( 'NONE',  ( 0.0000000000000000000, -0.4961389383568340916, -0.8682431421244591885 ) ) ;
#1202 = CARTESIAN_POINT ( 'NONE',  ( -6.604999999999999538, -4.199999999999999289, 7.599999999999999645 ) ) ;
#1203 = EDGE_CURVE ( 'NONE', #1577, #1022, #395, .T. ) ;
#1204 = EDGE_LOOP ( 'NONE', ( #634, #143, #269, #1052, #1285, #2073, #2201, #326, #1784, #1124 ) ) ;
#1205 = ORIENTED_EDGE ( 'NONE', *, *, #1809, .F. ) ;
#1206 = CARTESIAN_POINT ( 'NONE',  ( 5.405000000000001137, -6.400000000000000355, 10.59999999999999964 ) ) ;
#1207 = PLANE ( 'NONE',  #1227 ) ;
#1208 = VERTEX_POINT ( 'NONE', #732 ) ;
#1209 = DIRECTION ( 'NONE',  ( 1.000000000000000000, 0.0000000000000000000, 0.0000000000000000000 ) ) ;
#1210 = DIRECTION ( 'NONE',  ( 0.0000000000000000000, -1.000000000000000000, 0.0000000000000000000 ) ) ;
#1211 = FACE_OUTER_BOUND ( 'NONE', #2304, .T. ) ;
#1212 = LINE ( 'NONE', #2100, #2050 ) ;
#1213 = EDGE_CURVE ( 'NONE', #1935, #950, #742, .T. ) ;
#1214 = SURFACE_STYLE_FILL_AREA ( #1906 ) ;
#1215 = CARTESIAN_POINT ( 'NONE',  ( 5.405000000000000249, -6.400000000000000355, 8.400000000000000355 ) ) ;
#1216 = ORIENTED_EDGE ( 'NONE', *, *, #1656, .F. ) ;
#1217 = EDGE_LOOP ( 'NONE', ( #1194, #770, #74, #712 ) ) ;
#1218 = FACE_OUTER_BOUND ( 'NONE', #1087, .T. ) ;
#1219 = FACE_OUTER_BOUND ( 'NONE', #683, .T. ) ;
#1220 = CLOSED_SHELL ( 'NONE', ( #781, #1673, #1346, #148, #2217, #2124, #1797, #1748, #1465, #898, #1291, #1448, #2097, #94, #2111, #1617, #329, #1370, #312, #757, #1235, #661, #829, #1556, #912, #1573, #601, #1940, #327, #1694, #1315, #1371, #1153, #66, #343, #10, #980, #1384, #1730, #497, #83, #555, #147, #1587, #2055, #401, #2067, #1859, #1353, #1045, #1101 ) ) ;
#1221 = ORIENTED_EDGE ( 'NONE', *, *, #152, .F. ) ;
#1222 = AXIS2_PLACEMENT_3D ( 'NONE', #677, #1398, #360 ) ;
#1223 = DIRECTION ( 'NONE',  ( -1.000000000000000000, 0.0000000000000000000, -0.0000000000000000000 ) ) ;
#1225 = LINE ( 'NONE', #176, #402 ) ;
#1224 = VECTOR ( 'NONE', #1896, 1000.000000000000000 ) ;
#1226 = FACE_OUTER_BOUND ( 'NONE', #2182, .T. ) ;
#1227 = AXIS2_PLACEMENT_3D ( 'NONE', #2076, #511, #1236 ) ;
#1228 = DIRECTION ( 'NONE',  ( 0.0000000000000000000, 0.0000000000000000000, 1.000000000000000000 ) ) ;
#1229 = DIRECTION ( 'NONE',  ( -1.000000000000000000, 0.0000000000000000000, -0.0000000000000000000 ) ) ;
#1230 = VECTOR ( 'NONE', #1253, 1000.000000000000000 ) ;
#1231 = SHAPE_REPRESENTATION ( 'Part 2', ( #1301 ), #796 ) ;
#1232 = DIRECTION ( 'NONE',  ( -0.0000000000000000000, 1.000000000000000000, 0.0000000000000000000 ) ) ;
#1233 = VERTEX_POINT ( 'NONE', #1295 ) ;
#1234 = ORIENTED_EDGE ( 'NONE', *, *, #1182, .F. ) ;
#1235 = ADVANCED_FACE ( 'NONE', ( #2017 ), #409, .T. ) ;
#1236 = DIRECTION ( 'NONE',  ( 6.123233995736769734E-17, 0.0000000000000000000, 1.000000000000000000 ) ) ;
#1237 = ORIENTED_EDGE ( 'NONE', *, *, #1834, .F. ) ;
#1238 =( NAMED_UNIT ( * ) PLANE_ANGLE_UNIT ( ) SI_UNIT ( $, .RADIAN. ) );
#1239 = DIRECTION ( 'NONE',  ( 1.000000000000000000, 0.0000000000000000000, -0.0000000000000000000 ) ) ;
#1240 = DIRECTION ( 'NONE',  ( -1.836970198721029934E-16, 1.000000000000000000, -0.0000000000000000000 ) ) ;
#1241 = CARTESIAN_POINT ( 'NONE',  ( 0.3757136719258730162, 0.8000000000000000444, 1.500000000000000000 ) ) ;
#1242 = PLANE ( 'NONE',  #80 ) ;
#1243 = CARTESIAN_POINT ( 'NONE',  ( 1.928818708657082577E-16, -1.200000000000000178, 11.42499999999999893 ) ) ;
#1244 = ORIENTED_EDGE ( 'NONE', *, *, #1923, .F. ) ;
#1245 = ORIENTED_EDGE ( 'NONE', *, *, #1498, .F. ) ;
#1246 = DIRECTION ( 'NONE',  ( 1.000000000000000000, -0.0000000000000000000, 0.0000000000000000000 ) ) ;
#1247 = ORIENTED_EDGE ( 'NONE', *, *, #1116, .F. ) ;
#1248 = PLANE ( 'NONE',  #1109 ) ;
#1249 = EDGE_CURVE ( 'NONE', #2101, #588, #1426, .T. ) ;
#1250 = LINE ( 'NONE', #701, #441 ) ;
#1251 = DIRECTION ( 'NONE',  ( 0.0000000000000000000, -1.000000000000000000, -0.0000000000000000000 ) ) ;
#1252 = DIRECTION ( 'NONE',  ( 1.000000000000000000, 0.0000000000000000000, 2.065817747765420063E-16 ) ) ;
#1253 = DIRECTION ( 'NONE',  ( 1.224646799147350002E-16, -1.000000000000000000, -0.0000000000000000000 ) ) ;
#1254 = VERTEX_POINT ( 'NONE', #1911 ) ;
#1255 = LINE ( 'NONE', #867, #685 ) ;
#1256 = CARTESIAN_POINT ( 'NONE',  ( 5.405000000000000249, -2.626148059256380396, 10.59999999999999964 ) ) ;
#1257 = LINE ( 'NONE', #713, #22 ) ;
#1258 = ORIENTED_EDGE ( 'NONE', *, *, #291, .F. ) ;
#1259 = DIRECTION ( 'NONE',  ( -1.000000000000000000, 0.0000000000000000000, -0.0000000000000000000 ) ) ;
#1260 = EDGE_CURVE ( 'NONE', #1689, #930, #640, .T. ) ;
#1261 = DIRECTION ( 'NONE',  ( 1.000000000000000000, 6.123233995736769734E-17, 0.0000000000000000000 ) ) ;
#1262 = CARTESIAN_POINT ( 'NONE',  ( 6.604999999999999538, -3.200000000000000178, 19.00000000000000000 ) ) ;
#1263 = AXIS2_PLACEMENT_3D ( 'NONE', #2153, #518, #554 ) ;
#1264 = UNCERTAINTY_MEASURE_WITH_UNIT (LENGTH_MEASURE( 1.000000000000000082E-05 ), #1966, 'distance_accuracy_value', 'NONE');
#1265 = CARTESIAN_POINT ( 'NONE',  ( 0.3757136719258740154, 0.8000000000000000444, 3.500000000000000000 ) ) ;
#1266 = VECTOR ( 'NONE', #1913, 1000.000000000000000 ) ;
#1267 = VECTOR ( 'NONE', #872, 1000.000000000000000 ) ;
#1268 = DIRECTION ( 'NONE',  ( -0.0000000000000000000, 0.0000000000000000000, -1.000000000000000000 ) ) ;
#1269 = EDGE_LOOP ( 'NONE', ( #1724, #705, #985, #1010 ) ) ;
#1270 = AXIS2_PLACEMENT_3D ( 'NONE', #1461, #526, #224 ) ;
#1271 = CARTESIAN_POINT ( 'NONE',  ( -5.785541957020760684, -6.400000000000000355, 19.00000000000000000 ) ) ;
#1272 = PRESENTATION_LAYER_ASSIGNMENT (  '', '', ( #28 ) ) ;
#1273 = FACE_OUTER_BOUND ( 'NONE', #1269, .T. ) ;
#1274 = AXIS2_PLACEMENT_3D ( 'NONE', #1383, #2079, #1223 ) ;
#1275 = VERTEX_POINT ( 'NONE', #1566 ) ;
#1276 = FACE_OUTER_BOUND ( 'NONE', #339, .T. ) ;
#1277 = LINE ( 'NONE', #1262, #1635 ) ;
#1278 = FACE_OUTER_BOUND ( 'NONE', #2270, .T. ) ;
#1279 = EDGE_CURVE ( 'NONE', #303, #519, #1897, .T. ) ;
#1280 = CARTESIAN_POINT ( 'NONE',  ( -18.39500000000000313, -4.272851790115240078, 16.00000000000000000 ) ) ;
#1281 = ORIENTED_EDGE ( 'NONE', *, *, #359, .F. ) ;
#1282 = CARTESIAN_POINT ( 'NONE',  ( -18.39500000000000313, -4.327148209884770225, 14.40000000000000036 ) ) ;
#1283 = EDGE_CURVE ( 'NONE', #300, #1853, #145, .T. ) ;
#1284 = DIRECTION ( 'NONE',  ( 0.0000000000000000000, 1.000000000000000000, 0.0000000000000000000 ) ) ;
#1285 = ORIENTED_EDGE ( 'NONE', *, *, #2203, .T. ) ;
#1286 = DIRECTION ( 'NONE',  ( 6.123233995736769734E-17, 0.0000000000000000000, 1.000000000000000000 ) ) ;
#1287 = PLANE ( 'NONE',  #1827 ) ;
#1288 = PRODUCT_DEFINITION_CONTEXT ( 'detailed design', #2263, 'design' ) ;
#1289 = CARTESIAN_POINT ( 'NONE',  ( 5.405000000000000249, -4.199999999999999289, 2.999999999999999556 ) ) ;
#1290 = VERTEX_POINT ( 'NONE', #314 ) ;
#1291 = ADVANCED_FACE ( 'NONE', ( #2119 ), #476, .F. ) ;
#1292 = APPLICATION_PROTOCOL_DEFINITION ( 'draft international standard', 'automotive_design', 1998, #114 ) ;
#1293 = ORIENTED_EDGE ( 'NONE', *, *, #737, .T. ) ;
#1294 = PLANE ( 'NONE',  #474 ) ;
#1295 = CARTESIAN_POINT ( 'NONE',  ( -5.404999999999997584, -6.400000000000000355, 6.800000000000000711 ) ) ;
#1296 = DIRECTION ( 'NONE',  ( -0.0000000000000000000, -1.000000000000000000, -0.0000000000000000000 ) ) ;
#1297 = FACE_BOUND ( 'NONE', #508, .T. ) ;
#1298 = VECTOR ( 'NONE', #747, 1000.000000000000000 ) ;
#1299 = ORIENTED_EDGE ( 'NONE', *, *, #163, .F. ) ;
#1300 = VECTOR ( 'NONE', #543, 1000.000000000000000 ) ;
#1301 = AXIS2_PLACEMENT_3D ( 'NONE', #1014, #1733, #1209 ) ;
#1302 = CIRCLE ( 'NONE', #2056, 0.8000000000000003775 ) ;
#1303 = EDGE_LOOP ( 'NONE', ( #1382, #671, #1651, #1868 ) ) ;
#1304 = EDGE_CURVE ( 'NONE', #963, #1951, #2132, .T. ) ;
#1305 = VECTOR ( 'NONE', #1813, 1000.000000000000000 ) ;
#1306 = SHAPE_DEFINITION_REPRESENTATION ( #1690, #1231 ) ;
#1307 = VECTOR ( 'NONE', #1696, 1000.000000000000000 ) ;
#1308 = ORIENTED_EDGE ( 'NONE', *, *, #785, .T. ) ;
#1309 = EDGE_CURVE ( 'NONE', #1063, #1275, #1178, .T. ) ;
#1310 = CARTESIAN_POINT ( 'NONE',  ( -4.041334437186249856E-17, 0.0000000000000000000, 13.33000000000000007 ) ) ;
#1311 = PLANE ( 'NONE',  #1551 ) ;
#1312 = VERTEX_POINT ( 'NONE', #287 ) ;
#1313 = DIRECTION ( 'NONE',  ( -1.224646799147350002E-16, 1.000000000000000000, 0.0000000000000000000 ) ) ;
#1314 = VERTEX_POINT ( 'NONE', #2261 ) ;
#1315 = ADVANCED_FACE ( 'NONE', ( #1731 ), #2273, .F. ) ;
#1316 = ORIENTED_EDGE ( 'NONE', *, *, #679, .F. ) ;
#1317 = CARTESIAN_POINT ( 'NONE',  ( -0.5999999999999999778, 0.0000000000000000000, 0.0000000000000000000 ) ) ;
#1318 = CARTESIAN_POINT ( 'NONE',  ( 0.5999999999999999778, 0.0000000000000000000, -1.399999999999999911 ) ) ;
#1319 = FILL_AREA_STYLE_COLOUR ( '', #1183 ) ;
#1320 = VERTEX_POINT ( 'NONE', #848 ) ;
#1321 = ORIENTED_EDGE ( 'NONE', *, *, #1463, .F. ) ;
#1322 = ORIENTED_EDGE ( 'NONE', *, *, #78, .F. ) ;
#1323 = DIRECTION ( 'NONE',  ( 0.0000000000000000000, 0.0000000000000000000, 1.000000000000000000 ) ) ;
#1324 = PRODUCT_DEFINITION_CONTEXT ( 'detailed design', #1726, 'design' ) ;
#1325 = FACE_OUTER_BOUND ( 'NONE', #870, .T. ) ;
#1326 = EDGE_CURVE ( 'NONE', #468, #1208, #2287, .T. ) ;
#1327 = FACE_BOUND ( 'NONE', #1614, .T. ) ;
#1328 = ORIENTED_EDGE ( 'NONE', *, *, #1304, .T. ) ;
#1329 = LINE ( 'NONE', #566, #1298 ) ;
#1330 = EDGE_CURVE ( 'NONE', #1393, #2247, #116, .T. ) ;
#1331 = VECTOR ( 'NONE', #524, 1000.000000000000000 ) ;
#1332 = EDGE_LOOP ( 'NONE', ( #1909, #2155, #1467, #1403 ) ) ;
#1333 = PRODUCT_DEFINITION_FORMATION_WITH_SPECIFIED_SOURCE ( 'ANY', '', #514, .NOT_KNOWN. ) ;
#1334 = VECTOR ( 'NONE', #687, 1000.000000000000000 ) ;
#1335 = VERTEX_POINT ( 'NONE', #1359 ) ;
#1336 = AXIS2_PLACEMENT_3D ( 'NONE', #2147, #1284, #156 ) ;
#1337 = CARTESIAN_POINT ( 'NONE',  ( 1.928818708657082577E-16, 0.0000000000000000000, 11.42499999999999893 ) ) ;
#1338 = AXIS2_PLACEMENT_3D ( 'NONE', #704, #220, #929 ) ;
#1339 = CARTESIAN_POINT ( 'NONE',  ( -18.39500000000000313, -4.256402072310449647, 10.59999999999999964 ) ) ;
#1340 = DIRECTION ( 'NONE',  ( 1.000000000000000000, 0.0000000000000000000, -0.0000000000000000000 ) ) ;
#1341 = DIRECTION ( 'NONE',  ( 0.0000000000000000000, 1.000000000000000000, 0.0000000000000000000 ) ) ;
#1342 = ORIENTED_EDGE ( 'NONE', *, *, #883, .T. ) ;
#1343 = CARTESIAN_POINT ( 'NONE',  ( -6.604999999999999538, -4.199999999999999289, 15.19999999999999929 ) ) ;
#1344 = VERTEX_POINT ( 'NONE', #1579 ) ;
#1345 = VERTEX_POINT ( 'NONE', #498 ) ;
#1346 = ADVANCED_FACE ( 'NONE', ( #1219 ), #831, .F. ) ;
#1347 = CARTESIAN_POINT ( 'NONE',  ( 5.405000000000000249, -4.199999999999999289, 8.400000000000000355 ) ) ;
#1348 = ORIENTED_EDGE ( 'NONE', *, *, #860, .T. ) ;
#1349 =( NAMED_UNIT ( * ) SI_UNIT ( $, .STERADIAN. ) SOLID_ANGLE_UNIT ( ) );
#1350 = DIRECTION ( 'NONE',  ( -0.0000000000000000000, -1.000000000000000000, -0.0000000000000000000 ) ) ;
#1351 = FACE_OUTER_BOUND ( 'NONE', #629, .T. ) ;
#1352 = LINE ( 'NONE', #1917, #1936 ) ;
#1353 = ADVANCED_FACE ( 'NONE', ( #682 ), #1207, .F. ) ;
#1354 = ORIENTED_EDGE ( 'NONE', *, *, #1498, .T. ) ;
#1355 = EDGE_LOOP ( 'NONE', ( #92, #1615, #1841, #1172 ) ) ;
#1356 = EDGE_CURVE ( 'NONE', #963, #240, #1925, .T. ) ;
#1357 = DIRECTION ( 'NONE',  ( -6.123233995736769734E-17, -0.0000000000000000000, -1.000000000000000000 ) ) ;
#1358 = PRODUCT_DEFINITION ( 'UNKNOWN', '', #1333, #1324 ) ;
#1359 = CARTESIAN_POINT ( 'NONE',  ( -6.604999999999999538, -4.199999999999999289, 16.00000000000000000 ) ) ;
#1360 = ORIENTED_EDGE ( 'NONE', *, *, #2218, .T. ) ;
#1361 = DIRECTION ( 'NONE',  ( 1.000000000000000000, 0.0000000000000000000, -0.0000000000000000000 ) ) ;
#1362 = ORIENTED_EDGE ( 'NONE', *, *, #2078, .T. ) ;
#1363 = LINE ( 'NONE', #842, #725 ) ;
#1364 = CARTESIAN_POINT ( 'NONE',  ( 6.529147515028039805, -6.400000000000000355, 14.40000000000000036 ) ) ;
#1365 = ORIENTED_EDGE ( 'NONE', *, *, #185, .F. ) ;
#1366 = VERTEX_POINT ( 'NONE', #341 ) ;
#1367 = DIRECTION ( 'NONE',  ( 1.224646799147350002E-16, -1.000000000000000000, -0.0000000000000000000 ) ) ;
#1368 = AXIS2_PLACEMENT_3D ( 'NONE', #690, #876, #2141 ) ;
#1369 = ORIENTED_EDGE ( 'NONE', *, *, #2129, .F. ) ;
#1370 = ADVANCED_FACE ( 'NONE', ( #1054 ), #1768, .F. ) ;
#1371 = ADVANCED_FACE ( 'NONE', ( #7 ), #383, .F. ) ;
#1372 = VECTOR ( 'NONE', #1468, 1000.000000000000000 ) ;
#1373 = VECTOR ( 'NONE', #1424, 1000.000000000000000 ) ;
#1374 = EDGE_CURVE ( 'NONE', #2120, #2258, #1257, .T. ) ;
#1375 = CIRCLE ( 'NONE', #2136, 0.8000000000000003775 ) ;
#1376 = DIRECTION ( 'NONE',  ( -1.000000000000000000, -0.0000000000000000000, 0.0000000000000000000 ) ) ;
#1377 = ORIENTED_EDGE ( 'NONE', *, *, #642, .F. ) ;
#1378 = FACE_OUTER_BOUND ( 'NONE', #1355, .T. ) ;
#1379 = VERTEX_POINT ( 'NONE', #1089 ) ;
#1380 = CYLINDRICAL_SURFACE ( 'NONE', #1747, 1.905000000000000471 ) ;
#1381 = DIRECTION ( 'NONE',  ( 1.000000000000000000, 6.123233995736769734E-17, 0.0000000000000000000 ) ) ;
#1382 = ORIENTED_EDGE ( 'NONE', *, *, #1656, .T. ) ;
#1383 = CARTESIAN_POINT ( 'NONE',  ( -0.6606571770349469741, 0.8000000000000000444, 0.0000000000000000000 ) ) ;
#1384 = ADVANCED_FACE ( 'NONE', ( #1273 ), #531, .F. ) ;
#1385 = PLANE ( 'NONE',  #1705 ) ;
#1386 = CARTESIAN_POINT ( 'NONE',  ( -6.604999999999999538, -6.400000000000000355, 2.999999999999999112 ) ) ;
#1387 = EDGE_CURVE ( 'NONE', #2015, #468, #1977, .T. ) ;
#1388 = SURFACE_STYLE_USAGE ( .BOTH. , #623 ) ;
#1389 = CARTESIAN_POINT ( 'NONE',  ( -0.5999999999999999778, 0.8000000000000001554, 5.421010862427522170E-17 ) ) ;
#1390 = ORIENTED_EDGE ( 'NONE', *, *, #1020, .F. ) ;
#1391 = ORIENTED_EDGE ( 'NONE', *, *, #994, .F. ) ;
#1392 = CARTESIAN_POINT ( 'NONE',  ( 0.0000000000000000000, 0.0000000000000000000, 0.0000000000000000000 ) ) ;
#1393 = VERTEX_POINT ( 'NONE', #1964 ) ;
#1394 = CARTESIAN_POINT ( 'NONE',  ( 5.405000000000000249, -2.626148059256380396, 8.400000000000000355 ) ) ;
#1395 = CARTESIAN_POINT ( 'NONE',  ( 1.000000000000000000, 0.0000000000000000000, 2.494239946827289778 ) ) ;
#1396 = LINE ( 'NONE', #2307, #373 ) ;
#1397 = CARTESIAN_POINT ( 'NONE',  ( -6.604999999999999538, -6.400000000000000355, 19.00000000000000000 ) ) ;
#1398 = DIRECTION ( 'NONE',  ( 0.0000000000000000000, 0.0000000000000000000, -1.000000000000000000 ) ) ;
#1399 = ADVANCED_FACE ( 'NONE', ( #1625 ), #1420, .T. ) ;
#1400 = EDGE_CURVE ( 'NONE', #654, #1489, #196, .T. ) ;
#1401 = PLANE ( 'NONE',  #2094 ) ;
#1402 = ORIENTED_EDGE ( 'NONE', *, *, #679, .T. ) ;
#1403 = ORIENTED_EDGE ( 'NONE', *, *, #1847, .F. ) ;
#1404 = EDGE_CURVE ( 'NONE', #40, #557, #1606, .T. ) ;
#1405 = CARTESIAN_POINT ( 'NONE',  ( 6.604999999999999538, -1.199999999999999956, 19.00000000000000000 ) ) ;
#1406 = ORIENTED_EDGE ( 'NONE', *, *, #1169, .F. ) ;
#1407 = VECTOR ( 'NONE', #1163, 1000.000000000000000 ) ;
#1408 = FILL_AREA_STYLE ('',( #173 ) ) ;
#1410 = AXIS2_PLACEMENT_3D ( 'NONE', #273, #1159, #290 ) ;
#1409 = CARTESIAN_POINT ( 'NONE',  ( 5.405000000000001137, -6.400000000000000355, 19.00000000000000000 ) ) ;
#1411 = CARTESIAN_POINT ( 'NONE',  ( 5.405000000000000249, -4.199999999999998401, 15.19999999999999929 ) ) ;
#1412 = PLANE ( 'NONE',  #1069 ) ;
#1413 = CIRCLE ( 'NONE', #959, 0.5999999999999998668 ) ;
#1414 = PLANE ( 'NONE',  #922 ) ;
#1415 = EDGE_CURVE ( 'NONE', #1800, #259, #170, .T. ) ;
#1416 = AXIS2_PLACEMENT_3D ( 'NONE', #1146, #958, #1135 ) ;
#1417 = VERTEX_POINT ( 'NONE', #2158 ) ;
#1418 = DIRECTION ( 'NONE',  ( 0.0000000000000000000, -1.000000000000000000, 0.0000000000000000000 ) ) ;
#1419 = LINE ( 'NONE', #1043, #437 ) ;
#1420 = CYLINDRICAL_SURFACE ( 'NONE', #2090, 0.7999999999999999334 ) ;
#1421 = EDGE_CURVE ( 'NONE', #1417, #2242, #1589, .T. ) ;
#1422 = DIRECTION ( 'NONE',  ( 0.0000000000000000000, 0.0000000000000000000, 1.000000000000000000 ) ) ;
#1423 = ORIENTED_EDGE ( 'NONE', *, *, #1991, .T. ) ;
#1424 = DIRECTION ( 'NONE',  ( -0.0000000000000000000, -1.000000000000000000, 0.0000000000000000000 ) ) ;
#1425 = DIRECTION ( 'NONE',  ( -1.000000000000000000, -6.123233995736769734E-17, -0.0000000000000000000 ) ) ;
#1426 = LINE ( 'NONE', #1392, #580 ) ;
#1427 = CARTESIAN_POINT ( 'NONE',  ( 6.604999999999999538, -4.199999999999998401, 11.40000000000000036 ) ) ;
#1428 = DIRECTION ( 'NONE',  ( 0.0000000000000000000, -1.000000000000000000, 0.0000000000000000000 ) ) ;
#1429 = ORIENTED_EDGE ( 'NONE', *, *, #1476, .F. ) ;
#1430 = DIRECTION ( 'NONE',  ( -1.836970198721029934E-16, 1.000000000000000000, -0.0000000000000000000 ) ) ;
#1431 = EDGE_CURVE ( 'NONE', #519, #2101, #2135, .T. ) ;
#1432 = VERTEX_POINT ( 'NONE', #1456 ) ;
#1433 = LINE ( 'NONE', #535, #19 ) ;
#1434 = FACE_OUTER_BOUND ( 'NONE', #1217, .T. ) ;
#1435 = CARTESIAN_POINT ( 'NONE',  ( -2.500000000000000000, 0.8000000000000000444, 2.539167603094909964 ) ) ;
#1436 = DIRECTION ( 'NONE',  ( 0.0000000000000000000, 0.0000000000000000000, -1.000000000000000000 ) ) ;
#1437 = CARTESIAN_POINT ( 'NONE',  ( -1.000000000000000000, 0.0000000000000000000, 19.00000000000000000 ) ) ;
#1438 = ORIENTED_EDGE ( 'NONE', *, *, #1138, .F. ) ;
#1439 = CARTESIAN_POINT ( 'NONE',  ( 5.405000000000000249, 0.0000000000000000000, 19.00000000000000000 ) ) ;
#1440 = DIRECTION ( 'NONE',  ( 1.000000000000000000, 0.0000000000000000000, 0.0000000000000000000 ) ) ;
#1441 = CIRCLE ( 'NONE', #431, 0.8000000000000003775 ) ;
#1442 = VERTEX_POINT ( 'NONE', #2184 ) ;
#1443 = VECTOR ( 'NONE', #1815, 1000.000000000000000 ) ;
#1444 = DIRECTION ( 'NONE',  ( -1.000000000000000000, 0.0000000000000000000, 0.0000000000000000000 ) ) ;
#1445 = DIRECTION ( 'NONE',  ( 0.0000000000000000000, 0.0000000000000000000, 1.000000000000000000 ) ) ;
#1446 = VECTOR ( 'NONE', #85, 1000.000000000000000 ) ;
#1447 = UNCERTAINTY_MEASURE_WITH_UNIT (LENGTH_MEASURE( 1.000000000000000082E-05 ), #596, 'distance_accuracy_value', 'NONE');
#1448 = ADVANCED_FACE ( 'NONE', ( #1798 ), #558, .T. ) ;
#1449 = CARTESIAN_POINT ( 'NONE',  ( -2.500000000000000000, 0.0000000000000000000, 2.539167603094909964 ) ) ;
#1450 = AXIS2_PLACEMENT_3D ( 'NONE', #871, #1081, #1591 ) ;
#1451 = VECTOR ( 'NONE', #2272, 1000.000000000000000 ) ;
#1452 = DIRECTION ( 'NONE',  ( 0.0000000000000000000, 0.4961389383568340916, 0.8682431421244591885 ) ) ;
#1453 = ORIENTED_EDGE ( 'NONE', *, *, #1500, .T. ) ;
#1454 = VECTOR ( 'NONE', #1539, 1000.000000000000000 ) ;
#1455 = VECTOR ( 'NONE', #1232, 1000.000000000000000 ) ;
#1456 = CARTESIAN_POINT ( 'NONE',  ( -6.604999999999999538, -4.199999999999999289, 4.599999999999999645 ) ) ;
#1457 = VECTOR ( 'NONE', #199, 1000.000000000000000 ) ;
#1458 = ORIENTED_EDGE ( 'NONE', *, *, #1526, .T. ) ;
#1459 = EDGE_CURVE ( 'NONE', #816, #1473, #187, .T. ) ;
#1460 = CARTESIAN_POINT ( 'NONE',  ( 6.604999999999999538, -6.400000000000000355, 19.00000000000000000 ) ) ;
#1461 = CARTESIAN_POINT ( 'NONE',  ( 0.0000000000000000000, 0.8000000000000000444, 9.500000000000000000 ) ) ;
#1462 = DIRECTION ( 'NONE',  ( -0.0000000000000000000, 1.000000000000000000, 1.224646799147350002E-16 ) ) ;
#1463 = EDGE_CURVE ( 'NONE', #1889, #622, #1019, .T. ) ;
#1464 = CARTESIAN_POINT ( 'NONE',  ( 0.0000000000000000000, -6.400000000000000355, 19.00000000000000000 ) ) ;
#1465 = ADVANCED_FACE ( 'NONE', ( #162 ), #2085, .T. ) ;
#1466 = ORIENTED_EDGE ( 'NONE', *, *, #117, .T. ) ;
#1467 = ORIENTED_EDGE ( 'NONE', *, *, #818, .T. ) ;
#1468 = DIRECTION ( 'NONE',  ( 0.0000000000000000000, 1.000000000000000000, 0.0000000000000000000 ) ) ;
#1469 = CARTESIAN_POINT ( 'NONE',  ( -18.39500000000000313, -4.200000000000000178, 8.400000000000000355 ) ) ;
#1470 = CARTESIAN_POINT ( 'NONE',  ( 0.5999999999999999778, -0.8000000000000000444, -4.293802535041280066 ) ) ;
#1471 = FACE_OUTER_BOUND ( 'NONE', #2249, .T. ) ;
#1472 = EDGE_CURVE ( 'NONE', #1577, #519, #1546, .T. ) ;
#1473 = VERTEX_POINT ( 'NONE', #1215 ) ;
#1474 = PLANE ( 'NONE',  #2206 ) ;
#1475 = EDGE_LOOP ( 'NONE', ( #1547, #1955, #1504, #846 ) ) ;
#1476 = EDGE_CURVE ( 'NONE', #1935, #2282, #729, .T. ) ;
#1477 = ITEM_DEFINED_TRANSFORMATION ( 'NONE', 'NONE', #2210,  #1301 ) ;
#1478 = ORIENTED_EDGE ( 'NONE', *, *, #927, .F. ) ;
#1479 = DIRECTION ( 'NONE',  ( 1.000000000000000000, 0.0000000000000000000, -0.0000000000000000000 ) ) ;
#1481 = AXIS2_PLACEMENT_3D ( 'NONE', #1639, #2128, #931 ) ;
#1480 = CARTESIAN_POINT ( 'NONE',  ( -1.000000000000000000, 0.8000000000000000444, 3.499999999999999556 ) ) ;
#1482 = MECHANICAL_DESIGN_GEOMETRIC_PRESENTATION_REPRESENTATION (  '', ( #274 ), #2170 ) ;
#1483 = ORIENTED_EDGE ( 'NONE', *, *, #443, .T. ) ;
#1484 = CARTESIAN_POINT ( 'NONE',  ( 6.604999999999999538, -4.199999999999998401, 15.19999999999999929 ) ) ;
#1485 = AXIS2_PLACEMENT_3D ( 'NONE', #1945, #850, #1570 ) ;
#1486 = CIRCLE ( 'NONE', #1986, 1.905000000000000471 ) ;
#1487 = VERTEX_POINT ( 'NONE', #1243 ) ;
#1488 = VECTOR ( 'NONE', #223, 1000.000000000000000 ) ;
#1489 = VERTEX_POINT ( 'NONE', #2268 ) ;
#1490 = APPLICATION_CONTEXT ( 'automotive_design' ) ;
#1491 = CYLINDRICAL_SURFACE ( 'NONE', #1992, 0.8000000000000003775 ) ;
#1492 = LINE ( 'NONE', #438, #836 ) ;
#1493 = FACE_OUTER_BOUND ( 'NONE', #1974, .T. ) ;
#1494 = CARTESIAN_POINT ( 'NONE',  ( -18.39500000000000313, -4.200000000000000178, 10.59999999999999964 ) ) ;
#1495 = ORIENTED_EDGE ( 'NONE', *, *, #388, .T. ) ;
#1496 = SHAPE_DEFINITION_REPRESENTATION ( #595, #721 ) ;
#1497 = ORIENTED_EDGE ( 'NONE', *, *, #333, .F. ) ;
#1498 = EDGE_CURVE ( 'NONE', #259, #264, #692, .T. ) ;
#1499 = DIRECTION ( 'NONE',  ( -1.000000000000000000, 0.0000000000000000000, 6.123233995736769734E-17 ) ) ;
#1500 = EDGE_CURVE ( 'NONE', #1963, #1935, #338, .T. ) ;
#1501 = CARTESIAN_POINT ( 'NONE',  ( -5.404999999999997584, -6.400000000000000355, 4.599999999999999645 ) ) ;
#1502 = VERTEX_POINT ( 'NONE', #1389 ) ;
#1503 = ORIENTED_EDGE ( 'NONE', *, *, #1166, .T. ) ;
#1504 = ORIENTED_EDGE ( 'NONE', *, *, #1933, .T. ) ;
#1505 = CARTESIAN_POINT ( 'NONE',  ( -5.405000000000000249, -4.199999999999999289, 6.800000000000000711 ) ) ;
#1506 = LINE ( 'NONE', #979, #2173 ) ;
#1507 = FACE_OUTER_BOUND ( 'NONE', #1303, .T. ) ;
#1508 = EDGE_CURVE ( 'NONE', #433, #1739, #1038, .T. ) ;
#1509 = AXIS2_PLACEMENT_3D ( 'NONE', #1053, #166, #1418 ) ;
#1510 = ORIENTED_EDGE ( 'NONE', *, *, #965, .F. ) ;
#1511 = PLANE ( 'NONE',  #2084 ) ;
#1512 = AXIS2_PLACEMENT_3D ( 'NONE', #1427, #192, #864 ) ;
#1513 = VERTEX_POINT ( 'NONE', #636 ) ;
#1514 = VECTOR ( 'NONE', #206, 1000.000000000000000 ) ;
#1515 = ORIENTED_EDGE ( 'NONE', *, *, #908, .F. ) ;
#1516 = AXIS2_PLACEMENT_3D ( 'NONE', #358, #2177, #2152 ) ;
#1517 = ORIENTED_EDGE ( 'NONE', *, *, #2078, .F. ) ;
#1518 = AXIS2_PLACEMENT_3D ( 'NONE', #1280, #2154, #2190 ) ;
#1519 = FACE_OUTER_BOUND ( 'NONE', #1778, .T. ) ;
#1520 = VECTOR ( 'NONE', #95, 1000.000000000000000 ) ;
#1521 = ADVANCED_FACE ( 'NONE', ( #297 ), #843, .T. ) ;
#1522 = DIRECTION ( 'NONE',  ( -0.0000000000000000000, -1.000000000000000000, -0.0000000000000000000 ) ) ;
#1523 = CARTESIAN_POINT ( 'NONE',  ( -4.041334437186249856E-17, 0.0000000000000000000, 15.23499999999999943 ) ) ;
#1524 = ORIENTED_EDGE ( 'NONE', *, *, #1197, .F. ) ;
#1525 = CARTESIAN_POINT ( 'NONE',  ( -0.5999999999999999778, 0.0000000000000000000, -1.612451549659710048 ) ) ;
#1526 = EDGE_CURVE ( 'NONE', #1254, #354, #494, .T. ) ;
#1527 = ORIENTED_EDGE ( 'NONE', *, *, #1712, .F. ) ;
#1528 = ORIENTED_EDGE ( 'NONE', *, *, #1792, .T. ) ;
#1529 = CARTESIAN_POINT ( 'NONE',  ( -1.000000000000000000, 0.8000000000000000444, 2.494239946827289778 ) ) ;
#1530 = ORIENTED_EDGE ( 'NONE', *, *, #1283, .T. ) ;
#1531 = DIRECTION ( 'NONE',  ( 1.836970198721029934E-16, -1.000000000000000000, 0.0000000000000000000 ) ) ;
#1532 = LINE ( 'NONE', #292, #48 ) ;
#1533 = DIRECTION ( 'NONE',  ( -1.000000000000000000, -0.0000000000000000000, 0.0000000000000000000 ) ) ;
#1534 = ORIENTED_EDGE ( 'NONE', *, *, #1919, .T. ) ;
#1535 = EDGE_CURVE ( 'NONE', #2127, #911, #1754, .T. ) ;
#1536 = ORIENTED_EDGE ( 'NONE', *, *, #188, .F. ) ;
#1537 = ORIENTED_EDGE ( 'NONE', *, *, #1933, .F. ) ;
#1538 = CARTESIAN_POINT ( 'NONE',  ( -5.404999999999998472, -6.400000000000000355, 19.00000000000000000 ) ) ;
#1539 = DIRECTION ( 'NONE',  ( -1.000000000000000000, -0.0000000000000000000, 0.0000000000000000000 ) ) ;
#1540 = EDGE_CURVE ( 'NONE', #442, #1567, #110, .T. ) ;
#1541 = VERTEX_POINT ( 'NONE', #2311 ) ;
#1542 = CARTESIAN_POINT ( 'NONE',  ( 5.405000000000000249, -2.626148059256380396, 4.599999999999999645 ) ) ;
#1543 = CARTESIAN_POINT ( 'NONE',  ( -5.405000000000000249, -4.199999999999999289, 14.40000000000000036 ) ) ;
#1544 = ORIENTED_EDGE ( 'NONE', *, *, #2203, .F. ) ;
#1545 = CARTESIAN_POINT ( 'NONE',  ( -18.39500000000000313, -4.200000000000000178, 16.00000000000000000 ) ) ;
#1546 = LINE ( 'NONE', #1727, #1455 ) ;
#1547 = ORIENTED_EDGE ( 'NONE', *, *, #1809, .T. ) ;
#1548 = ORIENTED_EDGE ( 'NONE', *, *, #2200, .T. ) ;
#1549 = VECTOR ( 'NONE', #964, 1000.000000000000000 ) ;
#1550 = DIRECTION ( 'NONE',  ( -1.000000000000000000, -6.123233995736769734E-17, -0.0000000000000000000 ) ) ;
#1551 = AXIS2_PLACEMENT_3D ( 'NONE', #1470, #1462, #244 ) ;
#1552 = DIRECTION ( 'NONE',  ( 0.0000000000000000000, 0.0000000000000000000, 1.000000000000000000 ) ) ;
#1553 = ORIENTED_EDGE ( 'NONE', *, *, #1112, .F. ) ;
#1554 = COLOUR_RGB ( '',0.7921568627450980005, 0.8196078431372548767, 0.9333333333333333481 ) ;
#1555 = VECTOR ( 'NONE', #82, 1000.000000000000000 ) ;
#1556 = ADVANCED_FACE ( 'NONE', ( #2281 ), #678, .F. ) ;
#1557 = FACE_OUTER_BOUND ( 'NONE', #1648, .T. ) ;
#1558 = CARTESIAN_POINT ( 'NONE',  ( 0.3757136719258740154, 0.8000000000000000444, 3.500000000000000000 ) ) ;
#1559 = CARTESIAN_POINT ( 'NONE',  ( -6.604999999999999538, -4.199999999999999289, 11.40000000000000036 ) ) ;
#1560 = ORIENTED_EDGE ( 'NONE', *, *, #1818, .F. ) ;
#1561 = VECTOR ( 'NONE', #989, 1000.000000000000000 ) ;
#1562 =( LENGTH_UNIT ( ) NAMED_UNIT ( * ) SI_UNIT ( .MILLI., .METRE. ) );
#1563 = CARTESIAN_POINT ( 'NONE',  ( -2.500000000000000444, 0.8000000000000000444, 4.999999999999999112 ) ) ;
#1564 = ORIENTED_EDGE ( 'NONE', *, *, #129, .F. ) ;
#1565 = ORIENTED_EDGE ( 'NONE', *, *, #26, .F. ) ;
#1566 = CARTESIAN_POINT ( 'NONE',  ( 0.5999999999999999778, 4.065758146820625604E-17, 6.481495005149361758E-34 ) ) ;
#1567 = VERTEX_POINT ( 'NONE', #1563 ) ;
#1568 = FILL_AREA_STYLE_COLOUR ( '', #436 ) ;
#1569 = EDGE_CURVE ( 'NONE', #473, #2227, #2298, .T. ) ;
#1570 = DIRECTION ( 'NONE',  ( 1.000000000000000000, 0.0000000000000000000, 2.065817747765420063E-16 ) ) ;
#1571 = LINE ( 'NONE', #335, #1520 ) ;
#1572 = LINE ( 'NONE', #1035, #1786 ) ;
#1573 = ADVANCED_FACE ( 'NONE', ( #1378 ), #1401, .F. ) ;
#1574 = CARTESIAN_POINT ( 'NONE',  ( -0.04477310149059079980, 0.0000000000000000000, 5.000000000000000000 ) ) ;
#1575 = DIRECTION ( 'NONE',  ( -1.000000000000000000, 0.0000000000000000000, -0.0000000000000000000 ) ) ;
#1576 = ORIENTED_EDGE ( 'NONE', *, *, #129, .T. ) ;
#1577 = VERTEX_POINT ( 'NONE', #1586 ) ;
#1578 = CARTESIAN_POINT ( 'NONE',  ( -18.39500000000000313, -4.278147406689820187, 8.400000000000000355 ) ) ;
#1579 = CARTESIAN_POINT ( 'NONE',  ( -6.604999999999999538, -4.199999999999999289, 12.20000000000000107 ) ) ;
#1580 = ORIENTED_EDGE ( 'NONE', *, *, #188, .T. ) ;
#1581 = CARTESIAN_POINT ( 'NONE',  ( 6.604999999999999538, -6.400000000000000355, 14.40000000000000213 ) ) ;
#1582 = LINE ( 'NONE', #1395, #1861 ) ;
#1583 = CARTESIAN_POINT ( 'NONE',  ( 1.000000000000000000, 0.8000000000000000444, 9.500000000000000000 ) ) ;
#1584 = DIRECTION ( 'NONE',  ( 0.0000000000000000000, 0.0000000000000000000, -1.000000000000000000 ) ) ;
#1585 = PLANE ( 'NONE',  #1263 ) ;
#1586 = CARTESIAN_POINT ( 'NONE',  ( 6.604999999999999538, -6.400000000000000355, 0.0000000000000000000 ) ) ;
#1587 = ADVANCED_FACE ( 'NONE', ( #2322 ), #1414, .F. ) ;
#1588 = ORIENTED_EDGE ( 'NONE', *, *, #2001, .F. ) ;
#1589 = LINE ( 'NONE', #368, #797 ) ;
#1590 = AXIS2_PLACEMENT_3D ( 'NONE', #1282, #739, #184 ) ;
#1591 = DIRECTION ( 'NONE',  ( 1.000000000000000000, 0.0000000000000000000, 0.0000000000000000000 ) ) ;
#1593 = AXIS2_PLACEMENT_3D ( 'NONE', #1749, #1761, #1771 ) ;
#1592 = FACE_OUTER_BOUND ( 'NONE', #2042, .T. ) ;
#1594 = LINE ( 'NONE', #1958, #1665 ) ;
#1595 = MECHANICAL_DESIGN_GEOMETRIC_PRESENTATION_REPRESENTATION (  '', ( #2134 ), #2286 ) ;
#1596 = PLANE ( 'NONE',  #1270 ) ;
#1597 = EDGE_CURVE ( 'NONE', #983, #2068, #736, .T. ) ;
#1598 = DIRECTION ( 'NONE',  ( 4.898587196589409870E-16, 0.0000000000000000000, -1.000000000000000000 ) ) ;
#1599 = AXIS2_PLACEMENT_3D ( 'NONE', #1202, #1189, #1950 ) ;
#1600 = CARTESIAN_POINT ( 'NONE',  ( 0.0000000000000000000, 0.8000000000000000444, 5.000000000000000000 ) ) ;
#1601 = EDGE_CURVE ( 'NONE', #1366, #473, #397, .T. ) ;
#1602 = ORIENTED_EDGE ( 'NONE', *, *, #2027, .F. ) ;
#1603 = DIRECTION ( 'NONE',  ( -1.000000000000000000, 0.0000000000000000000, -0.0000000000000000000 ) ) ;
#1604 = PRODUCT_DEFINITION ( 'UNKNOWN', '', #608, #1288 ) ;
#1605 = DIRECTION ( 'NONE',  ( 0.0000000000000000000, 0.0000000000000000000, -1.000000000000000000 ) ) ;
#1606 = LINE ( 'NONE', #2004, #213 ) ;
#1607 = SURFACE_SIDE_STYLE ('',( #2171 ) ) ;
#1608 = ORIENTED_EDGE ( 'NONE', *, *, #211, .F. ) ;
#1609 = CARTESIAN_POINT ( 'NONE',  ( 0.3757136719258730162, 0.8000000000000000444, 1.500000000000000000 ) ) ;
#1610 = DIRECTION ( 'NONE',  ( 0.0000000000000000000, -0.0000000000000000000, 1.000000000000000000 ) ) ;
#1611 = APPLICATION_CONTEXT ( 'automotive_design' ) ;
#1612 = LINE ( 'NONE', #1068, #546 ) ;
#1613 = CARTESIAN_POINT ( 'NONE',  ( -18.39500000000000313, -4.256402072310449647, 12.20000000000000107 ) ) ;
#1614 = EDGE_LOOP ( 'NONE', ( #2082, #1892, #1458, #2117 ) ) ;
#1615 = ORIENTED_EDGE ( 'NONE', *, *, #1060, .F. ) ;
#1616 = EDGE_CURVE ( 'NONE', #820, #2258, #1944, .T. ) ;
#1617 = ADVANCED_FACE ( 'NONE', ( #711 ), #361, .T. ) ;
#1618 = VERTEX_POINT ( 'NONE', #539 ) ;
#1619 = CARTESIAN_POINT ( 'NONE',  ( 1.000000000000000000, 0.8000000000000000444, 3.499999999999999556 ) ) ;
#1620 = CARTESIAN_POINT ( 'NONE',  ( 0.5999999999999999778, -0.8000000000000000444, -1.612451549659709826 ) ) ;
#1621 = DIRECTION ( 'NONE',  ( 0.0000000000000000000, 0.0000000000000000000, -1.000000000000000000 ) ) ;
#1622 = DIRECTION ( 'NONE',  ( 1.000000000000000000, 6.123233995736769734E-17, 0.0000000000000000000 ) ) ;
#1623 = ORIENTED_EDGE ( 'NONE', *, *, #249, .T. ) ;
#1624 = PLANE ( 'NONE',  #1027 ) ;
#1625 = FACE_OUTER_BOUND ( 'NONE', #15, .T. ) ;
#1626 = ADVANCED_FACE ( 'NONE', ( #572 ), #1073, .F. ) ;
#1627 = CARTESIAN_POINT ( 'NONE',  ( 0.0000000000000000000, 0.0000000000000000000, 0.0000000000000000000 ) ) ;
#1628 = ORIENTED_EDGE ( 'NONE', *, *, #615, .F. ) ;
#1629 = VECTOR ( 'NONE', #1655, 1000.000000000000000 ) ;
#1630 = CARTESIAN_POINT ( 'NONE',  ( -6.604999999999999538, -6.400000000000000355, 4.599999999999999645 ) ) ;
#1631 = DIRECTION ( 'NONE',  ( 1.000000000000000000, 0.0000000000000000000, -0.0000000000000000000 ) ) ;
#1632 = VECTOR ( 'NONE', #708, 1000.000000000000000 ) ;
#1633 = LINE ( 'NONE', #1137, #688 ) ;
#1634 = PRESENTATION_LAYER_ASSIGNMENT (  '', '', ( #1144 ) ) ;
#1635 = VECTOR ( 'NONE', #2188, 1000.000000000000000 ) ;
#1636 = CARTESIAN_POINT ( 'NONE',  ( -0.5999999999999999778, 0.0000000000000000000, -5.400000000000000355 ) ) ;
#1637 = ORIENTED_EDGE ( 'NONE', *, *, #2321, .F. ) ;
#1638 = VECTOR ( 'NONE', #1738, 1000.000000000000000 ) ;
#1639 = CARTESIAN_POINT ( 'NONE',  ( -5.405000000000000249, -4.199999999999999289, 15.19999999999999929 ) ) ;
#1640 = VECTOR ( 'NONE', #812, 1000.000000000000000 ) ;
#1641 = ORIENTED_EDGE ( 'NONE', *, *, #1873, .T. ) ;
#1642 = EDGE_CURVE ( 'NONE', #1567, #433, #4, .T. ) ;
#1643 = PLANE ( 'NONE',  #614 ) ;
#1644 = CARTESIAN_POINT ( 'NONE',  ( -4.041334437186249856E-17, -1.200000000000000178, 13.33000000000000007 ) ) ;
#1645 = DIRECTION ( 'NONE',  ( 0.0000000000000000000, -1.000000000000000000, 0.0000000000000000000 ) ) ;
#1646 = CARTESIAN_POINT ( 'NONE',  ( 0.5999999999999999778, -0.07797392666454290577, -0.1364543716629499914 ) ) ;
#1647 = EDGE_CURVE ( 'NONE', #1701, #856, #193, .T. ) ;
#1648 = EDGE_LOOP ( 'NONE', ( #787, #1708, #1864, #2213 ) ) ;
#1649 = CARTESIAN_POINT ( 'NONE',  ( -5.405000000000000249, 1.503851940743619942, 8.400000000000000355 ) ) ;
#1650 = VERTEX_POINT ( 'NONE', #2335 ) ;
#1651 = ORIENTED_EDGE ( 'NONE', *, *, #1020, .T. ) ;
#1652 = DIRECTION ( 'NONE',  ( 0.0000000000000000000, 0.0000000000000000000, 1.000000000000000000 ) ) ;
#1653 = CARTESIAN_POINT ( 'NONE',  ( -5.405000000000000249, 1.503851940743619942, 10.59999999999999964 ) ) ;
#1654 = ORIENTED_EDGE ( 'NONE', *, *, #1431, .F. ) ;
#1655 = DIRECTION ( 'NONE',  ( -0.0000000000000000000, 1.224646799147350002E-16, -1.000000000000000000 ) ) ;
#1656 = EDGE_CURVE ( 'NONE', #1233, #2143, #563, .T. ) ;
#1657 = ORIENTED_EDGE ( 'NONE', *, *, #1500, .F. ) ;
#1658 = CARTESIAN_POINT ( 'NONE',  ( -0.5999999999999999778, -6.776263578034402713E-18, -6.776263578034402713E-18 ) ) ;
#1659 = CARTESIAN_POINT ( 'NONE',  ( -18.39500000000000313, -4.200000000000000178, 12.20000000000000107 ) ) ;
#1660 = SURFACE_STYLE_USAGE ( .BOTH. , #948 ) ;
#1661 = ADVANCED_BREP_SHAPE_REPRESENTATION ( '', ( #1783, #1301 ), #796 ) ;
#1662 = CIRCLE ( 'NONE', #1512, 0.8000000000000003775 ) ;
#1663 = ORIENTED_EDGE ( 'NONE', *, *, #1203, .F. ) ;
#1664 = DIRECTION ( 'NONE',  ( -1.000000000000000000, -6.123233995736769734E-17, -0.0000000000000000000 ) ) ;
#1665 = VECTOR ( 'NONE', #1261, 1000.000000000000000 ) ;
#1666 = VECTOR ( 'NONE', #1367, 1000.000000000000000 ) ;
#1667 = EDGE_CURVE ( 'NONE', #473, #1689, #35, .T. ) ;
#1668 = PRODUCT_DEFINITION_FORMATION_WITH_SPECIFIED_SOURCE ( 'ANY', '', #631, .NOT_KNOWN. ) ;
#1669 = CIRCLE ( 'NONE', #1516, 1.905000000000000471 ) ;
#1670 = ORIENTED_EDGE ( 'NONE', *, *, #2271, .F. ) ;
#1671 = VECTOR ( 'NONE', #471, 1000.000000000000000 ) ;
#1672 = PRODUCT_CONTEXT ( 'NONE', #1978, 'mechanical' ) ;
#1673 = ADVANCED_FACE ( 'NONE', ( #182, #1297 ), #2180, .F. ) ;
#1674 = VECTOR ( 'NONE', #32, 1000.000000000000000 ) ;
#1675 = ORIENTED_EDGE ( 'NONE', *, *, #1642, .F. ) ;
#1676 = DIRECTION ( 'NONE',  ( 1.836970198721029934E-16, -1.000000000000000000, 0.0000000000000000000 ) ) ;
#1677 = UNCERTAINTY_MEASURE_WITH_UNIT (LENGTH_MEASURE( 1.000000000000000082E-05 ), #630, 'distance_accuracy_value', 'NONE');
#1678 = CARTESIAN_POINT ( 'NONE',  ( -2.499999999999999556, 0.8000000000000000444, 0.0000000000000000000 ) ) ;
#1679 = CARTESIAN_POINT ( 'NONE',  ( 0.0000000000000000000, -0.8000000000000000444, -5.400000000000000355 ) ) ;
#1680 = ORIENTED_EDGE ( 'NONE', *, *, #1833, .F. ) ;
#1681 = VERTEX_POINT ( 'NONE', #1107 ) ;
#1682 = VERTEX_POINT ( 'NONE', #1636 ) ;
#1683 = VERTEX_POINT ( 'NONE', #1289 ) ;
#1684 = EDGE_CURVE ( 'NONE', #240, #1254, #29, .T. ) ;
#1685 = CARTESIAN_POINT ( 'NONE',  ( 1.000000000000000000, 0.0000000000000000000, 19.00000000000000000 ) ) ;
#1686 = DIRECTION ( 'NONE',  ( 6.123233995736769734E-17, -1.000000000000000000, -0.0000000000000000000 ) ) ;
#1687 = CARTESIAN_POINT ( 'NONE',  ( -5.404999999999999361, -6.400000000000000355, 19.00000000000000000 ) ) ;
#1688 = DIRECTION ( 'NONE',  ( -0.0000000000000000000, -0.0000000000000000000, -1.000000000000000000 ) ) ;
#1689 = VERTEX_POINT ( 'NONE', #1828 ) ;
#1690 = PRODUCT_DEFINITION_SHAPE ( 'NONE', 'NONE',  #1604 ) ;
#1691 = ORIENTED_EDGE ( 'NONE', *, *, #98, .F. ) ;
#1692 = VERTEX_POINT ( 'NONE', #1804 ) ;
#1693 = CARTESIAN_POINT ( 'NONE',  ( -18.39500000000000313, -4.200000000000000178, 3.799999999999999822 ) ) ;
#1694 = ADVANCED_FACE ( 'NONE', ( #1471 ), #2021, .F. ) ;
#1695 = VERTEX_POINT ( 'NONE', #904 ) ;
#1696 = DIRECTION ( 'NONE',  ( -1.224646799147350002E-16, 1.000000000000000000, 0.0000000000000000000 ) ) ;
#1697 = EDGE_CURVE ( 'NONE', #523, #1320, #1375, .T. ) ;
#1698 = LINE ( 'NONE', #346, #726 ) ;
#1699 = CARTESIAN_POINT ( 'NONE',  ( -6.604999999999999538, -1.002176271528629981, 2.999999999999999112 ) ) ;
#1700 = CIRCLE ( 'NONE', #1176, 0.7999999999999999334 ) ;
#1701 = VERTEX_POINT ( 'NONE', #14 ) ;
#1702 = DIRECTION ( 'NONE',  ( -0.0000000000000000000, -0.0000000000000000000, -1.000000000000000000 ) ) ;
#1703 = VECTOR ( 'NONE', #765, 1000.000000000000000 ) ;
#1704 = VERTEX_POINT ( 'NONE', #745 ) ;
#1705 = AXIS2_PLACEMENT_3D ( 'NONE', #1339, #2110, #1879 ) ;
#1706 = ORIENTED_EDGE ( 'NONE', *, *, #298, .F. ) ;
#1707 = VECTOR ( 'NONE', #571, 1000.000000000000000 ) ;
#1708 = ORIENTED_EDGE ( 'NONE', *, *, #1309, .T. ) ;
#1709 = VECTOR ( 'NONE', #855, 1000.000000000000000 ) ;
#1710 = LINE ( 'NONE', #1181, #1867 ) ;
#1711 = AXIS2_PLACEMENT_3D ( 'NONE', #946, #417, #68 ) ;
#1712 = EDGE_CURVE ( 'NONE', #1739, #1063, #1121, .T. ) ;
#1713 = DIRECTION ( 'NONE',  ( 0.0000000000000000000, 1.000000000000000000, -0.0000000000000000000 ) ) ;
#1714 = CARTESIAN_POINT ( 'NONE',  ( 1.000000000000000000, 0.0000000000000000000, 3.499999999999999556 ) ) ;
#1715 = ORIENTED_EDGE ( 'NONE', *, *, #894, .T. ) ;
#1716 = CARTESIAN_POINT ( 'NONE',  ( 6.604999999999999538, -6.400000000000000355, 19.00000000000000000 ) ) ;
#1717 = VERTEX_POINT ( 'NONE', #1501 ) ;
#1718 = ORIENTED_EDGE ( 'NONE', *, *, #211, .T. ) ;
#1719 = CARTESIAN_POINT ( 'NONE',  ( -5.404999999999997584, -6.400000000000000355, 14.40000000000000213 ) ) ;
#1720 = DIRECTION ( 'NONE',  ( 0.0000000000000000000, 0.0000000000000000000, -1.000000000000000000 ) ) ;
#1721 = VERTEX_POINT ( 'NONE', #1687 ) ;
#1722 = DIRECTION ( 'NONE',  ( 6.123233995736769734E-17, -1.000000000000000000, -0.0000000000000000000 ) ) ;
#1723 = CARTESIAN_POINT ( 'NONE',  ( 5.405000000000000249, -6.400000000000000355, 0.0000000000000000000 ) ) ;
#1724 = ORIENTED_EDGE ( 'NONE', *, *, #877, .T. ) ;
#1725 = DIRECTION ( 'NONE',  ( -0.0000000000000000000, -1.000000000000000000, -0.0000000000000000000 ) ) ;
#1726 = APPLICATION_CONTEXT ( 'automotive_design' ) ;
#1727 = CARTESIAN_POINT ( 'NONE',  ( 6.604999999999999538, -3.200000000000000178, 0.0000000000000000000 ) ) ;
#1728 = ORIENTED_EDGE ( 'NONE', *, *, #481, .F. ) ;
#1729 = ORIENTED_EDGE ( 'NONE', *, *, #1415, .F. ) ;
#1730 = ADVANCED_FACE ( 'NONE', ( #1507 ), #71, .F. ) ;
#1731 = FACE_OUTER_BOUND ( 'NONE', #1332, .T. ) ;
#1732 = VERTEX_POINT ( 'NONE', #1150 ) ;
#1733 = DIRECTION ( 'NONE',  ( 0.0000000000000000000, 0.0000000000000000000, 1.000000000000000000 ) ) ;
#1734 = CARTESIAN_POINT ( 'NONE',  ( -5.405000000000000249, 0.0000000000000000000, 0.0000000000000000000 ) ) ;
#1735 = LINE ( 'NONE', #632, #2181 ) ;
#1736 = ORIENTED_EDGE ( 'NONE', *, *, #1279, .T. ) ;
#1737 = LINE ( 'NONE', #123, #464 ) ;
#1738 = DIRECTION ( 'NONE',  ( -0.0000000000000000000, -0.0000000000000000000, -1.000000000000000000 ) ) ;
#1739 = VERTEX_POINT ( 'NONE', #62 ) ;
#1740 = ORIENTED_EDGE ( 'NONE', *, *, #1817, .F. ) ;
#1741 = VECTOR ( 'NONE', #225, 1000.000000000000000 ) ;
#1742 = EDGE_CURVE ( 'NONE', #2116, #1852, #548, .T. ) ;
#1743 = LINE ( 'NONE', #1937, #1300 ) ;
#1744 = EDGE_CURVE ( 'NONE', #1162, #2315, #1413, .T. ) ;
#1745 = DIRECTION ( 'NONE',  ( -1.000000000000000000, 0.0000000000000000000, -0.0000000000000000000 ) ) ;
#1746 = ORIENTED_EDGE ( 'NONE', *, *, #737, .F. ) ;
#1747 = AXIS2_PLACEMENT_3D ( 'NONE', #1177, #2075, #2260 ) ;
#1748 = ADVANCED_FACE ( 'NONE', ( #1327, #2239, #786 ), #1856, .T. ) ;
#1749 = CARTESIAN_POINT ( 'NONE',  ( 6.529147515028039805, -6.400000000000000355, 19.00000000000000000 ) ) ;
#1750 = VECTOR ( 'NONE', #1794, 1000.000000000000000 ) ;
#1751 = LINE ( 'NONE', #139, #1946 ) ;
#1752 = LINE ( 'NONE', #1059, #1180 ) ;
#1753 = LINE ( 'NONE', #321, #400 ) ;
#1754 = LINE ( 'NONE', #323, #696 ) ;
#1755 = ORIENTED_EDGE ( 'NONE', *, *, #2220, .T. ) ;
#1756 = VERTEX_POINT ( 'NONE', #776 ) ;
#1757 = FACE_OUTER_BOUND ( 'NONE', #2205, .T. ) ;
#1758 = CARTESIAN_POINT ( 'NONE',  ( -5.785541957020760684, -6.400000000000000355, 0.0000000000000000000 ) ) ;
#1759 = ORIENTED_EDGE ( 'NONE', *, *, #152, .T. ) ;
#1760 = LINE ( 'NONE', #1542, #1561 ) ;
#1761 = DIRECTION ( 'NONE',  ( 0.0000000000000000000, 1.000000000000000000, 0.0000000000000000000 ) ) ;
#1762 = EDGE_CURVE ( 'NONE', #1650, #171, #611, .T. ) ;
#1763 = CARTESIAN_POINT ( 'NONE',  ( -18.39500000000000313, -4.200000000000000178, 11.40000000000000036 ) ) ;
#1764 = FACE_OUTER_BOUND ( 'NONE', #667, .T. ) ;
#1765 = PLANE ( 'NONE',  #1368 ) ;
#1766 = DIRECTION ( 'NONE',  ( 1.000000000000000000, 0.0000000000000000000, -0.0000000000000000000 ) ) ;
#1767 = ORIENTED_EDGE ( 'NONE', *, *, #1074, .F. ) ;
#1768 = PLANE ( 'NONE',  #1037 ) ;
#1769 = EDGE_LOOP ( 'NONE', ( #782, #2278, #597, #258 ) ) ;
#1770 = EDGE_CURVE ( 'NONE', #930, #1442, #1870, .T. ) ;
#1771 = DIRECTION ( 'NONE',  ( 0.0000000000000000000, -0.0000000000000000000, 1.000000000000000000 ) ) ;
#1772 = EDGE_CURVE ( 'NONE', #1487, #52, #2214, .T. ) ;
#1773 = CARTESIAN_POINT ( 'NONE',  ( -18.39500000000000313, -6.400000000000000355, 3.000000000000000000 ) ) ;
#1774 = PLANE ( 'NONE',  #761 ) ;
#1775 = CARTESIAN_POINT ( 'NONE',  ( 5.405000000000000249, -1.200000000000000178, 0.0000000000000000000 ) ) ;
#1776 = DIRECTION ( 'NONE',  ( 1.000000000000000000, 0.0000000000000000000, -0.0000000000000000000 ) ) ;
#1777 = ORIENTED_EDGE ( 'NONE', *, *, #1138, .T. ) ;
#1778 = EDGE_LOOP ( 'NONE', ( #230, #1402, #2323, #1908 ) ) ;
#1779 = DIRECTION ( 'NONE',  ( -0.0000000000000000000, -1.000000000000000000, -0.0000000000000000000 ) ) ;
#1780 = VECTOR ( 'NONE', #2192, 1000.000000000000000 ) ;
#1781 = ORIENTED_EDGE ( 'NONE', *, *, #1770, .F. ) ;
#1782 = CIRCLE ( 'NONE', #758, 0.7999999999999999334 ) ;
#1783 = MANIFOLD_SOLID_BREP ( 'Imported1', #362 ) ;
#1784 = ORIENTED_EDGE ( 'NONE', *, *, #1112, .T. ) ;
#1785 = AXIS2_PLACEMENT_3D ( 'NONE', #1763, #1103, #159 ) ;
#1787 = CARTESIAN_POINT ( 'NONE',  ( 6.604999999999999538, -4.132176271528630096, 14.40000000000000036 ) ) ;
#1786 = VECTOR ( 'NONE', #2308, 1000.000000000000000 ) ;
#1788 = LINE ( 'NONE', #1801, #219 ) ;
#1789 = VECTOR ( 'NONE', #1631, 1000.000000000000000 ) ;
#1790 = DIRECTION ( 'NONE',  ( -0.0000000000000000000, -1.000000000000000000, -0.0000000000000000000 ) ) ;
#1791 = DIRECTION ( 'NONE',  ( -0.0000000000000000000, -0.0000000000000000000, -1.000000000000000000 ) ) ;
#1792 = EDGE_CURVE ( 'NONE', #2216, #1011, #1880, .T. ) ;
#1793 = VECTOR ( 'NONE', #1350, 1000.000000000000000 ) ;
#1794 = DIRECTION ( 'NONE',  ( 1.000000000000000000, -0.0000000000000000000, 0.0000000000000000000 ) ) ;
#1795 = ORIENTED_EDGE ( 'NONE', *, *, #111, .T. ) ;
#1796 = CARTESIAN_POINT ( 'NONE',  ( -18.39500000000000313, -4.266024613566700374, 4.599999999999999645 ) ) ;
#1797 = ADVANCED_FACE ( 'NONE', ( #1493 ), #2031, .F. ) ;
#1798 = FACE_OUTER_BOUND ( 'NONE', #968, .T. ) ;
#1799 = SHAPE_REPRESENTATION ( 'User Library-D01PA', ( #405, #2210, #1450 ), #956 ) ;
#1800 = VERTEX_POINT ( 'NONE', #50 ) ;
#1801 = CARTESIAN_POINT ( 'NONE',  ( -18.39500000000000313, -4.200000000000000178, 4.599999999999999645 ) ) ;
#1802 = LINE ( 'NONE', #1094, #87 ) ;
#1803 = LINE ( 'NONE', #720, #320 ) ;
#1804 = CARTESIAN_POINT ( 'NONE',  ( -1.000000000000000000, 0.8000000000000000444, 3.499999999999999556 ) ) ;
#1805 = EDGE_CURVE ( 'NONE', #2227, #107, #1139, .T. ) ;
#1806 = ORIENTED_EDGE ( 'NONE', *, *, #564, .T. ) ;
#1807 = LINE ( 'NONE', #195, #1443 ) ;
#1808 = DIRECTION ( 'NONE',  ( -1.000000000000000000, 0.0000000000000000000, 0.0000000000000000000 ) ) ;
#1809 = EDGE_CURVE ( 'NONE', #1320, #1941, #318, .T. ) ;
#1810 = EDGE_LOOP ( 'NONE', ( #1342, #707, #246, #1921 ) ) ;
#1811 = CARTESIAN_POINT ( 'NONE',  ( 0.5999999999999999778, -0.7999999999999999334, -5.400000000000000355 ) ) ;
#1812 = CARTESIAN_POINT ( 'NONE',  ( -1.000000000000000000, 0.0000000000000000000, 1.500000000000000000 ) ) ;
#1813 = DIRECTION ( 'NONE',  ( -0.0000000000000000000, -0.0000000000000000000, -1.000000000000000000 ) ) ;
#1814 = ORIENTED_EDGE ( 'NONE', *, *, #1918, .T. ) ;
#1815 = DIRECTION ( 'NONE',  ( -1.000000000000000000, 0.0000000000000000000, -0.0000000000000000000 ) ) ;
#1816 = CARTESIAN_POINT ( 'NONE',  ( 6.529147515028039805, -6.400000000000000355, 6.800000000000000711 ) ) ;
#1817 = EDGE_CURVE ( 'NONE', #240, #499, #2264, .T. ) ;
#1818 = EDGE_CURVE ( 'NONE', #845, #1889, #645, .T. ) ;
#1819 = ORIENTED_EDGE ( 'NONE', *, *, #1056, .F. ) ;
#1820 = EDGE_CURVE ( 'NONE', #1704, #351, #150, .T. ) ;
#1821 = FACE_OUTER_BOUND ( 'NONE', #1186, .T. ) ;
#1822 = DIRECTION ( 'NONE',  ( 1.000000000000000000, -0.0000000000000000000, 4.898587196589409870E-16 ) ) ;
#1823 = AXIS2_PLACEMENT_3D ( 'NONE', #853, #1584, #840 ) ;
#1824 = PRODUCT_DEFINITION_CONTEXT ( 'detailed design', #1490, 'design' ) ;
#1825 = CARTESIAN_POINT ( 'NONE',  ( 0.3757136719258730162, 0.0000000000000000000, 1.500000000000000000 ) ) ;
#1826 = VECTOR ( 'NONE', #1002, 1000.000000000000000 ) ;
#1827 = AXIS2_PLACEMENT_3D ( 'NONE', #1435, #1822, #537 ) ;
#1828 = CARTESIAN_POINT ( 'NONE',  ( 5.405000000000001137, -6.400000000000000355, 12.20000000000000107 ) ) ;
#1829 = ORIENTED_EDGE ( 'NONE', *, *, #1762, .F. ) ;
#1830 = CARTESIAN_POINT ( 'NONE',  ( 6.604999999999999538, -6.400000000000000355, 12.20000000000000107 ) ) ;
#1831 = VECTOR ( 'NONE', #1902, 1000.000000000000000 ) ;
#1832 = EDGE_LOOP ( 'NONE', ( #1168, #605, #1814, #617 ) ) ;
#1833 = EDGE_CURVE ( 'NONE', #1682, #393, #365, .T. ) ;
#1834 = EDGE_CURVE ( 'NONE', #300, #1165, #1735, .T. ) ;
#1835 = ORIENTED_EDGE ( 'NONE', *, *, #1792, .F. ) ;
#1836 = CARTESIAN_POINT ( 'NONE',  ( 0.0000000000000000000, 0.0000000000000000000, 19.00000000000000000 ) ) ;
#1837 = DIRECTION ( 'NONE',  ( 0.0000000000000000000, 0.0000000000000000000, -1.000000000000000000 ) ) ;
#1838 = EDGE_CURVE ( 'NONE', #97, #2065, #479, .T. ) ;
#1839 = DIRECTION ( 'NONE',  ( 0.0000000000000000000, -1.000000000000000000, -0.0000000000000000000 ) ) ;
#1840 = DIRECTION ( 'NONE',  ( 0.0000000000000000000, 0.8682431421244591885, -0.4961389383568340916 ) ) ;
#1841 = ORIENTED_EDGE ( 'NONE', *, *, #426, .F. ) ;
#1842 = CARTESIAN_POINT ( 'NONE',  ( 6.604999999999999538, -6.400000000000000355, 2.999999999999999112 ) ) ;
#1843 = ORIENTED_EDGE ( 'NONE', *, *, #1805, .T. ) ;
#1844 = ORIENTED_EDGE ( 'NONE', *, *, #1142, .T. ) ;
#1845 = CARTESIAN_POINT ( 'NONE',  ( -5.405000000000000249, 0.0000000000000000000, 19.00000000000000000 ) ) ;
#1846 = DIRECTION ( 'NONE',  ( 0.0000000000000000000, -0.0000000000000000000, 1.000000000000000000 ) ) ;
#1847 = EDGE_CURVE ( 'NONE', #845, #2086, #992, .T. ) ;
#1848 = DIRECTION ( 'NONE',  ( 0.0000000000000000000, -0.0000000000000000000, 1.000000000000000000 ) ) ;
#1849 = ORIENTED_EDGE ( 'NONE', *, *, #2102, .T. ) ;
#1850 = LINE ( 'NONE', #237, #951 ) ;
#1851 =( REPRESENTATION_RELATIONSHIP ('NONE','NONE', #1799, #721 ) REPRESENTATION_RELATIONSHIP_WITH_TRANSFORMATION ( #1477 )SHAPE_REPRESENTATION_RELATIONSHIP( ) );
#1852 = VERTEX_POINT ( 'NONE', #1033 ) ;
#1853 = VERTEX_POINT ( 'NONE', #1198 ) ;
#1854 = CARTESIAN_POINT ( 'NONE',  ( 6.604999999999999538, -4.199999999999999289, 4.599999999999999645 ) ) ;
#1855 = CARTESIAN_POINT ( 'NONE',  ( -1.000000000000000000, 0.0000000000000000000, 2.494239946827289778 ) ) ;
#1856 = PLANE ( 'NONE',  #2291 ) ;
#1857 = VECTOR ( 'NONE', #425, 1000.000000000000000 ) ;
#1858 = ORIENTED_EDGE ( 'NONE', *, *, #1090, .F. ) ;
#1859 = ADVANCED_FACE ( 'NONE', ( #1211 ), #120, .T. ) ;
#1860 = CARTESIAN_POINT ( 'NONE',  ( -5.404999999999998472, -6.400000000000000355, 19.00000000000000000 ) ) ;
#1861 = VECTOR ( 'NONE', #1047, 1000.000000000000000 ) ;
#1862 = AXIS2_PLACEMENT_3D ( 'NONE', #2314, #1552, #819 ) ;
#1863 = ORIENTED_EDGE ( 'NONE', *, *, #756, .T. ) ;
#1864 = ORIENTED_EDGE ( 'NONE', *, *, #520, .F. ) ;
#1865 =( GEOMETRIC_REPRESENTATION_CONTEXT ( 3 ) GLOBAL_UNCERTAINTY_ASSIGNED_CONTEXT ( ( #180 ) ) GLOBAL_UNIT_ASSIGNED_CONTEXT ( ( #970, #255, #1160 ) ) REPRESENTATION_CONTEXT ( 'NONE', 'WORKASPACE' ) );
#1866 = PRODUCT_CONTEXT ( 'NONE', #1611, 'mechanical' ) ;
#1867 = VECTOR ( 'NONE', #643, 1000.000000000000000 ) ;
#1868 = ORIENTED_EDGE ( 'NONE', *, *, #67, .F. ) ;
#1869 = LINE ( 'NONE', #1685, #996 ) ;
#1870 = LINE ( 'NONE', #981, #332 ) ;
#1871 = ORIENTED_EDGE ( 'NONE', *, *, #976, .F. ) ;
#1872 = LINE ( 'NONE', #414, #46 ) ;
#1873 = EDGE_CURVE ( 'NONE', #1695, #1692, #465, .T. ) ;
#1874 = VERTEX_POINT ( 'NONE', #1184 ) ;
#1875 = EDGE_CURVE ( 'NONE', #64, #97, #1571, .T. ) ;
#1876 = APPLICATION_PROTOCOL_DEFINITION ( 'draft international standard', 'automotive_design', 1998, #1978 ) ;
#1877 = ORIENTED_EDGE ( 'NONE', *, *, #2218, .F. ) ;
#1878 = LINE ( 'NONE', #1836, #1488 ) ;
#1879 = DIRECTION ( 'NONE',  ( -1.000000000000000000, 0.0000000000000000000, -0.0000000000000000000 ) ) ;
#1880 = LINE ( 'NONE', #1699, #1793 ) ;
#1881 = EDGE_LOOP ( 'NONE', ( #2034, #122, #1755, #495 ) ) ;
#1882 = EDGE_LOOP ( 'NONE', ( #1466, #447, #1453, #945 ) ) ;
#1883 = EDGE_LOOP ( 'NONE', ( #2290, #75, #1544, #944 ) ) ;
#1884 = PLANE ( 'NONE',  #954 ) ;
#1885 = ORIENTED_EDGE ( 'NONE', *, *, #784, .T. ) ;
#1886 = CARTESIAN_POINT ( 'NONE',  ( -0.5999999999999999778, 0.0000000000000000000, -1.399999999999999911 ) ) ;
#1887 = DIRECTION ( 'NONE',  ( 0.0000000000000000000, 0.0000000000000000000, 1.000000000000000000 ) ) ;
#1888 = CARTESIAN_POINT ( 'NONE',  ( 0.0000000000000000000, 0.8000000000000000444, 9.500000000000000000 ) ) ;
#1889 = VERTEX_POINT ( 'NONE', #1543 ) ;
#1890 = CARTESIAN_POINT ( 'NONE',  ( 2.500000000000000000, 0.8000000000000000444, 0.0000000000000000000 ) ) ;
#1891 = AXIS2_PLACEMENT_3D ( 'NONE', #337, #161, #2320 ) ;
#1892 = ORIENTED_EDGE ( 'NONE', *, *, #1684, .T. ) ;
#1893 = AXIS2_PLACEMENT_3D ( 'NONE', #1578, #1605, #2157 ) ;
#1894 = ORIENTED_EDGE ( 'NONE', *, *, #1918, .F. ) ;
#1895 = VECTOR ( 'NONE', #461, 1000.000000000000000 ) ;
#1896 = DIRECTION ( 'NONE',  ( -0.0000000000000000000, -1.000000000000000000, -0.0000000000000000000 ) ) ;
#1897 = LINE ( 'NONE', #1405, #728 ) ;
#1898 = ORIENTED_EDGE ( 'NONE', *, *, #2001, .T. ) ;
#1899 = VECTOR ( 'NONE', #1766, 1000.000000000000000 ) ;
#1900 = LINE ( 'NONE', #1394, #2293 ) ;
#1901 = CIRCLE ( 'NONE', #1416, 1.199999999999999734 ) ;
#1902 = DIRECTION ( 'NONE',  ( 0.0000000000000000000, -0.0000000000000000000, 1.000000000000000000 ) ) ;
#1903 = DIRECTION ( 'NONE',  ( -0.0000000000000000000, -1.000000000000000000, -0.0000000000000000000 ) ) ;
#1904 = EDGE_CURVE ( 'NONE', #588, #2116, #1914, .T. ) ;
#1905 = ORIENTED_EDGE ( 'NONE', *, *, #1833, .T. ) ;
#1906 = FILL_AREA_STYLE ('',( #279 ) ) ;
#1907 = DIRECTION ( 'NONE',  ( -0.0000000000000000000, -0.0000000000000000000, -1.000000000000000000 ) ) ;
#1908 = ORIENTED_EDGE ( 'NONE', *, *, #2255, .T. ) ;
#1909 = ORIENTED_EDGE ( 'NONE', *, *, #1818, .T. ) ;
#1910 = LINE ( 'NONE', #1012, #988 ) ;
#1911 = CARTESIAN_POINT ( 'NONE',  ( -1.000000000000000000, 0.0000000000000000000, 1.500000000000000444 ) ) ;
#1912 = ORIENTED_EDGE ( 'NONE', *, *, #1772, .T. ) ;
#1913 = DIRECTION ( 'NONE',  ( 1.000000000000000000, 0.0000000000000000000, -0.0000000000000000000 ) ) ;
#1914 = LINE ( 'NONE', #837, #1831 ) ;
#1915 = LINE ( 'NONE', #2081, #1334 ) ;
#1916 = ORIENTED_EDGE ( 'NONE', *, *, #185, .T. ) ;
#1917 = CARTESIAN_POINT ( 'NONE',  ( -2.499999999999998668, 0.8000000000000000444, 0.0000000000000000000 ) ) ;
#1918 = EDGE_CURVE ( 'NONE', #1683, #1650, #1532, .T. ) ;
#1919 = EDGE_CURVE ( 'NONE', #1344, #40, #803, .T. ) ;
#1920 = CARTESIAN_POINT ( 'NONE',  ( 6.604999999999999538, -6.400000000000000355, 19.00000000000000000 ) ) ;
#1921 = ORIENTED_EDGE ( 'NONE', *, *, #1838, .T. ) ;
#1922 = ORIENTED_EDGE ( 'NONE', *, *, #2162, .F. ) ;
#1923 = EDGE_CURVE ( 'NONE', #107, #1442, #1751, .T. ) ;
#1924 = CARTESIAN_POINT ( 'NONE',  ( -4.041334437186249856E-17, 0.8000000000000000444, 15.23499999999999943 ) ) ;
#1925 = LINE ( 'NONE', #1954, #1454 ) ;
#1926 = ORIENTED_EDGE ( 'NONE', *, *, #135, .F. ) ;
#1927 = CARTESIAN_POINT ( 'NONE',  ( -0.5999999999999999778, -0.8000000000000000444, -5.400000000000000355 ) ) ;
#1928 = CARTESIAN_POINT ( 'NONE',  ( 5.405000000000000249, -4.199999999999998401, 3.799999999999999822 ) ) ;
#1929 = DIRECTION ( 'NONE',  ( 0.0000000000000000000, -1.000000000000000000, 0.0000000000000000000 ) ) ;
#1930 = DIRECTION ( 'NONE',  ( -1.000000000000000000, -6.123233995736769734E-17, -0.0000000000000000000 ) ) ;
#1931 = LINE ( 'NONE', #1716, #1407 ) ;
#1932 = DIRECTION ( 'NONE',  ( 1.000000000000000000, 0.0000000000000000000, 0.0000000000000000000 ) ) ;
#1933 = EDGE_CURVE ( 'NONE', #942, #1344, #1396, .T. ) ;
#1934 = EDGE_LOOP ( 'NONE', ( #56, #1497, #995, #239 ) ) ;
#1935 = VERTEX_POINT ( 'NONE', #2122 ) ;
#1936 = VECTOR ( 'NONE', #788, 1000.000000000000000 ) ;
#1937 = CARTESIAN_POINT ( 'NONE',  ( 1.928818708657083070E-16, 0.8000000000000000444, 11.42499999999999893 ) ) ;
#1938 = VECTOR ( 'NONE', #76, 1000.000000000000000 ) ;
#1939 = CARTESIAN_POINT ( 'NONE',  ( -18.39500000000000313, -4.327148209884770225, 14.40000000000000036 ) ) ;
#1940 = ADVANCED_FACE ( 'NONE', ( #1226 ), #1048, .F. ) ;
#1941 = VERTEX_POINT ( 'NONE', #913 ) ;
#1942 = VECTOR ( 'NONE', #2009, 1000.000000000000000 ) ;
#1943 = CARTESIAN_POINT ( 'NONE',  ( -6.604999999999999538, -4.199999999999999289, 6.800000000000000711 ) ) ;
#1944 = CIRCLE ( 'NONE', #216, 0.8000000000000003775 ) ;
#1945 = CARTESIAN_POINT ( 'NONE',  ( -0.04477310149059079980, 0.8000000000000000444, 5.000000000000000000 ) ) ;
#1946 = VECTOR ( 'NONE', #852, 1000.000000000000000 ) ;
#1947 = DIRECTION ( 'NONE',  ( 1.836970198721029934E-16, -1.000000000000000000, 0.0000000000000000000 ) ) ;
#1948 = DIRECTION ( 'NONE',  ( 1.000000000000000000, 6.123233995736769734E-17, 0.0000000000000000000 ) ) ;
#1949 = FACE_OUTER_BOUND ( 'NONE', #2089, .T. ) ;
#1950 = DIRECTION ( 'NONE',  ( 0.0000000000000000000, -1.000000000000000000, 0.0000000000000000000 ) ) ;
#1951 = VERTEX_POINT ( 'NONE', #1997 ) ;
#1952 = ORIENTED_EDGE ( 'NONE', *, *, #1387, .F. ) ;
#1953 = EDGE_CURVE ( 'NONE', #171, #1577, #1984, .T. ) ;
#1954 = CARTESIAN_POINT ( 'NONE',  ( -0.6606571770349469741, 0.0000000000000000000, 3.499999999999999556 ) ) ;
#1955 = ORIENTED_EDGE ( 'NONE', *, *, #135, .T. ) ;
#1956 = EDGE_CURVE ( 'NONE', #588, #1379, #1149, .T. ) ;
#1957 = LINE ( 'NONE', #1066, #1632 ) ;
#1958 = CARTESIAN_POINT ( 'NONE',  ( -18.39500000000000313, -4.200000000000001066, 8.400000000000000355 ) ) ;
#1959 = CARTESIAN_POINT ( 'NONE',  ( -18.39500000000000313, -6.400000000000000355, 8.400000000000000355 ) ) ;
#1960 = CARTESIAN_POINT ( 'NONE',  ( 1.000000000000000000, 0.0000000000000000000, 1.500000000000000444 ) ) ;
#1961 = CARTESIAN_POINT ( 'NONE',  ( -5.785541957020760684, -6.400000000000000355, 19.00000000000000000 ) ) ;
#1962 = ORIENTED_EDGE ( 'NONE', *, *, #268, .F. ) ;
#1963 = VERTEX_POINT ( 'NONE', #374 ) ;
#1964 = CARTESIAN_POINT ( 'NONE',  ( -6.604999999999999538, -6.400000000000000355, 19.00000000000000000 ) ) ;
#1965 = ORIENTED_EDGE ( 'NONE', *, *, #2294, .F. ) ;
#1966 =( LENGTH_UNIT ( ) NAMED_UNIT ( * ) SI_UNIT ( .MILLI., .METRE. ) );
#1967 = EDGE_CURVE ( 'NONE', #1275, #1732, #1250, .T. ) ;
#1968 = ORIENTED_EDGE ( 'NONE', *, *, #1130, .T. ) ;
#1969 = CARTESIAN_POINT ( 'NONE',  ( 0.3757136719258730162, 0.8000000000000000444, 1.500000000000000000 ) ) ;
#1970 = DIRECTION ( 'NONE',  ( -1.000000000000000000, 0.0000000000000000000, -0.0000000000000000000 ) ) ;
#1971 = CARTESIAN_POINT ( 'NONE',  ( 6.604999999999999538, -4.199999999999999289, 14.40000000000000036 ) ) ;
#1972 = EDGE_CURVE ( 'NONE', #2044, #1432, #1058, .T. ) ;
#1973 = CARTESIAN_POINT ( 'NONE',  ( 6.604999999999999538, -6.400000000000000355, 8.400000000000000355 ) ) ;
#1974 = EDGE_LOOP ( 'NONE', ( #444, #1912, #1885, #2051 ) ) ;
#1975 = DIRECTION ( 'NONE',  ( 0.0000000000000000000, 0.0000000000000000000, -1.000000000000000000 ) ) ;
#1976 = DIRECTION ( 'NONE',  ( 1.224646799147350002E-16, -1.000000000000000000, -0.0000000000000000000 ) ) ;
#1977 = LINE ( 'NONE', #521, #2176 ) ;
#1978 = APPLICATION_CONTEXT ( 'automotive_design' ) ;
#1979 = AXIS2_PLACEMENT_3D ( 'NONE', #769, #2052, #1313 ) ;
#1980 = SURFACE_STYLE_USAGE ( .BOTH. , #1607 ) ;
#1981 = ORIENTED_EDGE ( 'NONE', *, *, #2271, .T. ) ;
#1982 = VECTOR ( 'NONE', #1067, 1000.000000000000000 ) ;
#1983 = CIRCLE ( 'NONE', #577, 0.8000000000000003775 ) ;
#1984 = LINE ( 'NONE', #1460, #1457 ) ;
#1985 = VECTOR ( 'NONE', #1722, 1000.000000000000000 ) ;
#1986 = AXIS2_PLACEMENT_3D ( 'NONE', #1644, #1790, #1445 ) ;
#1987 = LINE ( 'NONE', #375, #2020 ) ;
#1988 = FACE_BOUND ( 'NONE', #1108, .T. ) ;
#1989 = VECTOR ( 'NONE', #1268, 1000.000000000000000 ) ;
#1990 = DIRECTION ( 'NONE',  ( 1.000000000000000000, 0.0000000000000000000, -0.0000000000000000000 ) ) ;
#1991 = EDGE_CURVE ( 'NONE', #1432, #1208, #1788, .T. ) ;
#1992 = AXIS2_PLACEMENT_3D ( 'NONE', #2250, #978, #233 ) ;
#1993 = ORIENTED_EDGE ( 'NONE', *, *, #111, .F. ) ;
#1994 = CARTESIAN_POINT ( 'NONE',  ( -6.604999999999999538, -4.199999999999999289, 10.59999999999999964 ) ) ;
#1995 = DIRECTION ( 'NONE',  ( 1.000000000000000000, 6.123233995736769734E-17, 0.0000000000000000000 ) ) ;
#1996 = ORIENTED_EDGE ( 'NONE', *, *, #291, .T. ) ;
#1997 = CARTESIAN_POINT ( 'NONE',  ( 1.000000000000000000, 0.8000000000000000444, 3.499999999999999556 ) ) ;
#1998 = CARTESIAN_POINT ( 'NONE',  ( -5.405000000000000249, -1.200000000000000178, 0.0000000000000000000 ) ) ;
#1999 = PLANE ( 'NONE',  #1222 ) ;
#2000 = DIRECTION ( 'NONE',  ( 0.0000000000000000000, 1.000000000000000000, 0.0000000000000000000 ) ) ;
#2001 = EDGE_CURVE ( 'NONE', #2015, #1011, #191, .T. ) ;
#2002 = VERTEX_POINT ( 'NONE', #873 ) ;
#2003 = DIRECTION ( 'NONE',  ( 1.000000000000000000, 0.0000000000000000000, 0.0000000000000000000 ) ) ;
#2004 = CARTESIAN_POINT ( 'NONE',  ( -6.604999999999999538, -1.002176271528629981, 10.59999999999999964 ) ) ;
#2005 = EDGE_CURVE ( 'NONE', #777, #820, #1594, .T. ) ;
#2006 = PRESENTATION_STYLE_ASSIGNMENT (( #672 ) ) ;
#2007 = EDGE_LOOP ( 'NONE', ( #1322, #404, #112, #31 ) ) ;
#2008 = LINE ( 'NONE', #215, #1674 ) ;
#2009 = DIRECTION ( 'NONE',  ( -0.0000000000000000000, 0.0000000000000000000, 1.000000000000000000 ) ) ;
#2010 = LINE ( 'NONE', #2030, #1857 ) ;
#2011 = ORIENTED_EDGE ( 'NONE', *, *, #1535, .F. ) ;
#2012 = PRODUCT_CONTEXT ( 'NONE', #114, 'mechanical' ) ;
#2013 = EDGE_CURVE ( 'NONE', #351, #1165, #1093, .T. ) ;
#2014 = VECTOR ( 'NONE', #906, 1000.000000000000000 ) ;
#2015 = VERTEX_POINT ( 'NONE', #394 ) ;
#2016 = CARTESIAN_POINT ( 'NONE',  ( 0.0000000000000000000, -3.200000000000000178, 19.00000000000000000 ) ) ;
#2017 = FACE_OUTER_BOUND ( 'NONE', #529, .T. ) ;
#2018 = VECTOR ( 'NONE', #669, 1000.000000000000000 ) ;
#2019 = LINE ( 'NONE', #1855, #434 ) ;
#2020 = VECTOR ( 'NONE', #926, 1000.000000000000000 ) ;
#2021 = CYLINDRICAL_SURFACE ( 'NONE', #1338, 0.8000000000000003775 ) ;
#2022 = EDGE_LOOP ( 'NONE', ( #1140, #814, #694, #1898 ) ) ;
#2023 = AXIS2_PLACEMENT_3D ( 'NONE', #2142, #653, #2104 ) ;
#2024 = DIRECTION ( 'NONE',  ( 0.0000000000000000000, 0.0000000000000000000, -1.000000000000000000 ) ) ;
#2025 = AXIS2_PLACEMENT_3D ( 'NONE', #1310, #2036, #2237 ) ;
#2026 = ORIENTED_EDGE ( 'NONE', *, *, #533, .F. ) ;
#2027 = EDGE_CURVE ( 'NONE', #777, #2120, #646, .T. ) ;
#2028 = ORIENTED_EDGE ( 'NONE', *, *, #1169, .T. ) ;
#2029 = DIRECTION ( 'NONE',  ( 0.0000000000000000000, -1.000000000000000000, 0.0000000000000000000 ) ) ;
#2030 = CARTESIAN_POINT ( 'NONE',  ( -6.604999999999999538, -6.400000000000000355, 19.00000000000000000 ) ) ;
#2031 = CYLINDRICAL_SURFACE ( 'NONE', #328, 1.905000000000000471 ) ;
#2032 = ORIENTED_EDGE ( 'NONE', *, *, #214, .F. ) ;
#2033 = LINE ( 'NONE', #421, #18 ) ;
#2034 = ORIENTED_EDGE ( 'NONE', *, *, #8, .F. ) ;
#2035 = EDGE_CURVE ( 'NONE', #1681, #1290, #357, .T. ) ;
#2036 = DIRECTION ( 'NONE',  ( -0.0000000000000000000, -1.000000000000000000, -0.0000000000000000000 ) ) ;
#2037 = DIRECTION ( 'NONE',  ( 1.000000000000000000, -0.0000000000000000000, 0.0000000000000000000 ) ) ;
#2038 = PRESENTATION_STYLE_ASSIGNMENT (( #1660 ) ) ;
#2039 = ORIENTED_EDGE ( 'NONE', *, *, #1459, .F. ) ;
#2040 = DIRECTION ( 'NONE',  ( 0.0000000000000000000, -1.000000000000000000, 0.0000000000000000000 ) ) ;
#2041 = ORIENTED_EDGE ( 'NONE', *, *, #756, .F. ) ;
#2042 = EDGE_LOOP ( 'NONE', ( #1675, #2266, #2186, #472 ) ) ;
#2043 =( NAMED_UNIT ( * ) PLANE_ANGLE_UNIT ( ) SI_UNIT ( $, .RADIAN. ) );
#2044 = VERTEX_POINT ( 'NONE', #1630 ) ;
#2045 = CARTESIAN_POINT ( 'NONE',  ( -5.405000000000000249, 1.503851940743619942, 19.00000000000000000 ) ) ;
#2047 = VECTOR ( 'NONE', #1598, 1000.000000000000000 ) ;
#2046 = LINE ( 'NONE', #1653, #1703 ) ;
#2048 = EDGE_CURVE ( 'NONE', #1692, #64, #23, .T. ) ;
#2049 = CARTESIAN_POINT ( 'NONE',  ( -18.39500000000000313, -4.278147406689820187, 6.799999999999999822 ) ) ;
#2050 = VECTOR ( 'NONE', #467, 1000.000000000000000 ) ;
#2051 = ORIENTED_EDGE ( 'NONE', *, *, #2148, .F. ) ;
#2052 = DIRECTION ( 'NONE',  ( 1.000000000000000000, 1.224646799147350002E-16, -0.0000000000000000000 ) ) ;
#2053 = PRESENTATION_LAYER_ASSIGNMENT (  '', '', ( #2134 ) ) ;
#2054 = VECTOR ( 'NONE', #1376, 1000.000000000000000 ) ;
#2055 = ADVANCED_FACE ( 'NONE', ( #1276 ), #178, .F. ) ;
#2056 = AXIS2_PLACEMENT_3D ( 'NONE', #1411, #2140, #348 ) ;
#2057 = ORIENTED_EDGE ( 'NONE', *, *, #785, .F. ) ;
#2058 = AXIS2_PLACEMENT_3D ( 'NONE', #893, #2000, #916 ) ;
#2059 = ORIENTED_EDGE ( 'NONE', *, *, #1008, .F. ) ;
#2060 = DIRECTION ( 'NONE',  ( 0.0000000000000000000, -1.000000000000000000, -0.0000000000000000000 ) ) ;
#2061 = DIRECTION ( 'NONE',  ( 0.0000000000000000000, 0.0000000000000000000, 1.000000000000000000 ) ) ;
#2062 = EDGE_LOOP ( 'NONE', ( #1623, #1663, #416, #1829 ) ) ;
#2063 = ORIENTED_EDGE ( 'NONE', *, *, #935, .T. ) ;
#2064 = ADVANCED_FACE ( 'NONE', ( #1821 ), #1643, .F. ) ;
#2065 = VERTEX_POINT ( 'NONE', #1619 ) ;
#2066 = FACE_OUTER_BOUND ( 'NONE', #827, .T. ) ;
#2067 = ADVANCED_FACE ( 'NONE', ( #1434 ), #2163, .T. ) ;
#2068 = VERTEX_POINT ( 'NONE', #570 ) ;
#2069 = FILL_AREA_STYLE ('',( #1568 ) ) ;
#2070 = PLANE ( 'NONE',  #466 ) ;
#2071 = EDGE_LOOP ( 'NONE', ( #1670, #1040, #380, #1483 ) ) ;
#2072 = DIRECTION ( 'NONE',  ( 0.0000000000000000000, 0.0000000000000000000, -1.000000000000000000 ) ) ;
#2073 = ORIENTED_EDGE ( 'NONE', *, *, #1742, .T. ) ;
#2074 = ORIENTED_EDGE ( 'NONE', *, *, #567, .F. ) ;
#2075 = DIRECTION ( 'NONE',  ( 0.0000000000000000000, 1.000000000000000000, 0.0000000000000000000 ) ) ;
#2076 = CARTESIAN_POINT ( 'NONE',  ( 1.000000000000000000, 0.8000000000000000444, 2.494239946827289778 ) ) ;
#2077 = ORIENTED_EDGE ( 'NONE', *, *, #1166, .F. ) ;
#2078 = EDGE_CURVE ( 'NONE', #351, #1022, #2008, .T. ) ;
#2079 = DIRECTION ( 'NONE',  ( 0.0000000000000000000, 0.0000000000000000000, -1.000000000000000000 ) ) ;
#2080 = CARTESIAN_POINT ( 'NONE',  ( 5.405000000000000249, -1.199999999999999956, 19.00000000000000000 ) ) ;
#2081 = CARTESIAN_POINT ( 'NONE',  ( -18.39500000000000313, -4.200000000000000178, 3.000000000000000000 ) ) ;
#2082 = ORIENTED_EDGE ( 'NONE', *, *, #1356, .T. ) ;
#2083 = FACE_OUTER_BOUND ( 'NONE', #1832, .T. ) ;
#2084 = AXIS2_PLACEMENT_3D ( 'NONE', #482, #492, #1201 ) ;
#2085 = CYLINDRICAL_SURFACE ( 'NONE', #2246, 1.199999999999999734 ) ;
#2086 = VERTEX_POINT ( 'NONE', #60 ) ;
#2087 = AXIS2_PLACEMENT_3D ( 'NONE', #536, #741, #1444 ) ;
#2088 = VECTOR ( 'NONE', #1948, 1000.000000000000000 ) ;
#2089 = EDGE_LOOP ( 'NONE', ( #1244, #824, #790, #807 ) ) ;
#2090 = AXIS2_PLACEMENT_3D ( 'NONE', #1064, #1440, #2327 ) ;
#2091 = CARTESIAN_POINT ( 'NONE',  ( -5.405000000000000249, -4.199999999999999289, 7.599999999999999645 ) ) ;
#2092 = DIRECTION ( 'NONE',  ( -1.000000000000000000, -0.0000000000000000000, 0.0000000000000000000 ) ) ;
#2093 = EDGE_LOOP ( 'NONE', ( #1062, #972, #496, #1423 ) ) ;
#2094 = AXIS2_PLACEMENT_3D ( 'NONE', #507, #153, #865 ) ;
#2095 = DIRECTION ( 'NONE',  ( -0.0000000000000000000, 1.000000000000000000, 0.0000000000000000000 ) ) ;
#2096 = CIRCLE ( 'NONE', #1080, 0.8000000000000003775 ) ;
#2097 = ADVANCED_FACE ( 'NONE', ( #1127 ), #969, .F. ) ;
#2098 = FACE_OUTER_BOUND ( 'NONE', #342, .T. ) ;
#2099 = DIRECTION ( 'NONE',  ( 0.0000000000000000000, 0.0000000000000000000, 1.000000000000000000 ) ) ;
#2100 = CARTESIAN_POINT ( 'NONE',  ( 1.000000000000000000, 0.8000000000000000444, 2.494239946827289778 ) ) ;
#2101 = VERTEX_POINT ( 'NONE', #783 ) ;
#2102 = EDGE_CURVE ( 'NONE', #1941, #845, #261, .T. ) ;
#2103 =( NAMED_UNIT ( * ) SI_UNIT ( $, .STERADIAN. ) SOLID_ANGLE_UNIT ( ) );
#2104 = DIRECTION ( 'NONE',  ( 0.0000000000000000000, -1.000000000000000000, 0.0000000000000000000 ) ) ;
#2105 = ORIENTED_EDGE ( 'NONE', *, *, #99, .F. ) ;
#2106 = ORIENTED_EDGE ( 'NONE', *, *, #609, .T. ) ;
#2107 = CARTESIAN_POINT ( 'NONE',  ( -0.6606571770349469741, 0.8000000000000000444, 0.0000000000000000000 ) ) ;
#2108 = DIRECTION ( 'NONE',  ( 0.0000000000000000000, -1.000000000000000000, 0.0000000000000000000 ) ) ;
#2109 = EDGE_LOOP ( 'NONE', ( #1777, #659 ) ) ;
#2110 = DIRECTION ( 'NONE',  ( 0.0000000000000000000, 0.0000000000000000000, -1.000000000000000000 ) ) ;
#2111 = ADVANCED_FACE ( 'NONE', ( #435 ), #1491, .F. ) ;
#2112 = CARTESIAN_POINT ( 'NONE',  ( 0.0000000000000000000, 0.0000000000000000000, -5.400000000000000355 ) ) ;
#2113 = LINE ( 'NONE', #1397, #878 ) ;
#2114 = DIRECTION ( 'NONE',  ( 0.0000000000000000000, 0.0000000000000000000, -1.000000000000000000 ) ) ;
#2115 = EDGE_CURVE ( 'NONE', #303, #413, #1901, .T. ) ;
#2116 = VERTEX_POINT ( 'NONE', #1845 ) ;
#2117 = ORIENTED_EDGE ( 'NONE', *, *, #2162, .T. ) ;
#2118 = DIRECTION ( 'NONE',  ( 0.0000000000000000000, -1.000000000000000000, 0.0000000000000000000 ) ) ;
#2119 = FACE_OUTER_BOUND ( 'NONE', #59, .T. ) ;
#2120 = VERTEX_POINT ( 'NONE', #2221 ) ;
#2121 = CARTESIAN_POINT ( 'NONE',  ( -6.604999999999999538, -6.400000000000000355, 19.00000000000000000 ) ) ;
#2122 = CARTESIAN_POINT ( 'NONE',  ( -6.604999999999999538, -4.199999999999999289, 8.400000000000000355 ) ) ;
#2123 = CARTESIAN_POINT ( 'NONE',  ( 5.405000000000000249, -6.400000000000000355, 19.00000000000000000 ) ) ;
#2124 = ADVANCED_FACE ( 'NONE', ( #47 ), #591, .F. ) ;
#2125 = CARTESIAN_POINT ( 'NONE',  ( 0.0000000000000000000, 0.0000000000000000000, 9.500000000000000000 ) ) ;
#2126 = CARTESIAN_POINT ( 'NONE',  ( 0.5999999999999999778, 0.0000000000000000000, -3.000000000000000000 ) ) ;
#2127 = VERTEX_POINT ( 'NONE', #1658 ) ;
#2128 = DIRECTION ( 'NONE',  ( 1.000000000000000000, 6.123233995736769734E-17, 0.0000000000000000000 ) ) ;
#2129 = EDGE_CURVE ( 'NONE', #1432, #2216, #887, .T. ) ;
#2130 = AXIS2_PLACEMENT_3D ( 'NONE', #1343, #2279, #815 ) ;
#2131 = VECTOR ( 'NONE', #1688, 1000.000000000000000 ) ;
#2132 = LINE ( 'NONE', #628, #957 ) ;
#2133 = ORIENTED_EDGE ( 'NONE', *, *, #333, .T. ) ;
#2134 = STYLED_ITEM ( 'NONE', ( #715 ), #1661 ) ;
#2135 = CIRCLE ( 'NONE', #1110, 1.199999999999999734 ) ;
#2136 = AXIS2_PLACEMENT_3D ( 'NONE', #412, #1622, #1428 ) ;
#2137 = LINE ( 'NONE', #1609, #367 ) ;
#2138 = VECTOR ( 'NONE', #1970, 1000.000000000000000 ) ;
#2139 = CARTESIAN_POINT ( 'NONE',  ( -1.000000000000000000, 0.8000000000000000444, 3.500000000000000000 ) ) ;
#2140 = DIRECTION ( 'NONE',  ( -1.000000000000000000, -6.123233995736769734E-17, -0.0000000000000000000 ) ) ;
#2141 = DIRECTION ( 'NONE',  ( 4.898587196589409870E-16, 0.0000000000000000000, -1.000000000000000000 ) ) ;
#2142 = CARTESIAN_POINT ( 'NONE',  ( -18.39500000000000313, -4.200000000000000178, 7.599999999999999645 ) ) ;
#2143 = VERTEX_POINT ( 'NONE', #1505 ) ;
#2144 = CARTESIAN_POINT ( 'NONE',  ( -2.500000000000000000, 0.8000000000000000444, 4.999999999999999112 ) ) ;
#2145 = EDGE_CURVE ( 'NONE', #1502, #2127, #764, .T. ) ;
#2146 = LINE ( 'NONE', #168, #209 ) ;
#2147 = CARTESIAN_POINT ( 'NONE',  ( -5.785541957020760684, -6.400000000000000355, 19.00000000000000000 ) ) ;
#2148 = EDGE_CURVE ( 'NONE', #2195, #932, #1187, .T. ) ;
#2149 = ORIENTED_EDGE ( 'NONE', *, *, #2005, .F. ) ;
#2150 = DIRECTION ( 'NONE',  ( 0.0000000000000000000, 1.000000000000000000, 0.0000000000000000000 ) ) ;
#2151 = DIRECTION ( 'NONE',  ( 0.0000000000000000000, -0.4961389383568350908, -0.8682431421244584113 ) ) ;
#2152 = DIRECTION ( 'NONE',  ( 0.0000000000000000000, 0.0000000000000000000, 1.000000000000000000 ) ) ;
#2153 = CARTESIAN_POINT ( 'NONE',  ( -18.39500000000000313, -4.272851790115240078, 16.00000000000000000 ) ) ;
#2154 = DIRECTION ( 'NONE',  ( 0.0000000000000000000, 0.0000000000000000000, -1.000000000000000000 ) ) ;
#2155 = ORIENTED_EDGE ( 'NONE', *, *, #1463, .T. ) ;
#2156 = DIRECTION ( 'NONE',  ( -0.0000000000000000000, 0.0000000000000000000, -1.000000000000000000 ) ) ;
#2157 = DIRECTION ( 'NONE',  ( -1.000000000000000000, 0.0000000000000000000, -0.0000000000000000000 ) ) ;
#2158 = CARTESIAN_POINT ( 'NONE',  ( 2.500000000000000444, 0.8000000000000000444, 0.0000000000000000000 ) ) ;
#2159 = DIRECTION ( 'NONE',  ( 0.0000000000000000000, 0.0000000000000000000, 1.000000000000000000 ) ) ;
#2160 = ORIENTED_EDGE ( 'NONE', *, *, #1956, .T. ) ;
#2161 = DIRECTION ( 'NONE',  ( 6.123233995736769734E-17, -1.000000000000000000, -0.0000000000000000000 ) ) ;
#2162 = EDGE_CURVE ( 'NONE', #354, #963, #1869, .T. ) ;
#2163 = PLANE ( 'NONE',  #766 ) ;
#2164 = LINE ( 'NONE', #1620, #652 ) ;
#2165 = DIRECTION ( 'NONE',  ( -1.000000000000000000, 0.0000000000000000000, -0.0000000000000000000 ) ) ;
#2166 = DIRECTION ( 'NONE',  ( -1.000000000000000000, -6.123233995736769734E-17, -0.0000000000000000000 ) ) ;
#2167 = VERTEX_POINT ( 'NONE', #1854 ) ;
#2168 = LINE ( 'NONE', #6, #205 ) ;
#2169 = CARTESIAN_POINT ( 'NONE',  ( 5.405000000000000249, -1.199999999999999956, 0.0000000000000000000 ) ) ;
#2170 =( GEOMETRIC_REPRESENTATION_CONTEXT ( 3 ) GLOBAL_UNCERTAINTY_ASSIGNED_CONTEXT ( ( #1136 ) ) GLOBAL_UNIT_ASSIGNED_CONTEXT ( ( #1562, #469, #2103 ) ) REPRESENTATION_CONTEXT ( 'NONE', 'WORKASPACE' ) );
#2171 = SURFACE_STYLE_FILL_AREA ( #1408 ) ;
#2172 = ORIENTED_EDGE ( 'NONE', *, *, #714, .F. ) ;
#2173 = VECTOR ( 'NONE', #662, 1000.000000000000000 ) ;
#2174 = ADVANCED_FACE ( 'NONE', ( #1519 ), #1118, .T. ) ;
#2175 = CARTESIAN_POINT ( 'NONE',  ( -0.5476025945693270280, -1.199999999999999956, 0.0000000000000000000 ) ) ;
#2176 = VECTOR ( 'NONE', #1430, 1000.000000000000000 ) ;
#2177 = DIRECTION ( 'NONE',  ( -0.0000000000000000000, -1.000000000000000000, -0.0000000000000000000 ) ) ;
#2178 = CARTESIAN_POINT ( 'NONE',  ( 0.5999999999999999778, 0.0000000000000000000, -5.400000000000000355 ) ) ;
#2179 = VECTOR ( 'NONE', #516, 1000.000000000000000 ) ;
#2180 = PLANE ( 'NONE',  #2058 ) ;
#2181 = VECTOR ( 'NONE', #862, 1000.000000000000000 ) ;
#2182 = EDGE_LOOP ( 'NONE', ( #212, #1781, #1360, #2329 ) ) ;
#2183 = FACE_OUTER_BOUND ( 'NONE', #849, .T. ) ;
#2184 = CARTESIAN_POINT ( 'NONE',  ( 6.604999999999999538, -4.199999999999999289, 12.20000000000000107 ) ) ;
#2185 =( NAMED_UNIT ( * ) PLANE_ANGLE_UNIT ( ) SI_UNIT ( $, .RADIAN. ) );
#2186 = ORIENTED_EDGE ( 'NONE', *, *, #359, .T. ) ;
#2187 = DIRECTION ( 'NONE',  ( 0.0000000000000000000, -1.000000000000000000, 0.0000000000000000000 ) ) ;
#2188 = DIRECTION ( 'NONE',  ( -0.0000000000000000000, 1.000000000000000000, 0.0000000000000000000 ) ) ;
#2189 = DIRECTION ( 'NONE',  ( 0.0000000000000000000, 0.4961389383568340916, 0.8682431421244591885 ) ) ;
#2190 = DIRECTION ( 'NONE',  ( -1.000000000000000000, 0.0000000000000000000, -0.0000000000000000000 ) ) ;
#2191 = ORIENTED_EDGE ( 'NONE', *, *, #512, .T. ) ;
#2192 = DIRECTION ( 'NONE',  ( 0.0000000000000000000, 0.0000000000000000000, 1.000000000000000000 ) ) ;
#2193 = EDGE_CURVE ( 'NONE', #1290, #654, #599, .T. ) ;
#2194 = APPLICATION_PROTOCOL_DEFINITION ( 'draft international standard', 'automotive_design', 1998, #1611 ) ;
#2195 = VERTEX_POINT ( 'NONE', #1337 ) ;
#2196 = CARTESIAN_POINT ( 'NONE',  ( -18.39500000000000313, -6.400000000000000355, 16.00000000000000000 ) ) ;
#2197 = DIRECTION ( 'NONE',  ( -0.0000000000000000000, 1.000000000000000000, 0.0000000000000000000 ) ) ;
#2198 = PLANE ( 'NONE',  #542 ) ;
#2199 = DIRECTION ( 'NONE',  ( -1.836970198721029934E-16, 1.000000000000000000, -0.0000000000000000000 ) ) ;
#2200 = EDGE_CURVE ( 'NONE', #2167, #1874, #285, .T. ) ;
#2201 = ORIENTED_EDGE ( 'NONE', *, *, #493, .T. ) ;
#2202 = FACE_OUTER_BOUND ( 'NONE', #565, .T. ) ;
#2203 = EDGE_CURVE ( 'NONE', #413, #2116, #1878, .T. ) ;
#2204 = ORIENTED_EDGE ( 'NONE', *, *, #883, .F. ) ;
#2205 = EDGE_LOOP ( 'NONE', ( #579, #1576, #966, #1843, #1190, #1495, #1981, #952, #477, #1164, #810, #1354, #84, #1548, #2106, #331, #1097, #738, #2219, #1718 ) ) ;
#2206 = AXIS2_PLACEMENT_3D ( 'NONE', #755, #2024, #2215 ) ;
#2207 = CARTESIAN_POINT ( 'NONE',  ( 5.405000000000000249, -4.199999999999998401, 11.40000000000000036 ) ) ;
#2208 = VECTOR ( 'NONE', #1903, 1000.000000000000000 ) ;
#2209 = DIRECTION ( 'NONE',  ( 1.000000000000000000, 0.0000000000000000000, -0.0000000000000000000 ) ) ;
#2210 = AXIS2_PLACEMENT_3D ( 'NONE', #1627, #2159, #532 ) ;
#2211 = VECTOR ( 'NONE', #1745, 1000.000000000000000 ) ;
#2212 = CARTESIAN_POINT ( 'NONE',  ( -4.041334437186249856E-17, -1.200000000000000178, 13.33000000000000007 ) ) ;
#2213 = ORIENTED_EDGE ( 'NONE', *, *, #1421, .F. ) ;
#2214 = CIRCLE ( 'NONE', #408, 1.905000000000000471 ) ;
#2215 = DIRECTION ( 'NONE',  ( -1.000000000000000000, 0.0000000000000000000, -0.0000000000000000000 ) ) ;
#2216 = VERTEX_POINT ( 'NONE', #77 ) ;
#2217 = ADVANCED_FACE ( 'NONE', ( #795 ), #1294, .T. ) ;
#2218 = EDGE_CURVE ( 'NONE', #930, #1701, #2096, .T. ) ;
#2219 = ORIENTED_EDGE ( 'NONE', *, *, #1126, .F. ) ;
#2220 = EDGE_CURVE ( 'NONE', #1473, #777, #1900, .T. ) ;
#2221 = CARTESIAN_POINT ( 'NONE',  ( 5.405000000000000249, -4.199999999999999289, 6.800000000000000711 ) ) ;
#2222 = FACE_OUTER_BOUND ( 'NONE', #146, .T. ) ;
#2223 = DIRECTION ( 'NONE',  ( -1.000000000000000000, 0.0000000000000000000, 0.0000000000000000000 ) ) ;
#2224 = ORIENTED_EDGE ( 'NONE', *, *, #392, .T. ) ;
#2225 = ORIENTED_EDGE ( 'NONE', *, *, #520, .T. ) ;
#2226 = ADVANCED_FACE ( 'NONE', ( #1557 ), #2275, .T. ) ;
#2227 = VERTEX_POINT ( 'NONE', #1581 ) ;
#2228 = DIRECTION ( 'NONE',  ( 6.123233995736769734E-17, 0.0000000000000000000, 1.000000000000000000 ) ) ;
#2229 = EDGE_CURVE ( 'NONE', #1541, #1082, #1760, .T. ) ;
#2230 = LINE ( 'NONE', #1318, #792 ) ;
#2231 = DIRECTION ( 'NONE',  ( 1.000000000000000000, 6.123233995736769734E-17, 0.0000000000000000000 ) ) ;
#2232 = ORIENTED_EDGE ( 'NONE', *, *, #272, .T. ) ;
#2233 = ORIENTED_EDGE ( 'NONE', *, *, #1616, .F. ) ;
#2234 = ORIENTED_EDGE ( 'NONE', *, *, #382, .T. ) ;
#2235 = DIRECTION ( 'NONE',  ( 1.000000000000000000, 0.0000000000000000000, 0.0000000000000000000 ) ) ;
#2236 = ORIENTED_EDGE ( 'NONE', *, *, #1249, .F. ) ;
#2237 = DIRECTION ( 'NONE',  ( 0.0000000000000000000, 0.0000000000000000000, 1.000000000000000000 ) ) ;
#2238 = AXIS2_PLACEMENT_3D ( 'NONE', #825, #1436, #1229 ) ;
#2239 = FACE_OUTER_BOUND ( 'NONE', #1883, .T. ) ;
#2240 = VECTOR ( 'NONE', #974, 1000.000000000000000 ) ;
#2241 = LINE ( 'NONE', #612, #2284 ) ;
#2242 = VERTEX_POINT ( 'NONE', #271 ) ;
#2243 = DIRECTION ( 'NONE',  ( -1.000000000000000000, 0.0000000000000000000, -0.0000000000000000000 ) ) ;
#2244 = AXIS2_PLACEMENT_3D ( 'NONE', #1025, #858, #658 ) ;
#2245 = EDGE_CURVE ( 'NONE', #1366, #1125, #1710, .T. ) ;
#2246 = AXIS2_PLACEMENT_3D ( 'NONE', #309, #483, #879 ) ;
#2247 = VERTEX_POINT ( 'NONE', #119 ) ;
#2248 = EDGE_LOOP ( 'NONE', ( #637, #89, #1133, #768 ) ) ;
#2249 = EDGE_LOOP ( 'NONE', ( #975, #266, #175, #1321 ) ) ;
#2250 = CARTESIAN_POINT ( 'NONE',  ( -18.39500000000000313, -4.200000000000000178, 15.19999999999999929 ) ) ;
#2251 = DIRECTION ( 'NONE',  ( 0.0000000000000000000, 0.0000000000000000000, 1.000000000000000000 ) ) ;
#2252 = FACE_BOUND ( 'NONE', #1810, .T. ) ;
#2253 = ADVANCED_FACE ( 'NONE', ( #454 ), #500, .T. ) ;
#2254 = ORIENTED_EDGE ( 'NONE', *, *, #1967, .F. ) ;
#2255 = EDGE_CURVE ( 'NONE', #1618, #2065, #1046, .T. ) ;
#2256 = DIRECTION ( 'NONE',  ( 1.000000000000000000, 0.0000000000000000000, 0.0000000000000000000 ) ) ;
#2257 = ORIENTED_EDGE ( 'NONE', *, *, #2220, .F. ) ;
#2258 = VERTEX_POINT ( 'NONE', #289 ) ;
#2259 = EDGE_CURVE ( 'NONE', #1393, #1721, #660, .T. ) ;
#2260 = DIRECTION ( 'NONE',  ( 0.0000000000000000000, 0.0000000000000000000, 1.000000000000000000 ) ) ;
#2261 = CARTESIAN_POINT ( 'NONE',  ( -0.5999999999999999778, 0.0000000000000000000, -1.400000000000000133 ) ) ;
#2262 = EDGE_LOOP ( 'NONE', ( #1628, #462, #1348, #2300 ) ) ;
#2263 = APPLICATION_CONTEXT ( 'automotive_design' ) ;
#2264 = LINE ( 'NONE', #491, #2179 ) ;
#2265 = LINE ( 'NONE', #1099, #1514 ) ;
#2266 = ORIENTED_EDGE ( 'NONE', *, *, #78, .T. ) ;
#2267 = PRESENTATION_STYLE_ASSIGNMENT (( #1388 ) ) ;
#2268 = CARTESIAN_POINT ( 'NONE',  ( 6.604999999999999538, -4.199999999999999289, 16.00000000000000000 ) ) ;
#2269 = ORIENTED_EDGE ( 'NONE', *, *, #748, .T. ) ;
#2270 = EDGE_LOOP ( 'NONE', ( #294, #1759, #324, #2057 ) ) ;
#2271 = EDGE_CURVE ( 'NONE', #856, #384, #2292, .T. ) ;
#2272 = DIRECTION ( 'NONE',  ( 0.0000000000000000000, 0.0000000000000000000, 1.000000000000000000 ) ) ;
#2273 = PLANE ( 'NONE',  #172 ) ;
#2274 = ORIENTED_EDGE ( 'NONE', *, *, #117, .F. ) ;
#2275 = PLANE ( 'NONE',  #1274 ) ;
#2276 = CARTESIAN_POINT ( 'NONE',  ( 6.604999999999999538, -6.400000000000000355, 19.00000000000000000 ) ) ;
#2277 = LINE ( 'NONE', #1959, #406 ) ;
#2278 = ORIENTED_EDGE ( 'NONE', *, *, #1026, .F. ) ;
#2279 = DIRECTION ( 'NONE',  ( -1.000000000000000000, -6.123233995736769734E-17, -0.0000000000000000000 ) ) ;
#2280 = VECTOR ( 'NONE', #1152, 1000.000000000000000 ) ;
#2281 = FACE_OUTER_BOUND ( 'NONE', #681, .T. ) ;
#2282 = VERTEX_POINT ( 'NONE', #1943 ) ;
#2283 = DIRECTION ( 'NONE',  ( 1.000000000000000000, 0.0000000000000000000, -0.0000000000000000000 ) ) ;
#2284 = VECTOR ( 'NONE', #1341, 1000.000000000000000 ) ;
#2285 = ORIENTED_EDGE ( 'NONE', *, *, #1400, .F. ) ;
#2286 =( GEOMETRIC_REPRESENTATION_CONTEXT ( 3 ) GLOBAL_UNCERTAINTY_ASSIGNED_CONTEXT ( ( #376 ) ) GLOBAL_UNIT_ASSIGNED_CONTEXT ( ( #2316, #1238, #345 ) ) REPRESENTATION_CONTEXT ( 'NONE', 'WORKASPACE' ) );
#2287 = CIRCLE ( 'NONE', #470, 0.8000000000000003775 ) ;
#2288 = LINE ( 'NONE', #1924, #1938 ) ;
#2289 = DIRECTION ( 'NONE',  ( -1.000000000000000000, -0.0000000000000000000, 0.0000000000000000000 ) ) ;
#2290 = ORIENTED_EDGE ( 'NONE', *, *, #1249, .T. ) ;
#2291 = AXIS2_PLACEMENT_3D ( 'NONE', #593, #419, #1848 ) ;
#2292 = LINE ( 'NONE', #620, #1985 ) ;
#2293 = VECTOR ( 'NONE', #316, 1000.000000000000000 ) ;
#2294 = EDGE_CURVE ( 'NONE', #1314, #1502, #811, .T. ) ;
#2295 = DIRECTION ( 'NONE',  ( -1.000000000000000000, -6.123233995736769734E-17, -0.0000000000000000000 ) ) ;
#2296 = FACE_OUTER_BOUND ( 'NONE', #973, .T. ) ;
#2297 = CARTESIAN_POINT ( 'NONE',  ( -1.000000000000000000, 0.0000000000000000000, 3.499999999999999556 ) ) ;
#2298 = LINE ( 'NONE', #1364, #1899 ) ;
#2299 = VERTEX_POINT ( 'NONE', #821 ) ;
#2300 = ORIENTED_EDGE ( 'NONE', *, *, #1415, .T. ) ;
#2301 =( REPRESENTATION_RELATIONSHIP ('NONE','NONE', #1799, #1231 ) REPRESENTATION_RELATIONSHIP_WITH_TRANSFORMATION ( #772 )SHAPE_REPRESENTATION_RELATIONSHIP( ) );
#2302 = DIRECTION ( 'NONE',  ( -1.000000000000000000, 0.0000000000000000000, -0.0000000000000000000 ) ) ;
#2303 = DIRECTION ( 'NONE',  ( 0.0000000000000000000, 0.0000000000000000000, -1.000000000000000000 ) ) ;
#2304 = EDGE_LOOP ( 'NONE', ( #2133, #1740, #716, #1328 ) ) ;
#2305 = SURFACE_SIDE_STYLE ('',( #1170 ) ) ;
#2306 = LINE ( 'NONE', #158, #243 ) ;
#2307 = CARTESIAN_POINT ( 'NONE',  ( -6.604999999999999538, -1.002176271528629981, 12.20000000000000107 ) ) ;
#2308 = DIRECTION ( 'NONE',  ( -1.000000000000000000, 0.0000000000000000000, -0.0000000000000000000 ) ) ;
#2309 = PRODUCT_DEFINITION ( 'UNKNOWN', '', #1668, #1824 ) ;
#2310 = FACE_OUTER_BOUND ( 'NONE', #265, .T. ) ;
#2311 = CARTESIAN_POINT ( 'NONE',  ( 5.405000000000000249, -6.400000000000000355, 4.599999999999999645 ) ) ;
#2312 = ORIENTED_EDGE ( 'NONE', *, *, #2193, .T. ) ;
#2313 = ORIENTED_EDGE ( 'NONE', *, *, #624, .F. ) ;
#2314 = CARTESIAN_POINT ( 'NONE',  ( 0.0000000000000000000, -3.200000000000000178, 0.0000000000000000000 ) ) ;
#2315 = VERTEX_POINT ( 'NONE', #1927 ) ;
#2316 =( LENGTH_UNIT ( ) NAMED_UNIT ( * ) SI_UNIT ( .MILLI., .METRE. ) );
#2317 = LINE ( 'NONE', #2121, #1267 ) ;
#2318 = DIRECTION ( 'NONE',  ( 0.0000000000000000000, 0.0000000000000000000, 1.000000000000000000 ) ) ;
#2319 = CARTESIAN_POINT ( 'NONE',  ( 5.405000000000000249, -4.199999999999999289, 4.599999999999999645 ) ) ;
#2320 = DIRECTION ( 'NONE',  ( 0.0000000000000000000, -0.0000000000000000000, 1.000000000000000000 ) ) ;
#2321 = EDGE_CURVE ( 'NONE', #1208, #1717, #478, .T. ) ;
#2322 = FACE_OUTER_BOUND ( 'NONE', #2022, .T. ) ;
#2323 = ORIENTED_EDGE ( 'NONE', *, *, #693, .T. ) ;
#2324 = DIRECTION ( 'NONE',  ( 0.0000000000000000000, -0.0000000000000000000, 1.000000000000000000 ) ) ;
#2325 = VECTOR ( 'NONE', #2037, 1000.000000000000000 ) ;
#2326 = AXIS2_PLACEMENT_3D ( 'NONE', #1928, #1057, #1210 ) ;
#2327 = DIRECTION ( 'NONE',  ( 0.0000000000000000000, 0.0000000000000000000, -1.000000000000000000 ) ) ;
#2328 = AXIS2_PLACEMENT_3D ( 'NONE', #545, #1100, #1808 ) ;
#2329 = ORIENTED_EDGE ( 'NONE', *, *, #1647, .T. ) ;
#2330 = FACE_OUTER_BOUND ( 'NONE', #1175, .T. ) ;
#2331 = AXIS2_PLACEMENT_3D ( 'NONE', #774, #1499, #2228 ) ;
#2332 = DIRECTION ( 'NONE',  ( -1.000000000000000000, 0.0000000000000000000, -0.0000000000000000000 ) ) ;
#2333 = DIRECTION ( 'NONE',  ( -1.000000000000000000, 0.0000000000000000000, -0.0000000000000000000 ) ) ;
#2334 = PLANE ( 'NONE',  #1891 ) ;
#2335 = CARTESIAN_POINT ( 'NONE',  ( 5.405000000000001137, -6.400000000000000355, 2.999999999999999112 ) ) ;
#2336 = DIRECTION ( 'NONE',  ( -0.0000000000000000000, -1.000000000000000000, 0.0000000000000000000 ) ) ;
#2337 = LINE ( 'NONE', #1409, #1034 ) ;
#2338 = NEXT_ASSEMBLY_USAGE_OCCURRENCE ( 'NAUO1', ' ', ' ', #1358, #2309, $ ) ;
#2339 = NEXT_ASSEMBLY_USAGE_OCCURRENCE ( 'NAUO2', ' ', ' ', #1358, #1604, $ ) ;
ENDSEC;
END-ISO-10303-21;
